<?xml version="1.0" encoding="utf-8"?>
<COLLADA xmlns="http://www.collada.org/2005/11/COLLADASchema" version="1.4.1" xmlns:xsi="http://www.w3.org/2001/XMLSchema-instance">
  <asset>
    <contributor>
      <author>Blender User</author>
      <authoring_tool>Blender 4.5.3 LTS commit date:2025-09-08, commit time:12:46, hash:67807e1800cc</authoring_tool>
    </contributor>
    <created>2026-08-24T15:33:39</created>
    <modified>2026-08-24T15:33:39</modified>
    <unit name="meter" meter="1"/>
    <up_axis>Z_UP</up_axis>
  </asset>
  <library_cameras>
    <camera id="Camera-camera" name="Camera">
      <optics>
        <technique_common>
          <perspective>
            <xfov sid="xfov">39.59775</xfov>
            <aspect_ratio>1.777778</aspect_ratio>
            <znear sid="znear">0.1</znear>
            <zfar sid="zfar">100</zfar>
          </perspective>
        </technique_common>
      </optics>
      <extra>
        <technique profile="blender">
          <shiftx sid="shiftx" type="float">0</shiftx>
          <shifty sid="shifty" type="float">0</shifty>
          <dof_distance sid="dof_distance" type="float">10</dof_distance>
        </technique>
      </extra>
    </camera>
  </library_cameras>
  <library_lights>
    <light id="Light-light" name="Light">
      <technique_common>
        <point>
          <color sid="color">1000 1000 1000</color>
          <constant_attenuation>1</constant_attenuation>
          <linear_attenuation>0</linear_attenuation>
          <quadratic_attenuation>0</quadratic_attenuation>
        </point>
      </technique_common>
      <extra>
        <technique profile="blender">
          <type sid="type" type="int">0</type>
          <flag sid="flag" type="int">0</flag>
          <mode sid="mode" type="int">2097153</mode>
          <red sid="red" type="float">1</red>
          <green sid="green" type="float">1</green>
          <blue sid="blue" type="float">1</blue>
          <energy sid="blender_energy" type="float">1000</energy>
          <spotsize sid="spotsize" type="float">75</spotsize>
          <spotblend sid="spotblend" type="float">0.15</spotblend>
          <clipsta sid="clipsta" type="float">0.04999995</clipsta>
          <clipend sid="clipend" type="float">40</clipend>
          <radius sid="radius" type="float">0.1</radius>
          <area_shape sid="area_shape" type="int">1</area_shape>
          <area_size sid="area_size" type="float">0.1</area_size>
          <area_sizey sid="area_sizey" type="float">0.1</area_sizey>
          <area_sizez sid="area_sizez" type="float">1</area_sizez>
        </technique>
      </extra>
    </light>
  </library_lights>
  <library_effects>
    <effect id="Material_018-effect">
      <profile_COMMON>
        <technique sid="common">
          <lambert>
            <emission>
              <color sid="emission">0 0 0 1</color>
            </emission>
            <diffuse>
              <color sid="diffuse">0.08972298 0.2540292 0.00298911 1</color>
            </diffuse>
            <index_of_refraction>
              <float sid="ior">1.5</float>
            </index_of_refraction>
          </lambert>
        </technique>
      </profile_COMMON>
    </effect>
    <effect id="Material_001-effect">
      <profile_COMMON>
        <technique sid="common">
          <lambert>
            <emission>
              <color sid="emission">0 0 0 1</color>
            </emission>
            <diffuse>
              <color sid="diffuse">1 1 1 1</color>
            </diffuse>
            <index_of_refraction>
              <float sid="ior">1.5</float>
            </index_of_refraction>
          </lambert>
        </technique>
      </profile_COMMON>
    </effect>
  </library_effects>
  <library_images/>
  <library_materials>
    <material id="Material_018-material" name="Material.018">
      <instance_effect url="#Material_018-effect"/>
    </material>
    <material id="Material_001-material" name="Material.001">
      <instance_effect url="#Material_001-effect"/>
    </material>
  </library_materials>
  <library_geometries>
    <geometry id="Cube_007-mesh" name="Cube.007">
      <mesh>
        <source id="Cube_007-mesh-positions">
          <float_array id="Cube_007-mesh-positions-array" count="24192">0.171755 0.1069586 0.06633907 0.171755 0.1069586 0.06633907 0.171755 0.1069586 0.06633907 0.001940906 0.04163795 -0.3634786 0.001940906 0.04163795 -0.3634786 0.001940906 0.04163795 -0.3634786 0.1728615 0.1056469 0.06567227 0.1728615 0.1056469 0.06567227 0.1728615 0.1056469 0.06567227 0.02595579 0.02295261 -0.3634786 0.02595579 0.02295261 -0.3634786 0.02595579 0.02295261 -0.3634786 0.171024 0.1060164 0.06723791 0.171024 0.1060164 0.06723791 0.171024 0.1060164 0.06723791 -0.01685672 0.01738458 -0.3634786 -0.01685672 0.01738458 -0.3634786 -0.01685672 0.01738458 -0.3634786 0.1721303 0.1047003 0.06655138 0.1721303 0.1047003 0.06655138 0.1721303 0.1047003 0.06655138 0.007162272 -0.001299798 -0.3634786 0.007162272 -0.001299798 -0.3634786 0.007162272 -0.001299798 -0.3634786 0.1299183 0.1285687 0.09104007 0.1299183 0.1285687 0.09104007 0.1299183 0.1285687 0.09104007 0.1299183 0.1285687 0.09104007 0.05030333 0.1163597 0.1240583 0.05030333 0.1163597 0.1240583 0.05030333 0.1163597 0.1240583 0.05030333 0.1163597 0.1240583 0.04282736 0.05202221 -0.1170126 0.04282736 0.05202221 -0.1170126 0.04282736 0.05202221 -0.1170126 0.04282736 0.05202221 -0.1170126 0.06293451 0.03574109 -0.1141544 0.06293451 0.03574109 -0.1141544 0.06293451 0.03574109 -0.1141544 0.06293451 0.03574109 -0.1141544 0.06741601 0.103152 0.1240781 0.06741601 0.103152 0.1240781 0.06741601 0.103152 0.1240781 0.06741601 0.103152 0.1240781 0.1372454 0.1219928 0.08696579 0.1372454 0.1219928 0.08696579 0.1372454 0.1219928 0.08696579 0.1372454 0.1219928 0.08696579 0.04681503 0.01273345 -0.1229029 0.04681503 0.01273345 -0.1229029 0.04681503 0.01273345 -0.1229029 0.04681503 0.01273345 -0.1229029 0.05426418 0.08601784 0.1240926 0.05426418 0.08601784 0.1240926 0.05426418 0.08601784 0.1240926 0.05426418 0.08601784 0.1240926 0.1330808 0.1168625 0.09211796 0.1330808 0.1168625 0.09211796 0.1330808 0.1168625 0.09211796 0.1330808 0.1168625 0.09211796 0.02668493 0.02905464 -0.1255049 0.02668493 0.02905464 -0.1255049 0.02668493 0.02905464 -0.1255049 0.02668493 0.02905464 -0.1255049 0.03715127 0.09922647 0.1240724 0.03715127 0.09922647 0.1240724 0.03715127 0.09922647 0.1240724 0.03715127 0.09922647 0.1240724 0.1257401 0.1235333 0.09666258 0.1257401 0.1235333 0.09666258 0.1257401 0.1235333 0.09666258 0.1257401 0.1235333 0.09666258 -0.02147978 -0.03958672 0.4504119 -0.02147978 -0.03958672 0.4504119 -0.02147978 -0.03958672 0.4504119 -0.01375746 -0.04811352 -0.3634786 -0.01375746 -0.04811352 -0.3634786 -0.01375746 -0.04811352 -0.3634786 -0.02321439 -0.0399174 0.4504119 -0.02321439 -0.0399174 0.4504119 -0.02321439 -0.0399174 0.4504119 -0.04537332 -0.0541715 -0.3634786 -0.04537332 -0.0541715 -0.3634786 -0.04537332 -0.0541715 -0.3634786 -0.02181059 -0.03785198 0.4504119 -0.02181059 -0.03785198 0.4504119 -0.02181059 -0.03785198 0.4504119 -0.01978236 -0.01651114 -0.3634786 -0.01978236 -0.01651114 -0.3634786 -0.01978236 -0.01651114 -0.3634786 -0.0235452 -0.03818291 0.4504119 -0.0235452 -0.03818291 0.4504119 -0.0235452 -0.03818291 0.4504119 -0.05139821 -0.02256888 -0.3634786 -0.05139821 -0.02256888 -0.3634786 -0.05139821 -0.02256888 -0.3634786 6.34819e-4 -0.05315726 0.3088651 6.34819e-4 -0.05315726 0.3088651 6.34819e-4 -0.05315726 0.3088651 6.34819e-4 -0.05315726 0.3088651 0.02546471 -0.0707795 0.08577173 0.02546471 -0.0707795 0.08577173 0.02546471 -0.0707795 0.08577173 0.02546471 -0.0707795 0.08577173 -0.01138371 -0.09061449 -0.1003522 -0.01138371 -0.09061449 -0.1003522 -0.01138371 -0.09061449 -0.1003522 -0.01138371 -0.09061449 -0.1003522 -0.04627525 -0.09708946 -0.1003376 -0.04627525 -0.09708946 -0.1003376 -0.04627525 -0.09708946 -0.1003376 -0.04627525 -0.09708946 -0.1003376 0.003290057 -0.07544034 0.08668279 0.003290057 -0.07544034 0.08668279 0.003290057 -0.07544034 0.08668279 0.003290057 -0.07544034 0.08668279 -0.009097456 -0.05502957 0.3088628 -0.009097456 -0.05502957 0.3088628 -0.009097456 -0.05502957 0.3088628 -0.009097456 -0.05502957 0.3088628 -0.05282402 -0.06249016 -0.1003406 -0.05282402 -0.06249016 -0.1003406 -0.05282402 -0.06249016 -0.1003406 -0.05282402 -0.06249016 -0.1003406 -9.78172e-4 -0.05327123 0.08664405 -9.78172e-4 -0.05327123 0.08664405 -9.78172e-4 -0.05327123 0.08664405 -9.78172e-4 -0.05327123 0.08664405 -0.010935 -0.04528921 0.3088606 -0.010935 -0.04528921 0.3088606 -0.010935 -0.04528921 0.3088606 -0.010935 -0.04528921 0.3088606 -0.01792854 -0.0560171 -0.1003553 -0.01792854 -0.0560171 -0.1003553 -0.01792854 -0.0560171 -0.1003553 -0.01792854 -0.0560171 -0.1003553 0.02120536 -0.04870527 0.08572214 0.02120536 -0.04870527 0.08572214 0.02120536 -0.04870527 0.08572214 0.02120536 -0.04870527 0.08572214 -0.001203119 -0.04341667 0.3088629 -0.001203119 -0.04341667 0.3088629 -0.001203119 -0.04341667 0.3088629 -0.001203119 -0.04341667 0.3088629 -0.003649234 0.06001925 0.3181753 -0.003649234 0.06001925 0.3181753 -0.003649234 0.06001925 0.3181753 0.01770353 -0.009842336 -0.3634786 0.01770353 -0.009842336 -0.3634786 0.01770353 -0.009842336 -0.3634786 -0.005453348 0.05966591 0.318198 -0.005453348 0.05966591 0.318198 -0.005453348 0.05966591 0.318198 -0.01522004 -0.01612204 -0.3634786 -0.01522004 -0.01612204 -0.3634786 -0.01522004 -0.01612204 -0.3634786 -0.003991723 0.06181573 0.3181979 -0.003991723 0.06181573 0.3181979 -0.003991723 0.06181573 0.3181979 0.01142662 0.02308231 -0.3634786 0.01142662 0.02308231 -0.3634786 0.01142662 0.02308231 -0.3634786 -0.005795836 0.06146192 0.3182204 -0.005795836 0.06146192 0.3182204 -0.005795836 0.06146192 0.3182204 -0.02149701 0.01680284 -0.3634786 -0.02149701 0.01680284 -0.3634786 -0.02149701 0.01680284 -0.3634786 0.03915041 0.06591534 0.2727295 0.03915041 0.06591534 0.2727295 0.03915041 0.06591534 0.2727295 0.03915041 0.06591534 0.2727295 0.09024667 0.001167297 0.07173502 0.09024667 0.001167297 0.07173502 0.09024667 0.001167297 0.07173502 0.09024667 0.001167297 0.07173502 0.01384031 0.001007556 -0.1005634 0.01384031 0.001007556 -0.1005634 0.01384031 0.001007556 -0.1005634 0.01384031 0.001007556 -0.1005634 -0.01557111 -0.004814326 -0.1001797 -0.01557111 -0.004814326 -0.1001797 -0.01557111 -0.004814326 -0.1001797 -0.01557111 -0.004814326 -0.1001797 0.06699502 -0.003024995 0.07176893 0.06699502 -0.003024995 0.07176893 0.06699502 -0.003024995 0.07176893 0.06699502 -0.003024995 0.07176893 0.02948981 0.06841921 0.2723221 0.02948981 0.06841921 0.2723221 0.02948981 0.06841921 0.2723221 0.02948981 0.06841921 0.2723221 -0.02157264 0.0236237 -0.09989565 -0.02157264 0.0236237 -0.09989565 -0.02157264 0.0236237 -0.09989565 -0.02157264 0.0236237 -0.09989565 0.06247949 0.02001953 0.07176965 0.06247949 0.02001953 0.07176965 0.06247949 0.02001953 0.07176965 0.06247949 0.02001953 0.07176965 0.02683728 0.07349157 0.2706457 0.02683728 0.07349157 0.2706457 0.02683728 0.07349157 0.2706457 0.02683728 0.07349157 0.2706457 0.007813036 0.02943301 -0.1002654 0.007813036 0.02943301 -0.1002654 0.007813036 0.02943301 -0.1002654 0.007813036 0.02943301 -0.1002654 0.08577877 0.02443575 0.07175058 0.08577877 0.02443575 0.07175058 0.08577877 0.02443575 0.07175058 0.08577877 0.02443575 0.07175058 0.03649777 0.07083415 0.2710145 0.03649777 0.07083415 0.2710145 0.03649777 0.07083415 0.2710145 0.03649777 0.07083415 0.2710145 -0.04256647 -0.006067454 0.400947 -0.04256647 -0.006067454 0.400947 -0.04256647 -0.006067454 0.400947 -0.04585796 -0.01587456 -0.3634786 -0.04585796 -0.01587456 -0.3634786 -0.04585796 -0.01587456 -0.3634786 -0.04358881 -0.004852235 0.400947 -0.04358881 -0.004852235 0.400947 -0.04358881 -0.004852235 0.400947 -0.06451469 0.006258308 -0.3634786 -0.06451469 0.006258308 -0.3634786 -0.06451469 0.006258308 -0.3634786 -0.04135143 -0.005045115 0.400947 -0.04135143 -0.005045115 0.400947 -0.04135143 -0.005045115 0.400947 -0.02372092 0.002750456 -0.3634786 -0.02372092 0.002750456 -0.3634786 -0.02372092 0.002750456 -0.3634786 -0.04237377 -0.003829896 0.400947 -0.04237377 -0.003829896 0.400947 -0.04237377 -0.003829896 0.400947 -0.04237776 0.02488332 -0.3634786 -0.04237776 0.02488332 -0.3634786 -0.04237776 0.02488332 -0.3634786 -0.04348385 -0.02938121 0.2736633 -0.04348385 -0.02938121 0.2736633 -0.04348385 -0.02938121 0.2736633 -0.04348385 -0.02938121 0.2736633 -0.04644602 -0.05651921 0.0727058 -0.04644602 -0.05651921 0.0727058 -0.04644602 -0.05651921 0.0727058 -0.04644602 -0.05651921 0.0727058 -0.07775765 -0.03185242 -0.09431791 -0.07775765 -0.03185242 -0.09431791 -0.07775765 -0.03185242 -0.09431791 -0.07775765 -0.03185242 -0.09431791 -0.09401571 -0.01233547 -0.09430754 -0.09401571 -0.01233547 -0.09430754 -0.09401571 -0.01233547 -0.09430754 -0.09401571 -0.01233547 -0.09430754 -0.05990523 -0.04107898 0.07272452 -0.05990523 -0.04107898 0.07272452 -0.05990523 -0.04107898 0.07272452 -0.05990523 -0.04107898 0.07272452 -0.0492329 -0.0225715 0.2736612 -0.0492329 -0.0225715 0.2736612 -0.0492329 -0.0225715 0.2736612 -0.0492329 -0.0225715 0.2736612 -0.07470709 0.003866195 -0.09430962 -0.07470709 0.003866195 -0.09430962 -0.07470709 0.003866195 -0.09430962 -0.07470709 0.003866195 -0.09430962 -0.04449099 -0.02807396 0.07273828 -0.04449099 -0.02807396 0.07273828 -0.04449099 -0.02807396 0.07273828 -0.04449099 -0.02807396 0.07273828 -0.04240137 -0.01684612 0.2736592 -0.04240137 -0.01684612 0.2736592 -0.04240137 -0.01684612 0.2736592 -0.04240137 -0.01684612 0.2736592 -0.05844885 -0.01565378 -0.09432011 -0.05844885 -0.01565378 -0.09432011 -0.05844885 -0.01565378 -0.09432011 -0.05844885 -0.01565378 -0.09432011 -0.03102201 -0.0435068 0.07271921 -0.03102201 -0.0435068 0.07271921 -0.03102201 -0.0435068 0.07271921 -0.03102201 -0.0435068 0.07271921 -0.03665226 -0.02365559 0.2736613 -0.03665226 -0.02365559 0.2736613 -0.03665226 -0.02365559 0.2736613 -0.03665226 -0.02365559 0.2736613 0.04340028 0.0237565 0.2820353 0.04340028 0.0237565 0.2820353 0.04340028 0.0237565 0.2820353 -0.002003133 -0.02371805 -0.3634786 -0.002003133 -0.02371805 -0.3634786 -0.002003133 -0.02371805 -0.3634786 0.04232966 0.02501606 0.2820557 0.04232966 0.02501606 0.2820557 0.04232966 0.02501606 0.2820557 -0.02140897 -6.56784e-4 -0.3634786 -0.02140897 -6.56784e-4 -0.3634786 -0.02140897 -6.56784e-4 -0.3634786 0.04465866 0.02481532 0.2820557 0.04465866 0.02481532 0.2820557 0.04465866 0.02481532 0.2820557 0.02105998 -0.004313886 -0.3634786 0.02105998 -0.004313886 -0.3634786 0.02105998 -0.004313886 -0.3634786 0.04358768 0.02607464 0.282076 0.04358768 0.02607464 0.282076 0.04358768 0.02607464 0.282076 0.001654148 0.01874738 -0.3634786 0.001654148 0.01874738 -0.3634786 0.001654148 0.01874738 -0.3634786 0.06684911 -0.007219493 0.2411689 0.06684911 -0.007219493 0.2411689 0.06684911 -0.007219493 0.2411689 0.06684911 -0.007219493 0.2411689 0.03853833 -0.07577365 0.06042778 0.03853833 -0.07577365 0.06042778 0.03853833 -0.07577365 0.06042778 0.03853833 -0.07577365 0.06042778 0.00480777 -0.01591581 -0.09450888 0.00480777 -0.01591581 -0.09450888 0.00480777 -0.01591581 -0.09450888 0.00480777 -0.01591581 -0.09450888 -0.01269435 0.004591941 -0.09416395 -0.01269435 0.004591941 -0.09416395 -0.01269435 0.004591941 -0.09416395 -0.01269435 0.004591941 -0.09416395 0.02502351 -0.05938047 0.06045824 0.02502351 -0.05938047 0.06045824 0.02502351 -0.05938047 0.06045824 0.02502351 -0.05938047 0.06045824 0.06456398 0.001458883 0.2408025 0.06456398 0.001458883 0.2408025 0.06456398 0.001458883 0.2408025 0.06456398 0.001458883 0.2408025 0.006970882 0.02180671 -0.09390848 0.006970882 0.02180671 -0.09390848 0.006970882 0.02180671 -0.09390848 0.006970882 0.02180671 -0.09390848 0.041112 -0.04570335 0.06045889 0.041112 -0.04570335 0.06045889 0.041112 -0.04570335 0.06045889 0.041112 -0.04570335 0.06045889 0.0673756 0.005770206 0.239295 0.0673756 0.005770206 0.239295 0.0673756 0.005770206 0.239295 0.0673756 0.005770206 0.239295 0.02445185 0.001313686 -0.09424096 0.02445185 0.001313686 -0.09424096 0.02445185 0.001313686 -0.09424096 0.02445185 0.001313686 -0.09424096 0.05482351 -0.06203526 0.06044179 0.05482351 -0.06203526 0.06044179 0.05482351 -0.06203526 0.06044179 0.05482351 -0.06203526 0.06044179 0.06954032 -0.002975404 0.2396267 0.06954032 -0.002975404 0.2396267 0.06954032 -0.002975404 0.2396267 0.06954032 -0.002975404 0.2396267 -0.0589165 0.02677011 0.1880503 -0.0589165 0.02677011 0.1880503 -0.0589165 0.02677011 0.1880503 -0.06462973 0.02776914 -0.3634786 -0.06462973 0.02776914 -0.3634786 -0.06462973 0.02776914 -0.3634786 -0.05807524 0.02747797 0.1880503 -0.05807524 0.02747797 0.1880503 -0.05807524 0.02747797 0.1880503 -0.04929453 0.04067355 -0.3634786 -0.04929453 0.04067355 -0.3634786 -0.04929453 0.04067355 -0.3634786 -0.05820864 0.02592897 0.1880503 -0.05820864 0.02592897 0.1880503 -0.05820864 0.02592897 0.1880503 -0.05172634 0.01243263 -0.3634786 -0.05172634 0.01243263 -0.3634786 -0.05172634 0.01243263 -0.3634786 -0.05736738 0.02663683 0.1880503 -0.05736738 0.02663683 0.1880503 -0.05736738 0.02663683 0.1880503 -0.03639113 0.02533704 -0.3634786 -0.03639113 0.02533704 -0.3634786 -0.03639113 0.02533704 -0.3634786 -0.07497143 0.02741098 0.09992694 -0.07497143 0.02741098 0.09992694 -0.07497143 0.02741098 0.09992694 -0.07497143 0.02741098 0.09992694 -0.07725387 0.05111002 -0.02458941 -0.07725387 0.05111002 -0.02458941 -0.07725387 0.05111002 -0.02458941 -0.07725387 0.05111002 -0.02458941 -0.06954807 0.0616095 -0.1588665 -0.06954807 0.0616095 -0.1588665 -0.06954807 0.0616095 -0.1588665 -0.06954807 0.0616095 -0.1588665 -0.05618095 0.07285666 -0.1588664 -0.05618095 0.07285666 -0.1588664 -0.05618095 0.07285666 -0.1588664 -0.05618095 0.07285666 -0.1588664 -0.06639176 0.06022477 -0.02457642 -0.06639176 0.06022477 -0.02457642 -0.06639176 0.06022477 -0.02457642 -0.06639176 0.06022477 -0.02457642 -0.07025635 0.03139138 0.09992551 -0.07025635 0.03139138 0.09992551 -0.07025635 0.03139138 0.09992551 -0.07025635 0.03139138 0.09992551 -0.04493349 0.05948996 -0.1588664 -0.04493349 0.05948996 -0.1588664 -0.04493349 0.05948996 -0.1588664 -0.04493349 0.05948996 -0.1588664 -0.05725556 0.04939556 -0.02456694 -0.05725556 0.04939556 -0.02456694 -0.05725556 0.04939556 -0.02456694 -0.05725556 0.04939556 -0.02456694 -0.06628835 0.02666163 0.09992432 -0.06628835 0.02666163 0.09992432 -0.06628835 0.02666163 0.09992432 -0.06628835 0.02666163 0.09992432 -0.05830055 0.0482428 -0.1588664 -0.05830055 0.0482428 -0.1588664 -0.05830055 0.0482428 -0.1588664 -0.05830055 0.0482428 -0.1588664 -0.06811815 0.04028081 -0.02458012 -0.06811815 0.04028081 -0.02458012 -0.06811815 0.04028081 -0.02458012 -0.06811815 0.04028081 -0.02458012 -0.07100301 0.02268123 0.09992581 -0.07100301 0.02268123 0.09992581 -0.07100301 0.02268123 0.09992581 -0.07100301 0.02268123 0.09992581 -0.0622242 -0.03758448 0.2136586 -0.0622242 -0.03758448 0.2136586 -0.0622242 -0.03758448 0.2136586 -0.06630069 -0.04258269 -0.3634786 -0.06630069 -0.04258269 -0.3634786 -0.06630069 -0.04258269 -0.3634786 -0.06245321 -0.03638356 0.2136586 -0.06245321 -0.03638356 0.2136586 -0.06245321 -0.03638356 0.2136586 -0.07047641 -0.02068918 -0.3634786 -0.07047641 -0.02068918 -0.3634786 -0.07047641 -0.02068918 -0.3634786 -0.06102317 -0.03735536 0.2136586 -0.06102317 -0.03735536 0.2136586 -0.06102317 -0.03735536 0.2136586 -0.04440653 -0.03840869 -0.3634786 -0.04440653 -0.03840869 -0.3634786 -0.04440653 -0.03840869 -0.3634786 -0.06125223 -0.03615444 0.2136586 -0.06125223 -0.03615444 0.2136586 -0.06125223 -0.03615444 0.2136586 -0.04858225 -0.01651519 -0.3634786 -0.04858225 -0.01651519 -0.3634786 -0.04858225 -0.01651519 -0.3634786 -0.07157826 -0.0528087 0.1156605 -0.07157826 -0.0528087 0.1156605 -0.07157826 -0.0528087 0.1156605 -0.07157826 -0.0528087 0.1156605 -0.09580689 -0.04213207 -0.0228089 -0.09580689 -0.04213207 -0.0228089 -0.09580689 -0.04213207 -0.0228089 -0.09580689 -0.04213207 -0.0228089 -0.1017997 -0.02894681 -0.1721326 -0.1017997 -0.02894681 -0.1721326 -0.1017997 -0.02894681 -0.1721326 -0.1017997 -0.02894681 -0.1721326 -0.1054385 -0.009863793 -0.1721326 -0.1054385 -0.009863793 -0.1721326 -0.1054385 -0.009863793 -0.1721326 -0.1054385 -0.009863793 -0.1721326 -0.09873974 -0.02663868 -0.02279442 -0.09873974 -0.02663868 -0.02279442 -0.09873974 -0.02663868 -0.02279442 -0.09873974 -0.02663868 -0.02279442 -0.0728746 -0.04607003 0.1156589 -0.0728746 -0.04607003 0.1156589 -0.0728746 -0.04607003 0.1156589 -0.0728746 -0.04607003 0.1156589 -0.0863555 -0.006224572 -0.1721326 -0.0863555 -0.006224572 -0.1721326 -0.0863555 -0.006224572 -0.1721326 -0.0863555 -0.006224572 -0.1721326 -0.08326643 -0.02366703 -0.02278387 -0.08326643 -0.02366703 -0.02278387 -0.08326643 -0.02366703 -0.02278387 -0.08326643 -0.02366703 -0.02278387 -0.06612873 -0.04479378 0.1156576 -0.06612873 -0.04479378 0.1156576 -0.06612873 -0.04479378 0.1156576 -0.06612873 -0.04479378 0.1156576 -0.08271676 -0.02530783 -0.1721326 -0.08271676 -0.02530783 -0.1721326 -0.08271676 -0.02530783 -0.1721326 -0.08271676 -0.02530783 -0.1721326 -0.08033382 -0.03916114 -0.02279853 -0.08033382 -0.03916114 -0.02279853 -0.08033382 -0.03916114 -0.02279853 -0.08033382 -0.03916114 -0.02279853 -0.06483215 -0.05153197 0.1156592 -0.06483215 -0.05153197 0.1156592 -0.06483215 -0.05153197 0.1156592 -0.06483215 -0.05153197 0.1156592 0.12178 -0.07951205 -0.07090353 0.12178 -0.07951205 -0.07090353 0.12178 -0.07951205 -0.07090353 0.02767974 0.009546101 -0.3634786 0.02767974 0.009546101 -0.3634786 0.02767974 0.009546101 -0.3634786 0.1214485 -0.08051413 -0.0705111 0.1214485 -0.08051413 -0.0705111 0.1214485 -0.08051413 -0.0705111 0.0244615 -0.01172465 -0.3634786 0.0244615 -0.01172465 -0.3634786 0.0244615 -0.01172465 -0.3634786 0.1208197 -0.07956594 -0.07142311 0.1208197 -0.07956594 -0.07142311 0.1208197 -0.07956594 -0.07142311 0.006223261 0.01275116 -0.3634786 0.006223261 0.01275116 -0.3634786 0.006223261 0.01275116 -0.3634786 0.120487 -0.08056706 -0.07102811 0.120487 -0.08056706 -0.07102811 0.120487 -0.08056706 -0.07102811 0.003007113 -0.008521735 -0.3634786 0.003007113 -0.008521735 -0.3634786 0.003007113 -0.008521735 -0.3634786 0.1150538 -0.0541312 -0.1044004 0.1150538 -0.0541312 -0.1044004 0.1150538 -0.0541312 -0.1044004 0.1150538 -0.0541312 -0.1044004 0.07530152 -0.01588743 -0.1238732 0.07530152 -0.01588743 -0.1238732 0.07530152 -0.01588743 -0.1238732 0.07530152 -0.01588743 -0.1238732 0.04279297 -0.01974719 -0.2053341 0.04279297 -0.01974719 -0.2053341 0.04279297 -0.01974719 -0.2053341 0.04279297 -0.01974719 -0.2053341 0.03961908 -0.03789967 -0.2041071 0.03961908 -0.03789967 -0.2041071 0.03961908 -0.03789967 -0.2041071 0.03961908 -0.03789967 -0.2041071 0.07307434 -0.03100746 -0.1238592 0.07307434 -0.03100746 -0.1238592 0.07307434 -0.03100746 -0.1238592 0.07307434 -0.03100746 -0.1238592 0.1138957 -0.06041043 -0.1039674 0.1138957 -0.06041043 -0.1039674 0.1138957 -0.06041043 -0.1039674 0.1138957 -0.06041043 -0.1039674 0.02063757 -0.03481239 -0.2031702 0.02063757 -0.03481239 -0.2031702 0.02063757 -0.03481239 -0.2031702 0.02063757 -0.03481239 -0.2031702 0.05796045 -0.02882236 -0.1238489 0.05796045 -0.02882236 -0.1238489 0.05796045 -0.02882236 -0.1238489 0.05796045 -0.02882236 -0.1238489 0.1085448 -0.06067198 -0.1071415 0.1085448 -0.06067198 -0.1071415 0.1085448 -0.06067198 -0.1071415 0.1085448 -0.06067198 -0.1071415 0.02380967 -0.01665824 -0.2043848 0.02380967 -0.01665824 -0.2043848 0.02380967 -0.01665824 -0.2043848 0.02380967 -0.01665824 -0.2043848 0.06018799 -0.01370185 -0.1238632 0.06018799 -0.01370185 -0.1238632 0.06018799 -0.01370185 -0.1238632 0.06018799 -0.01370185 -0.1238632 0.1097166 -0.05440849 -0.1076094 0.1097166 -0.05440849 -0.1076094 0.1097166 -0.05440849 -0.1076094 0.1097166 -0.05440849 -0.1076094 0.2044838 -0.606947 0.1116974 0.2044838 -0.606947 0.1116974 0.2044838 -0.606947 0.1116974 0.01347798 -0.7287283 -0.3634787 0.01347798 -0.7287283 -0.3634787 0.01347798 -0.7287283 -0.3634787 0.206159 -0.6082733 0.1108672 0.206159 -0.6082733 0.1108672 0.206159 -0.6082733 0.1108672 0.04740947 -0.7455754 -0.3634787 0.04740947 -0.7455754 -0.3634787 0.04740947 -0.7455754 -0.3634787 0.2038254 -0.6082778 0.1128165 0.2038254 -0.6082778 0.1128165 0.2038254 -0.6082778 0.1128165 -0.003446996 -0.7629786 -0.3634787 -0.003446996 -0.7629786 -0.3634787 -0.003446996 -0.7629786 -0.3634787 0.2055013 -0.6096094 0.1119617 0.2055013 -0.6096094 0.1119617 0.2055013 -0.6096094 0.1119617 0.03048926 -0.7798235 -0.3634787 0.03048926 -0.7798235 -0.3634787 0.03048926 -0.7798235 -0.3634787 0.1480828 -0.590948 0.1424509 0.1480828 -0.590948 0.1424509 0.1480828 -0.590948 0.1424509 0.1480828 -0.590948 0.1424509 0.05396878 -0.625574 0.1835595 0.05396878 -0.625574 0.1835595 0.05396878 -0.625574 0.1835595 0.05396878 -0.625574 0.1835595 0.06079095 -0.705926 -0.1165809 0.06079095 -0.705926 -0.1165809 0.06079095 -0.705926 -0.1165809 0.06079095 -0.705926 -0.1165809 0.08935868 -0.720808 -0.1130224 0.08935868 -0.720808 -0.1130224 0.08935868 -0.720808 -0.1130224 0.08935868 -0.720808 -0.1130224 0.0781213 -0.6374482 0.1835842 0.0781213 -0.6374482 0.1835842 0.0781213 -0.6374482 0.1835842 0.0781213 -0.6374482 0.1835842 0.1586524 -0.5971555 0.1373783 0.1586524 -0.5971555 0.1373783 0.1586524 -0.5971555 0.1373783 0.1586524 -0.5971555 0.1373783 0.07539266 -0.7528747 -0.1239145 0.07539266 -0.7528747 -0.1239145 0.07539266 -0.7528747 -0.1239145 0.07539266 -0.7528747 -0.1239145 0.06632059 -0.6616131 0.1836022 0.06632059 -0.6616131 0.1836022 0.06632059 -0.6616131 0.1836022 0.06632059 -0.6616131 0.1836022 0.1548424 -0.6044471 0.1437928 0.1548424 -0.6044471 0.1437928 0.1548424 -0.6044471 0.1437928 0.1548424 -0.6044471 0.1437928 0.04678702 -0.7379494 -0.1271541 0.04678702 -0.7379494 -0.1271541 0.04678702 -0.7379494 -0.1271541 0.04678702 -0.7379494 -0.1271541 0.04216754 -0.6497378 0.1835771 0.04216754 -0.6497378 0.1835771 0.04216754 -0.6497378 0.1835771 0.04216754 -0.6497378 0.1835771 0.1442327 -0.5981272 0.1494511 0.1442327 -0.5981272 0.1494511 0.1442327 -0.5981272 0.1494511 0.1442327 -0.5981272 0.1494511 0.005030572 -0.8336359 0.5898795 0.005030572 -0.8336359 0.5898795 0.005030572 -0.8336359 0.5898795 0.01656585 -0.8421259 -0.3634787 0.01656585 -0.8421259 -0.3634787 0.01656585 -0.8421259 -0.3634787 0.002996087 -0.8344693 0.5898795 0.002996087 -0.8344693 0.5898795 0.002996087 -0.8344693 0.5898795 -0.02050793 -0.8573522 -0.3634787 -0.02050793 -0.8573522 -0.3634787 -0.02050793 -0.8573522 -0.3634787 0.00419712 -0.8316013 0.5898795 0.00419712 -0.8316013 0.5898795 0.00419712 -0.8316013 0.5898795 0.001383244 -0.8050604 -0.3634787 0.001383244 -0.8050604 -0.3634787 0.001383244 -0.8050604 -0.3634787 0.002162694 -0.832435 0.5898795 0.002162694 -0.832435 0.5898795 0.002162694 -0.832435 0.5898795 -0.03569066 -0.8202863 -0.3634787 -0.03569066 -0.8202863 -0.3634787 -0.03569066 -0.8202863 -0.3634787 0.03537601 -0.8447133 0.4136495 0.03537601 -0.8447133 0.4136495 0.03537601 -0.8447133 0.4136495 0.03537601 -0.8447133 0.4136495 0.07003843 -0.8600612 0.1358916 0.07003843 -0.8600612 0.1358916 0.07003843 -0.8600612 0.1358916 0.07003843 -0.8600612 0.1358916 0.02999442 -0.8933939 -0.09583818 0.02999442 -0.8933939 -0.09583818 0.02999442 -0.8933939 -0.09583818 0.02999442 -0.8933939 -0.09583818 -0.01097273 -0.9099407 -0.09582012 -0.01097273 -0.9099407 -0.09582012 -0.01097273 -0.9099407 -0.09582012 -0.01097273 -0.9099407 -0.09582012 0.04413777 -0.8712433 0.1370259 0.04413777 -0.8712433 0.1370259 0.04413777 -0.8712433 0.1370259 0.04413777 -0.8712433 0.1370259 0.02396541 -0.8494095 0.4136466 0.02396541 -0.8494095 0.4136466 0.02396541 -0.8494095 0.4136466 0.02396541 -0.8494095 0.4136466 -0.02753722 -0.8693484 -0.0958237 -0.02753722 -0.8693484 -0.0958237 -0.02753722 -0.8693484 -0.0958237 -0.02753722 -0.8693484 -0.0958237 0.03343617 -0.845252 0.1369777 0.03343617 -0.845252 0.1369777 0.03343617 -0.845252 0.1369777 0.03343617 -0.845252 0.1369777 0.01930963 -0.8379805 0.4136438 0.01930963 -0.8379805 0.4136438 0.01930963 -0.8379805 0.4136438 0.01930963 -0.8379805 0.4136438 0.01343524 -0.8528029 -0.09584206 0.01343524 -0.8528029 -0.09584206 0.01343524 -0.8528029 -0.09584206 0.01343524 -0.8528029 -0.09584206 0.05937129 -0.8341836 0.1358299 0.05937129 -0.8341836 0.1358299 0.05937129 -0.8341836 0.1358299 0.05937129 -0.8341836 0.1358299 0.03071969 -0.8332841 0.4136468 0.03071969 -0.8332841 0.4136468 0.03071969 -0.8332841 0.4136468 0.03071969 -0.8332841 0.4136468 0.002102196 -0.7076862 0.4252409 0.002102196 -0.7076862 0.4252409 0.002102196 -0.7076862 0.4252409 0.04546785 -0.7876341 -0.3634787 0.04546785 -0.7876341 -0.3634787 0.04546785 -0.7876341 -0.3634787 -1.14143e-5 -0.7085644 0.4252692 -1.14143e-5 -0.7085644 0.4252692 -1.14143e-5 -0.7085644 0.4252692 0.006853342 -0.803455 -0.3634787 0.006853342 -0.803455 -0.3634787 0.006853342 -0.803455 -0.3634787 0.00123912 -0.7055792 0.4252691 0.00123912 -0.7055792 0.4252691 0.00123912 -0.7055792 0.4252691 0.02965009 -0.7490177 -0.3634787 0.02965009 -0.7490177 -0.3634787 0.02965009 -0.7490177 -0.3634787 -8.7443e-4 -0.7064579 0.4252971 -8.7443e-4 -0.7064579 0.4252971 -8.7443e-4 -0.7064579 0.4252971 -0.008964538 -0.7648383 -0.3634787 -0.008964538 -0.7648383 -0.3634787 -0.008964538 -0.7648383 -0.3634787 0.05286175 -0.6898859 0.3686595 0.05286175 -0.6898859 0.3686595 0.05286175 -0.6898859 0.3686595 0.05286175 -0.6898859 0.3686595 0.1312506 -0.7562238 0.1184155 0.1312506 -0.7562238 0.1184155 0.1312506 -0.7562238 0.1184155 0.1312506 -0.7562238 0.1184155 0.03806543 -0.7753533 -0.09610116 0.03806543 -0.7753533 -0.09610116 0.03806543 -0.7753533 -0.09610116 0.03806543 -0.7753533 -0.09610116 0.00362277 -0.7897453 -0.09562355 0.00362277 -0.7897453 -0.09562355 0.00362277 -0.7897453 -0.09562355 0.00362277 -0.7897453 -0.09562355 0.1039198 -0.767101 0.1184577 0.1039198 -0.767101 0.1184577 0.1039198 -0.767101 0.1184577 0.1039198 -0.767101 0.1184577 0.04045414 -0.6892249 0.3681523 0.04045414 -0.6892249 0.3681523 0.04045414 -0.6892249 0.3681523 0.04045414 -0.6892249 0.3681523 -0.01074707 -0.7565348 -0.09526979 -0.01074707 -0.7565348 -0.09526979 -0.01074707 -0.7565348 -0.09526979 -0.01074707 -0.7565348 -0.09526979 0.09269958 -0.740103 0.1184586 0.09269958 -0.740103 0.1184586 0.09269958 -0.740103 0.1184586 0.09269958 -0.740103 0.1184586 0.03596073 -0.6836934 0.3660652 0.03596073 -0.6836934 0.3660652 0.03596073 -0.6836934 0.3660652 0.03596073 -0.6836934 0.3660652 0.02366727 -0.7421645 -0.09573018 0.02366727 -0.7421645 -0.09573018 0.02366727 -0.7421645 -0.09573018 0.02366727 -0.7421645 -0.09573018 0.120033 -0.7289407 0.1184349 0.120033 -0.7289407 0.1184349 0.120033 -0.7289407 0.1184349 0.120033 -0.7289407 0.1184349 0.04840624 -0.6845417 0.3665243 0.04840624 -0.6845417 0.3665243 0.04840624 -0.6845417 0.3665243 0.04840624 -0.6845417 0.3665243 -0.02900415 -0.797964 0.5282942 -0.02900415 -0.797964 0.5282942 -0.02900415 -0.797964 0.5282942 -0.03058981 -0.8107455 -0.3634787 -0.03058981 -0.8107455 -0.3634787 -0.03058981 -0.8107455 -0.3634787 -0.03055268 -0.7967347 0.5282942 -0.03055268 -0.7967347 0.5282942 -0.03055268 -0.7967347 0.5282942 -0.05883806 -0.7883642 -0.3634787 -0.05883806 -0.7883642 -0.3634787 -0.05883806 -0.7883642 -0.3634787 -0.02777504 -0.7964156 0.5282942 -0.02777504 -0.7964156 0.5282942 -0.02777504 -0.7964156 0.5282942 -0.008195579 -0.782535 -0.3634787 -0.008195579 -0.782535 -0.3634787 -0.008195579 -0.782535 -0.3634787 -0.02932351 -0.7951862 0.5282942 -0.02932351 -0.7951862 0.5282942 -0.02932351 -0.7951862 0.5282942 -0.03644394 -0.7601537 -0.3634787 -0.03644394 -0.7601537 -0.3634787 -0.03644394 -0.7601537 -0.3634787 -0.02434599 -0.8266369 0.3698222 -0.02434599 -0.8266369 0.3698222 -0.02434599 -0.8266369 0.3698222 -0.02434599 -0.8266369 0.3698222 -0.02123504 -0.8604825 0.1196241 -0.02123504 -0.8604825 0.1196241 -0.02123504 -0.8604825 0.1196241 -0.02123504 -0.8604825 0.1196241 -0.06555163 -0.8381456 -0.08832538 -0.06555163 -0.8381456 -0.08832538 -0.06555163 -0.8381456 -0.08832538 -0.06555163 -0.8381456 -0.08832538 -0.09022498 -0.8183616 -0.08831244 -0.09022498 -0.8183616 -0.08831244 -0.09022498 -0.8183616 -0.08831244 -0.09022498 -0.8183616 -0.08831244 -0.0414831 -0.844979 0.1196475 -0.0414831 -0.844979 0.1196475 -0.0414831 -0.844979 0.1196475 -0.0414831 -0.844979 0.1196475 -0.03304803 -0.819753 0.3698195 -0.03304803 -0.819753 0.3698195 -0.03304803 -0.819753 0.3698195 -0.03304803 -0.819753 0.3698195 -0.07068121 -0.7938086 -0.08831501 -0.07068121 -0.7938086 -0.08831501 -0.07068121 -0.7938086 -0.08831501 -0.07068121 -0.7938086 -0.08831501 -0.02589875 -0.8252915 0.1196646 -0.02589875 -0.8252915 0.1196646 -0.02589875 -0.8252915 0.1196646 -0.02589875 -0.8252915 0.1196646 -0.02613162 -0.8110744 0.369817 -0.02613162 -0.8110744 0.369817 -0.02613162 -0.8110744 0.369817 -0.02613162 -0.8110744 0.369817 -0.04600691 -0.8135964 -0.08832812 -0.04600691 -0.8135964 -0.08832812 -0.04600691 -0.8135964 -0.08832812 -0.04600691 -0.8135964 -0.08832812 -0.005640566 -0.8407836 0.1196409 -0.005640566 -0.8407836 0.1196409 -0.005640566 -0.8407836 0.1196409 -0.005640566 -0.8407836 0.1196409 -0.01742953 -0.8179581 0.3698197 -0.01742953 -0.8179581 0.3698197 -0.01742953 -0.8179581 0.3698197 -0.01742953 -0.8179581 0.3698197 0.06849455 -0.7402715 0.3802455 0.06849455 -0.7402715 0.3802455 0.06849455 -0.7402715 0.3802455 0.02486193 -0.8094477 -0.3634787 0.02486193 -0.8094477 -0.3634787 0.02486193 -0.8094477 -0.3634787 0.06687617 -0.739 0.380271 0.06687617 -0.739 0.380271 0.06687617 -0.739 0.380271 -0.00453037 -0.7861193 -0.3634787 -0.00453037 -0.7861193 -0.3634787 -0.00453037 -0.7861193 -0.3634787 0.06976759 -0.7386677 0.3802709 0.06976759 -0.7386677 0.3802709 0.06976759 -0.7386677 0.3802709 0.04819309 -0.780057 -0.3634787 0.04819309 -0.780057 -0.3634787 0.04819309 -0.780057 -0.3634787 0.06814873 -0.7373966 0.3802961 0.06814873 -0.7373966 0.3802961 0.06814873 -0.7373966 0.3802961 0.01880079 -0.7567285 -0.3634787 0.01880079 -0.7567285 -0.3634787 0.01880079 -0.7567285 -0.3634787 0.1047812 -0.772255 0.3293657 0.1047812 -0.772255 0.3293657 0.1047812 -0.772255 0.3293657 0.1047812 -0.772255 0.3293657 0.08722746 -0.8629149 0.1043376 0.08722746 -0.8629149 0.1043376 0.08722746 -0.8629149 0.1043376 0.08722746 -0.8629149 0.1043376 0.03123855 -0.7982402 -0.08856314 0.03123855 -0.7982402 -0.08856314 0.03123855 -0.7982402 -0.08856314 0.03123855 -0.7982402 -0.08856314 0.00480175 -0.7775555 -0.08813369 0.00480175 -0.7775555 -0.08813369 0.00480175 -0.7775555 -0.08813369 0.00480175 -0.7775555 -0.08813369 0.0666753 -0.8462625 0.1043756 0.0666753 -0.8462625 0.1043756 0.0666753 -0.8462625 0.1043756 0.0666753 -0.8462625 0.1043756 0.09984248 -0.7622326 0.3289096 0.09984248 -0.7622326 0.3289096 0.09984248 -0.7622326 0.3289096 0.09984248 -0.7622326 0.3289096 0.02452963 -0.7516782 -0.08781558 0.02452963 -0.7516782 -0.08781558 0.02452963 -0.7516782 -0.08781558 0.02452963 -0.7516782 -0.08781558 0.08291578 -0.8255878 0.1043764 0.08291578 -0.8255878 0.1043764 0.08291578 -0.8255878 0.1043764 0.08291578 -0.8255878 0.1043764 0.1022046 -0.7562755 0.3270327 0.1022046 -0.7562755 0.3270327 0.1022046 -0.7562755 0.3270327 0.1022046 -0.7562755 0.3270327 0.05093687 -0.7723501 -0.08822953 0.05093687 -0.7723501 -0.08822953 0.05093687 -0.7723501 -0.08822953 0.05093687 -0.7723501 -0.08822953 0.1036927 -0.8421167 0.104355 0.1036927 -0.8421167 0.104355 0.1036927 -0.8421167 0.104355 0.1036927 -0.8421167 0.104355 0.107013 -0.7664098 0.3274456 0.107013 -0.7664098 0.3274456 0.107013 -0.7664098 0.3274456 0.107013 -0.7664098 0.3274456 -0.05709075 -0.76195 0.2632315 -0.05709075 -0.76195 0.2632315 -0.05709075 -0.76195 0.2632315 -0.06430906 -0.762147 -0.3634787 -0.06430906 -0.762147 -0.3634787 -0.06430906 -0.762147 -0.3634787 -0.05623972 -0.7608779 0.2632315 -0.05623972 -0.7608779 0.2632315 -0.05623972 -0.7608779 0.2632315 -0.04879623 -0.7426018 -0.3634787 -0.04879623 -0.7426018 -0.3634787 -0.04879623 -0.7426018 -0.3634787 -0.05601865 -0.7628009 0.2632315 -0.05601865 -0.7628009 0.2632315 -0.05601865 -0.7628009 0.2632315 -0.04476487 -0.7776617 -0.3634787 -0.04476487 -0.7776617 -0.3634787 -0.04476487 -0.7776617 -0.3634787 -0.05516761 -0.7617288 0.2632315 -0.05516761 -0.7617288 0.2632315 -0.05516761 -0.7617288 0.2632315 -0.02925205 -0.7581166 -0.3634787 -0.02925205 -0.7581166 -0.3634787 -0.02925205 -0.7581166 -0.3634787 -0.07683843 -0.7651467 0.1535153 -0.07683843 -0.7651467 0.1535153 -0.07683843 -0.7651467 0.1535153 -0.07683843 -0.7651467 0.1535153 -0.08549624 -0.7367967 -0.001511335 -0.08549624 -0.7367967 -0.001511335 -0.08549624 -0.7367967 -0.001511335 -0.08549624 -0.7367967 -0.001511335 -0.07869619 -0.7220765 -0.1686902 -0.07869619 -0.7220765 -0.1686902 -0.07869619 -0.7220765 -0.1686902 -0.07869619 -0.7220765 -0.1686902 -0.06517392 -0.7050412 -0.1686902 -0.06517392 -0.7050412 -0.1686902 -0.06517392 -0.7050412 -0.1686902 -0.06517392 -0.7050412 -0.1686902 -0.07450199 -0.7229839 -0.001495182 -0.07450199 -0.7229839 -0.001495182 -0.07450199 -0.7229839 -0.001495182 -0.07450199 -0.7229839 -0.001495182 -0.07207185 -0.7591217 0.1535135 -0.07207185 -0.7591217 0.1535135 -0.07207185 -0.7591217 0.1535135 -0.07207185 -0.7591217 0.1535135 -0.04813826 -0.7185628 -0.1686902 -0.04813826 -0.7185628 -0.1686902 -0.04813826 -0.7185628 -0.1686902 -0.04813826 -0.7185628 -0.1686902 -0.06067109 -0.7339327 -0.001483321 -0.06067109 -0.7339327 -0.001483321 -0.06067109 -0.7339327 -0.001483321 -0.06067109 -0.7339327 -0.001483321 -0.06605839 -0.7639093 0.153512 -0.06605839 -0.7639093 0.153512 -0.06605839 -0.7639093 0.153512 -0.06605839 -0.7639093 0.153512 -0.0616604 -0.7355982 -0.1686902 -0.0616604 -0.7355982 -0.1686902 -0.0616604 -0.7355982 -0.1686902 -0.0616604 -0.7355982 -0.1686902 -0.07166594 -0.7477457 -0.001499772 -0.07166594 -0.7477457 -0.001499772 -0.07166594 -0.7477457 -0.001499772 -0.07166594 -0.7477457 -0.001499772 -0.07082444 -0.7699342 0.1535139 -0.07082444 -0.7699342 0.1535139 -0.07082444 -0.7699342 0.1535139 -0.07082444 -0.7699342 0.1535139 -0.04517853 -0.84129 0.2951146 -0.04517853 -0.84129 0.2951146 -0.04517853 -0.84129 0.2951146 -0.04891371 -0.8483986 -0.3634787 -0.04891371 -0.8483986 -0.3634787 -0.04891371 -0.8483986 -0.3634787 -0.04575556 -0.8398815 0.2951146 -0.04575556 -0.8398815 0.2951146 -0.04575556 -0.8398815 0.2951146 -0.05943405 -0.8227208 -0.3634787 -0.05943405 -0.8227208 -0.3634787 -0.05943405 -0.8227208 -0.3634787 -0.04376995 -0.8407128 0.2951146 -0.04376995 -0.8407128 0.2951146 -0.04376995 -0.8407128 0.2951146 -0.0232346 -0.8378801 -0.3634787 -0.0232346 -0.8378801 -0.3634787 -0.0232346 -0.8378801 -0.3634787 -0.04434698 -0.8393043 0.2951146 -0.04434698 -0.8393043 0.2951146 -0.04434698 -0.8393043 0.2951146 -0.033755 -0.8122023 -0.3634787 -0.033755 -0.8122023 -0.3634787 -0.033755 -0.8122023 -0.3634787 -0.05281877 -0.8621834 0.173104 -0.05281877 -0.8621834 0.173104 -0.05281877 -0.8621834 0.173104 -0.05281877 -0.8621834 0.173104 -0.08502638 -0.8551609 7.05464e-4 -0.08502638 -0.8551609 7.05464e-4 -0.08502638 -0.8551609 7.05464e-4 -0.08502638 -0.8551609 7.05464e-4 -0.09560585 -0.8405584 -0.185207 -0.09560585 -0.8405584 -0.185207 -0.09560585 -0.8405584 -0.185207 -0.09560585 -0.8405584 -0.185207 -0.1047747 -0.8181766 -0.1852069 -0.1047747 -0.8181766 -0.1852069 -0.1047747 -0.8181766 -0.1852069 -0.1047747 -0.8181766 -0.1852069 -0.0924443 -0.8369839 7.23461e-4 -0.0924443 -0.8369839 7.23461e-4 -0.0924443 -0.8369839 7.23461e-4 -0.0924443 -0.8369839 7.23461e-4 -0.05607038 -0.8542827 0.173102 -0.05607038 -0.8542827 0.173102 -0.05607038 -0.8542827 0.173102 -0.05607038 -0.8542827 0.173102 -0.08239299 -0.8090073 -0.1852069 -0.08239299 -0.8090073 -0.1852069 -0.08239299 -0.8090073 -0.1852069 -0.08239299 -0.8090073 -0.1852069 -0.07430148 -0.8295236 7.36633e-4 -0.07430148 -0.8295236 7.36633e-4 -0.07430148 -0.8295236 7.36633e-4 -0.07430148 -0.8295236 7.36633e-4 -0.0481559 -0.8510538 0.1731004 -0.0481559 -0.8510538 0.1731004 -0.0481559 -0.8510538 0.1731004 -0.0481559 -0.8510538 0.1731004 -0.07322418 -0.8313894 -0.185207 -0.07322418 -0.8313894 -0.185207 -0.07322418 -0.8313894 -0.185207 -0.07322418 -0.8313894 -0.185207 -0.06688368 -0.8477015 7.1834e-4 -0.06688368 -0.8477015 7.1834e-4 -0.06688368 -0.8477015 7.1834e-4 -0.06688368 -0.8477015 7.1834e-4 -0.04490417 -0.8589539 0.1731024 -0.04490417 -0.8589539 0.1731024 -0.04490417 -0.8589539 0.1731024 -0.04490417 -0.8589539 0.1731024 0.1897185 -0.8468477 -0.05917376 0.1897185 -0.8468477 -0.05917376 0.1897185 -0.8468477 -0.05917376 0.05283522 -0.7615057 -0.3634787 0.05283522 -0.7615057 -0.3634787 0.05283522 -0.7615057 -0.3634787 0.1895623 -0.8481526 -0.05868512 0.1895623 -0.8481526 -0.05868512 0.1895623 -0.8481526 -0.05868512 0.05417984 -0.788256 -0.3634787 0.05417984 -0.788256 -0.3634787 0.05417984 -0.788256 -0.3634787 0.1885601 -0.8471515 -0.05982065 0.1885601 -0.8471515 -0.05982065 0.1885601 -0.8471515 -0.05982065 0.02586156 -0.7629123 -0.3634787 0.02586156 -0.7629123 -0.3634787 0.02586156 -0.7629123 -0.3634787 0.1884024 -0.8484554 -0.05932885 0.1884024 -0.8484554 -0.05932885 0.1884024 -0.8484554 -0.05932885 0.02720922 -0.7896648 -0.3634787 0.02720922 -0.7896648 -0.3634787 0.02720922 -0.7896648 -0.3634787 0.175222 -0.817547 -0.1008784 0.175222 -0.817547 -0.1008784 0.175222 -0.817547 -0.1008784 0.175222 -0.817547 -0.1008784 0.1172422 -0.7807363 -0.1251226 0.1172422 -0.7807363 -0.1251226 0.1172422 -0.7807363 -0.1251226 0.1172422 -0.7807363 -0.1251226 0.07853448 -0.7935017 -0.2265439 0.07853448 -0.7935017 -0.2265439 0.07853448 -0.7935017 -0.2265439 0.07853448 -0.7935017 -0.2265439 0.07916039 -0.8164364 -0.2250162 0.07916039 -0.8164364 -0.2250162 0.07916039 -0.8164364 -0.2250162 0.07916039 -0.8164364 -0.2250162 0.1182717 -0.7997364 -0.1251051 0.1182717 -0.7997364 -0.1251051 0.1182717 -0.7997364 -0.1251051 0.1182717 -0.7997364 -0.1251051 0.175365 -0.8254954 -0.1003392 0.175365 -0.8254954 -0.1003392 0.175365 -0.8254954 -0.1003392 0.175365 -0.8254954 -0.1003392 0.05523556 -0.8173734 -0.2238497 0.05523556 -0.8173734 -0.2238497 0.05523556 -0.8173734 -0.2238497 0.05523556 -0.8173734 -0.2238497 0.09928947 -0.8008157 -0.1250923 0.09928947 -0.8008157 -0.1250923 0.09928947 -0.8008157 -0.1250923 0.09928947 -0.8008157 -0.1250923 0.1689011 -0.8271405 -0.1042911 0.1689011 -0.8271405 -0.1042911 0.1689011 -0.8271405 -0.1042911 0.1689011 -0.8271405 -0.1042911 0.05460709 -0.7944371 -0.2253618 0.05460709 -0.7944371 -0.2253618 0.05460709 -0.7944371 -0.2253618 0.05460709 -0.7944371 -0.2253618 0.09826028 -0.7818149 -0.12511 0.09826028 -0.7818149 -0.12511 0.09826028 -0.7818149 -0.12511 0.09826028 -0.7818149 -0.12511 0.1687787 -0.8192079 -0.1048737 0.1687787 -0.8192079 -0.1048737 0.1687787 -0.8192079 -0.1048737 0.1687787 -0.8192079 -0.1048737 -0.1502143 -0.7261789 0.1116974 -0.1502143 -0.7261789 0.1116974 -0.1502143 -0.7261789 0.1116974 0.01210945 -0.5681762 -0.3634786 0.01210945 -0.5681762 -0.3634786 0.01210945 -0.5681762 -0.3634786 -0.1521238 -0.7252201 0.1108672 -0.1521238 -0.7252201 0.1108672 -0.1521238 -0.7252201 0.1108672 -0.02453446 -0.5585641 -0.3634786 -0.02453446 -0.5585641 -0.3634786 -0.02453446 -0.5585641 -0.3634786 -0.1498396 -0.7247422 0.1128165 -0.1498396 -0.7247422 0.1128165 -0.1498396 -0.7247422 0.1128165 0.02173316 -0.5312042 -0.3634786 0.02173316 -0.5312042 -0.3634786 0.02173316 -0.5312042 -0.3634786 -0.1517509 -0.7237784 0.1119617 -0.1517509 -0.7237784 0.1119617 -0.1517509 -0.7237784 0.1119617 -0.01491498 -0.5215952 -0.3634786 -0.01491498 -0.5215952 -0.3634786 -0.01491498 -0.5215952 -0.3634786 -0.09174031 -0.7304016 0.1424509 -0.09174031 -0.7304016 0.1424509 -0.09174031 -0.7304016 0.1424509 -0.09174031 -0.7304016 0.1424509 -0.00660932 -0.6774002 0.1835595 -0.00660932 -0.6774002 0.1835595 -0.00660932 -0.6774002 0.1835595 -0.00660932 -0.6774002 0.1835595 -0.02959281 -0.6001039 -0.116581 -0.02959281 -0.6001039 -0.116581 -0.02959281 -0.6001039 -0.116581 -0.02959281 -0.6001039 -0.116581 -0.06058591 -0.5913277 -0.1130224 -0.06058591 -0.5913277 -0.1130224 -0.06058591 -0.5913277 -0.1130224 -0.06058591 -0.5913277 -0.1130224 -0.0326687 -0.6706736 0.1835842 -0.0326687 -0.6706736 0.1835842 -0.0326687 -0.6706736 0.1835842 -0.0326687 -0.6706736 0.1835842 -0.1033496 -0.7264677 0.1373783 -0.1033496 -0.7264677 0.1373783 -0.1033496 -0.7264677 0.1373783 -0.1033496 -0.7264677 0.1373783 -0.05341655 -0.5570943 -0.1239145 -0.05341655 -0.5570943 -0.1239145 -0.05341655 -0.5570943 -0.1239145 -0.05341655 -0.5570943 -0.1239145 -0.02601653 -0.644617 0.1836022 -0.02601653 -0.644617 0.1836022 -0.02601653 -0.644617 0.1836022 -0.02601653 -0.644617 0.1836022 -0.1010983 -0.7185547 0.1437928 -0.1010983 -0.7185547 0.1437928 -0.1010983 -0.7185547 0.1437928 -0.1010983 -0.7185547 0.1437928 -0.02237761 -0.5659051 -0.1271541 -0.02237761 -0.5659051 -0.1271541 -0.02237761 -0.5659051 -0.1271541 -0.02237761 -0.5659051 -0.1271541 4.3571e-5 -0.6513447 0.1835771 4.3571e-5 -0.6513447 0.1835771 4.3571e-5 -0.6513447 0.1835771 4.3571e-5 -0.6513447 0.1835771 -0.08942699 -0.7225905 0.149451 -0.08942699 -0.7225905 0.149451 -0.08942699 -0.7225905 0.149451 -0.08942699 -0.7225905 0.149451 -9.0429e-4 -0.4637366 0.5898795 -9.0429e-4 -0.4637366 0.5898795 -9.0429e-4 -0.4637366 0.5898795 -0.01392215 -0.4577637 -0.3634786 -0.01392215 -0.4577637 -0.3634786 -0.01392215 -0.4577637 -0.3634786 9.18796e-4 -0.4625078 0.5898795 9.18796e-4 -0.4625078 0.5898795 9.18796e-4 -0.4625078 0.5898795 0.0192911 -0.4353319 -0.3634786 0.0192911 -0.4353319 -0.3634786 0.0192911 -0.4353319 -0.3634786 3.24668e-4 -0.4655598 0.5898795 3.24668e-4 -0.4655598 0.5898795 3.24668e-4 -0.4655598 0.5898795 0.008465111 -0.4909778 -0.3634786 0.008465111 -0.4909778 -0.3634786 0.008465111 -0.4909778 -0.3634786 0.002147614 -0.4643307 0.5898795 0.002147614 -0.4643307 0.5898795 0.002147614 -0.4643307 0.5898795 0.04167848 -0.4685463 -0.3634786 0.04167848 -0.4685463 -0.3634786 0.04167848 -0.4685463 -0.3634786 -0.03286606 -0.4590467 0.4136495 -0.03286606 -0.4590467 0.4136495 -0.03286606 -0.4590467 0.4136495 -0.03286606 -0.4590467 0.4136495 -0.06992161 -0.4510508 0.1358916 -0.06992161 -0.4510508 0.1358916 -0.06992161 -0.4510508 0.1358916 -0.06992161 -0.4510508 0.1358916 -0.03747355 -0.4102867 -0.09583818 -0.03747355 -0.4102867 -0.09583818 -0.03747355 -0.4102867 -0.09583818 -0.03747355 -0.4102867 -0.09583818 -7.15807e-4 -0.3857719 -0.09582012 -7.15807e-4 -0.3857719 -0.09582012 -7.15807e-4 -0.3857719 -0.09582012 -7.15807e-4 -0.3857719 -0.09582012 -0.04682844 -0.4348462 0.1370259 -0.04682844 -0.4348462 0.1370259 -0.04682844 -0.4348462 0.1370259 -0.04682844 -0.4348462 0.1370259 -0.02264571 -0.4521329 0.4136466 -0.02264571 -0.4521329 0.4136466 -0.02264571 -0.4521329 0.4136466 -0.02264571 -0.4521329 0.4136466 0.02374017 -0.4221591 -0.0958237 0.02374017 -0.4221591 -0.0958237 0.02374017 -0.4221591 -0.0958237 0.02374017 -0.4221591 -0.0958237 -0.03107595 -0.4581255 0.1369777 -0.03107595 -0.4581255 0.1369777 -0.03107595 -0.4581255 0.1369777 -0.03107595 -0.4581255 0.1369777 -0.01576781 -0.4623796 0.4136438 -0.01576781 -0.4623796 0.4136438 -0.01576781 -0.4623796 0.4136438 -0.01576781 -0.4623796 0.4136438 -0.01302295 -0.4466736 -0.09584206 -0.01302295 -0.4466736 -0.09584206 -0.01302295 -0.4466736 -0.09584206 -0.01302295 -0.4466736 -0.09584206 -0.0542258 -0.4742258 0.1358299 -0.0542258 -0.4742258 0.1358299 -0.0542258 -0.4742258 0.1358299 -0.0542258 -0.4742258 0.1358299 -0.02598762 -0.4692934 0.4136468 -0.02598762 -0.4692934 0.4136468 -0.02598762 -0.4692934 0.4136468 -0.02598762 -0.4692934 0.4136468 0.02751803 -0.5864724 0.4252409 0.02751803 -0.5864724 0.4252409 0.02751803 -0.5864724 0.4252409 -0.03116679 -0.5169862 -0.3634786 -0.03116679 -0.5169862 -0.3634786 -0.03116679 -0.5169862 -0.3634786 0.02940952 -0.5851836 0.4252693 0.02940952 -0.5851836 0.4252693 0.02940952 -0.5851836 0.4252693 0.003434479 -0.4936596 -0.3634786 0.003434479 -0.4936596 -0.3634786 0.003434479 -0.4936596 -0.3634786 0.02879065 -0.5883606 0.4252691 0.02879065 -0.5883606 0.4252691 0.02879065 -0.5883606 0.4252691 -0.007842838 -0.55159 -0.3634786 -0.007842838 -0.55159 -0.3634786 -0.007842838 -0.55159 -0.3634786 0.03068196 -0.5870712 0.4252972 0.03068196 -0.5870712 0.4252972 0.03068196 -0.5870712 0.4252972 0.02675855 -0.5282637 -0.3634786 0.02675855 -0.5282637 -0.3634786 0.02675855 -0.5282637 -0.3634786 -0.01857405 -0.6142014 0.3686595 -0.01857405 -0.6142014 0.3686595 -0.01857405 -0.6142014 0.3686595 -0.01857405 -0.6142014 0.3686595 -0.1087923 -0.5651483 0.1184155 -0.1087923 -0.5651483 0.1184155 -0.1087923 -0.5651483 0.1184155 -0.1087923 -0.5651483 0.1184155 -0.02142661 -0.5275097 -0.09610116 -0.02142661 -0.5275097 -0.09610116 -0.02142661 -0.5275097 -0.09610116 -0.02142661 -0.5275097 -0.09610116 0.009379506 -0.5064287 -0.09562355 0.009379506 -0.5064287 -0.09562355 0.009379506 -0.5064287 -0.09562355 0.009379506 -0.5064287 -0.09562355 -0.08423686 -0.5489519 0.1184577 -0.08423686 -0.5489519 0.1184577 -0.08423686 -0.5489519 0.1184577 -0.08423686 -0.5489519 0.1184577 -0.006290435 -0.6123312 0.3681524 -0.006290435 -0.6123312 0.3681524 -0.006290435 -0.6123312 0.3681524 -0.006290435 -0.6123312 0.3681524 0.03018885 -0.5360329 -0.09526979 0.03018885 -0.5360329 -0.09526979 0.03018885 -0.5360329 -0.09526979 0.03018885 -0.5360329 -0.09526979 -0.06777215 -0.5731119 0.1184586 -0.06777215 -0.5731119 0.1184586 -0.06777215 -0.5731119 0.1184586 -0.06777215 -0.5731119 0.1184586 -7.68177e-4 -0.616836 0.3660652 -7.68177e-4 -0.616836 0.3660652 -7.68177e-4 -0.616836 0.3660652 -7.68177e-4 -0.616836 0.3660652 -5.94003e-4 -0.5570868 -0.09573018 -5.94003e-4 -0.5570868 -0.09573018 -5.94003e-4 -0.5570868 -0.09573018 -5.94003e-4 -0.5570868 -0.09573018 -0.09227228 -0.5895878 0.1184349 -0.09227228 -0.5895878 0.1184349 -0.09227228 -0.5895878 0.1184349 -0.09227228 -0.5895878 0.1184349 -0.0131269 -0.6185305 0.3665243 -0.0131269 -0.6185305 0.3665243 -0.0131269 -0.6185305 0.3665243 -0.0131269 -0.6185305 0.3665243 0.03966021 -0.4917609 0.5282942 0.03966021 -0.4917609 0.5282942 0.03966021 -0.4917609 0.5282942 0.03861957 -0.4789236 -0.3634786 0.03861957 -0.4789236 -0.3634786 0.03861957 -0.4789236 -0.3634786 0.041426 -0.4926505 0.5282942 0.041426 -0.4926505 0.5282942 0.041426 -0.4926505 0.5282942 0.0708214 -0.4951078 -0.3634786 0.0708214 -0.4951078 -0.3634786 0.0708214 -0.4951078 -0.3634786 0.03877085 -0.4935266 0.5282942 0.03877085 -0.4935266 0.5282942 0.03877085 -0.4935266 0.5282942 0.02241498 -0.5110911 -0.3634786 0.02241498 -0.5110911 -0.3634786 0.02241498 -0.5110911 -0.3634786 0.04053658 -0.4944162 0.5282942 0.04053658 -0.4944162 0.5282942 0.04053658 -0.4944162 0.5282942 0.05461692 -0.5272753 -0.3634786 0.05461692 -0.5272753 -0.3634786 0.05461692 -0.5272753 -0.3634786 0.02928131 -0.4646296 0.3698222 0.02928131 -0.4646296 0.3698222 0.02928131 -0.4646296 0.3698222 0.02928131 -0.4646296 0.3698222 0.01936787 -0.4321192 0.1196241 0.01936787 -0.4321192 0.1196241 0.01936787 -0.4321192 0.1196241 0.01936787 -0.4321192 0.1196241 0.06729483 -0.4449998 -0.08832538 0.06729483 -0.4449998 -0.08832538 0.06729483 -0.4449998 -0.08832538 0.06729483 -0.4449998 -0.08832538 0.09546905 -0.4593661 -0.08831244 0.09546905 -0.4593661 -0.08831244 0.09546905 -0.4593661 -0.08831244 0.09546905 -0.4593661 -0.08831244 0.04234045 -0.443192 0.1196475 0.04234045 -0.443192 0.1196475 0.04234045 -0.443192 0.1196475 0.04234045 -0.443192 0.1196475 0.03919911 -0.4696047 0.3698195 0.03919911 -0.4696047 0.3698195 0.03919911 -0.4696047 0.3698195 0.03919911 -0.4696047 0.3698195 0.08131355 -0.4873738 -0.08831501 0.08131355 -0.4873738 -0.08831501 0.08131355 -0.4873738 -0.08831501 0.08131355 -0.4873738 -0.08831501 0.03107476 -0.465632 0.1196646 0.03107476 -0.465632 0.1196646 0.03107476 -0.465632 0.1196646 0.03107476 -0.465632 0.1196646 0.03418737 -0.4795061 0.369817 0.03418737 -0.4795061 0.369817 0.03418737 -0.4795061 0.369817 0.03418737 -0.4795061 0.369817 0.05313754 -0.4730039 -0.08832812 0.05313754 -0.4730039 -0.08832812 0.05313754 -0.4730039 -0.08832812 0.05313754 -0.4730039 -0.08832812 0.008094668 -0.4545724 0.1196408 0.008094668 -0.4545724 0.1196408 0.008094668 -0.4545724 0.1196408 0.008094668 -0.4545724 0.1196408 0.0242697 -0.4745313 0.3698197 0.0242697 -0.4745313 0.3698197 0.0242697 -0.4745313 0.3698197 0.0242697 -0.4745313 0.3698197 -0.04410481 -0.5680357 0.3802456 -0.04410481 -0.5680357 0.3802456 -0.04410481 -0.5680357 0.3802456 -0.01541543 -0.4914454 -0.3634786 -0.01541543 -0.4914454 -0.3634786 -0.01541543 -0.4914454 -0.3634786 -0.04226207 -0.5689525 0.380271 -0.04226207 -0.5689525 0.380271 -0.04226207 -0.5689525 0.380271 0.01809877 -0.508325 -0.3634786 0.01809877 -0.508325 -0.3634786 0.01809877 -0.508325 -0.3634786 -0.04502594 -0.5698644 0.3802709 -0.04502594 -0.5698644 0.3802709 -0.04502594 -0.5698644 0.3802709 -0.03229796 -0.5249587 -0.3634786 -0.03229796 -0.5249587 -0.3634786 -0.03229796 -0.5249587 -0.3634786 -0.0431829 -0.5707806 0.3802962 -0.0431829 -0.5707806 0.3802962 -0.0431829 -0.5707806 0.3802962 0.001216232 -0.5418383 -0.3634786 0.001216232 -0.5418383 -0.3634786 0.001216232 -0.5418383 -0.3634786 -0.08612602 -0.54408 0.3293657 -0.08612602 -0.54408 0.3293657 -0.08612602 -0.54408 0.3293657 -0.08612602 -0.54408 0.3293657 -0.08733206 -0.4517441 0.1043376 -0.08733206 -0.4517441 0.1043376 -0.08733206 -0.4517441 0.1043376 -0.08733206 -0.4517441 0.1043376 -0.01938545 -0.5037136 -0.08856314 -0.01938545 -0.5037136 -0.08856314 -0.01938545 -0.5037136 -0.08856314 -0.01938545 -0.5037136 -0.08856314 0.01069831 -0.5186041 -0.08813369 0.01069831 -0.5186041 -0.08813369 0.01069831 -0.5186041 -0.08813369 0.01069831 -0.5186041 -0.08813369 -0.0638287 -0.4638803 0.1043756 -0.0638287 -0.4638803 0.1043756 -0.0638287 -0.4638803 0.1043756 -0.0638287 -0.4638803 0.1043756 -0.07925647 -0.5528919 0.3289096 -0.07925647 -0.5528919 0.3289096 -0.07925647 -0.5528919 0.3289096 -0.07925647 -0.5528919 0.3289096 -0.003368735 -0.547946 -0.08781558 -0.003368735 -0.547946 -0.08781558 -0.003368735 -0.547946 -0.08781558 -0.003368735 -0.547946 -0.08781558 -0.07553654 -0.48742 0.1043764 -0.07553654 -0.48742 0.1043764 -0.07553654 -0.48742 0.1043764 -0.07553654 -0.48742 0.1043764 -0.08036082 -0.5592043 0.3270327 -0.08036082 -0.5592043 0.3270327 -0.08036082 -0.5592043 0.3270327 -0.08036082 -0.5592043 0.3270327 -0.03342097 -0.533062 -0.08822953 -0.03342097 -0.533062 -0.08822953 -0.03342097 -0.533062 -0.08822953 -0.03342097 -0.533062 -0.08822953 -0.09923499 -0.4754505 0.104355 -0.09923499 -0.4754505 0.104355 -0.09923499 -0.4754505 0.104355 -0.09923499 -0.4754505 0.104355 -0.08712548 -0.5502564 0.3274456 -0.08712548 -0.5502564 0.3274456 -0.08712548 -0.5502564 0.3274456 -0.08712548 -0.5502564 0.3274456 0.07446974 -0.5213272 0.2632315 0.07446974 -0.5213272 0.2632315 0.07446974 -0.5213272 0.2632315 0.08149802 -0.5196697 -0.3634786 0.08149802 -0.5196697 -0.3634786 0.08149802 -0.5196697 -0.3634786 0.07385396 -0.5225497 0.2632315 0.07385396 -0.5225497 0.2632315 0.07385396 -0.5225497 0.2632315 0.07027351 -0.5419559 -0.3634786 0.07027351 -0.5419559 -0.3634786 0.07027351 -0.5419559 -0.3634786 0.07324731 -0.5207116 0.2632315 0.07324731 -0.5207116 0.2632315 0.07324731 -0.5207116 0.2632315 0.05921238 -0.5084432 -0.3634786 0.05921238 -0.5084432 -0.3634786 0.05921238 -0.5084432 -0.3634786 0.07263153 -0.521934 0.2632315 0.07263153 -0.521934 0.2632315 0.07263153 -0.521934 0.2632315 0.04798787 -0.5307294 -0.3634786 0.04798787 -0.5307294 -0.3634786 0.04798787 -0.5307294 -0.3634786 0.09315812 -0.5141902 0.1535153 0.09315812 -0.5141902 0.1535153 0.09315812 -0.5141902 0.1535153 0.09315812 -0.5141902 0.1535153 0.107388 -0.5401939 -0.001511335 0.107388 -0.5401939 -0.001511335 0.107388 -0.5401939 -0.001511335 0.107388 -0.5401939 -0.001511335 0.103716 -0.5559876 -0.1686903 0.103716 -0.5559876 -0.1686903 0.103716 -0.5559876 -0.1686903 0.103716 -0.5559876 -0.1686903 0.09393149 -0.5754123 -0.1686902 0.09393149 -0.5754123 -0.1686902 0.09393149 -0.5754123 -0.1686902 0.09393149 -0.5754123 -0.1686902 0.09942495 -0.5559501 -0.001495182 0.09942495 -0.5559501 -0.001495182 0.09942495 -0.5559501 -0.001495182 0.09942495 -0.5559501 -0.001495182 0.08971315 -0.521057 0.1535135 0.08971315 -0.521057 0.1535135 0.08971315 -0.521057 0.1535135 0.08971315 -0.521057 0.1535135 0.07450664 -0.5656284 -0.1686902 0.07450664 -0.5656284 -0.1686902 0.07450664 -0.5656284 -0.1686902 0.07450664 -0.5656284 -0.1686902 0.0836603 -0.5480353 -0.001483321 0.0836603 -0.5480353 -0.001483321 0.0836603 -0.5480353 -0.001483321 0.0836603 -0.5480353 -0.001483321 0.08285337 -0.5175892 0.153512 0.08285337 -0.5175892 0.153512 0.08285337 -0.5175892 0.153512 0.08285337 -0.5175892 0.153512 0.0842911 -0.5462037 -0.1686902 0.0842911 -0.5462037 -0.1686902 0.0842911 -0.5462037 -0.1686902 0.0842911 -0.5462037 -0.1686902 0.09162384 -0.5322788 -0.001499772 0.09162384 -0.5322788 -0.001499772 0.09162384 -0.5322788 -0.001499772 0.09162384 -0.5322788 -0.001499772 0.08629781 -0.5107226 0.1535139 0.08629781 -0.5107226 0.1535139 0.08629781 -0.5107226 0.1535139 0.08629781 -0.5107226 0.1535139 0.04670751 -0.4460545 0.2951146 0.04670751 -0.4460545 0.2951146 0.04670751 -0.4460545 0.2951146 0.04892265 -0.4383358 -0.3634786 0.04892265 -0.4383358 -0.3634786 0.04892265 -0.4383358 -0.3634786 0.04755824 -0.4473166 0.2951146 0.04755824 -0.4473166 0.2951146 0.04755824 -0.4473166 0.2951146 0.06443417 -0.461345 -0.3634786 0.06443417 -0.461345 -0.3634786 0.06443417 -0.461345 -0.3634786 0.04544526 -0.4469054 0.2951146 0.04544526 -0.4469054 0.2951146 0.04544526 -0.4469054 0.2951146 0.02591186 -0.4538457 -0.3634786 0.02591186 -0.4538457 -0.3634786 0.02591186 -0.4538457 -0.3634786 0.04629611 -0.4481675 0.2951146 0.04629611 -0.4481675 0.2951146 0.04629611 -0.4481675 0.2951146 0.04142338 -0.4768549 -0.3634786 0.04142338 -0.4768549 -0.3634786 0.04142338 -0.4768549 -0.3634786 0.04994964 -0.4240455 0.173104 0.04994964 -0.4240455 0.173104 0.04994964 -0.4240455 0.173104 0.04994964 -0.4240455 0.173104 0.08291214 -0.4243871 7.05462e-4 0.08291214 -0.4243871 7.05462e-4 0.08291214 -0.4243871 7.05462e-4 0.08291214 -0.4243871 7.05462e-4 0.09623438 -0.4365393 -0.185207 0.09623438 -0.4365393 -0.185207 0.09623438 -0.4365393 -0.185207 0.09623438 -0.4365393 -0.185207 0.1097537 -0.4565952 -0.1852069 0.1097537 -0.4565952 -0.1852069 0.1097537 -0.4565952 -0.1852069 0.1097537 -0.4565952 -0.1852069 0.09386384 -0.4406809 7.23457e-4 0.09386384 -0.4406809 7.23457e-4 0.09386384 -0.4406809 7.23457e-4 0.09386384 -0.4406809 7.23457e-4 0.05473667 -0.4311221 0.173102 0.05473667 -0.4311221 0.173102 0.05473667 -0.4311221 0.173102 0.05473667 -0.4311221 0.173102 0.08969795 -0.470115 -0.1852069 0.08969795 -0.470115 -0.1852069 0.08969795 -0.470115 -0.1852069 0.08969795 -0.470115 -0.1852069 0.07761204 -0.4516671 7.3663e-4 0.07761204 -0.4516671 7.3663e-4 0.07761204 -0.4516671 7.3663e-4 0.07761204 -0.4516671 7.3663e-4 0.04764193 -0.4358896 0.1731004 0.04764193 -0.4358896 0.1731004 0.04764193 -0.4358896 0.1731004 0.04764193 -0.4358896 0.1731004 0.07617861 -0.4500588 -0.185207 0.07617861 -0.4500588 -0.185207 0.07617861 -0.4500588 -0.185207 0.07617861 -0.4500588 -0.185207 0.06666028 -0.4353724 7.18337e-4 0.06666028 -0.4353724 7.18337e-4 0.06666028 -0.4353724 7.18337e-4 0.06666028 -0.4353724 7.18337e-4 0.04285484 -0.4288136 0.1731024 0.04285484 -0.4288136 0.1731024 0.04285484 -0.4288136 0.1731024 0.04285484 -0.4288136 0.1731024 -0.1844313 -0.4882723 -0.05917376 -0.1844313 -0.4882723 -0.05917376 -0.1844313 -0.4882723 -0.05917376 -0.03307956 -0.544066 -0.3634786 -0.03307956 -0.544066 -0.3634786 -0.03307956 -0.544066 -0.3634786 -0.1845431 -0.4869629 -0.05868512 -0.1845431 -0.4869629 -0.05868512 -0.1845431 -0.4869629 -0.05868512 -0.03982377 -0.5181449 -0.3634786 -0.03982377 -0.5181449 -0.3634786 -0.03982377 -0.5181449 -0.3634786 -0.1833587 -0.4877398 -0.05982065 -0.1833587 -0.4877398 -0.05982065 -0.1833587 -0.4877398 -0.05982065 -0.006952285 -0.5372157 -0.3634786 -0.006952285 -0.5372157 -0.3634786 -0.006952285 -0.5372157 -0.3634786 -0.1834688 -0.486431 -0.05932885 -0.1834688 -0.486431 -0.05932885 -0.1834688 -0.486431 -0.05932885 -0.01369994 -0.5112931 -0.3634786 -0.01369994 -0.5112931 -0.3634786 -0.01369994 -0.5112931 -0.3634786 -0.1642914 -0.5140223 -0.1008784 -0.1642914 -0.5140223 -0.1008784 -0.1642914 -0.5140223 -0.1008784 -0.1642914 -0.5140223 -0.1008784 -0.1000487 -0.5383034 -0.1251226 -0.1000487 -0.5383034 -0.1251226 -0.1000487 -0.5383034 -0.1251226 -0.1000487 -0.5383034 -0.1251226 -0.06473612 -0.5179498 -0.2265439 -0.06473612 -0.5179498 -0.2265439 -0.06473612 -0.5179498 -0.2265439 -0.06473612 -0.5179498 -0.2265439 -0.07000243 -0.4956191 -0.2250162 -0.07000243 -0.4956191 -0.2250162 -0.07000243 -0.4956191 -0.2250162 -0.07000243 -0.4956191 -0.2250162 -0.1049119 -0.5199074 -0.1251051 -0.1049119 -0.5199074 -0.1251051 -0.1049119 -0.5199074 -0.1251051 -0.1049119 -0.5199074 -0.1251051 -0.1660441 -0.5062683 -0.1003392 -0.1660441 -0.5062683 -0.1003392 -0.1660441 -0.5062683 -0.1003392 -0.1660441 -0.5062683 -0.1003392 -0.04676538 -0.4898473 -0.2238497 -0.04676538 -0.4898473 -0.2238497 -0.04676538 -0.4898473 -0.2238497 -0.04676538 -0.4898473 -0.2238497 -0.08654344 -0.514999 -0.1250923 -0.08654344 -0.514999 -0.1250923 -0.08654344 -0.514999 -0.1250923 -0.08654344 -0.514999 -0.1250923 -0.1600484 -0.5033458 -0.1042911 -0.1600484 -0.5033458 -0.1042911 -0.1600484 -0.5033458 -0.1042911 -0.1600484 -0.5033458 -0.1042911 -0.04149627 -0.512179 -0.2253618 -0.04149627 -0.512179 -0.2253618 -0.04149627 -0.512179 -0.2253618 -0.04149627 -0.512179 -0.2253618 -0.08168047 -0.5333958 -0.12511 -0.08168047 -0.5333958 -0.12511 -0.08168047 -0.5333958 -0.12511 -0.08168047 -0.5333958 -0.12511 -0.158319 -0.5110886 -0.1048737 -0.158319 -0.5110886 -0.1048737 -0.158319 -0.5110886 -0.1048737 -0.158319 -0.5110886 -0.1048737 0.3442239 -0.2582986 0.265495 0.3442239 -0.2582986 0.265495 0.3442239 -0.2582986 0.265495 0.2459258 -0.5417931 -0.3634787 0.2459258 -0.5417931 -0.3634787 0.2459258 -0.5417931 -0.3634787 0.3470542 -0.2582992 0.2643952 0.3470542 -0.2582992 0.2643952 0.3470542 -0.2582992 0.2643952 0.2950182 -0.5314016 -0.3634787 0.2950182 -0.5314016 -0.3634787 0.2950182 -0.5314016 -0.3634787 0.3446339 -0.260222 0.2669772 0.3446339 -0.260222 0.2669772 0.3446339 -0.260222 0.2669772 0.2564982 -0.5912806 -0.3634787 0.2564982 -0.5912806 -0.3634787 0.2564982 -0.5912806 -0.3634787 0.3474693 -0.2602276 0.265845 0.3474693 -0.2602276 0.265845 0.3474693 -0.2602276 0.265845 0.3055939 -0.580883 -0.3634787 0.3055939 -0.580883 -0.3634787 0.3055939 -0.580883 -0.3634787 0.2724895 -0.2880399 0.3062306 0.2724895 -0.2880399 0.3062306 0.2724895 -0.2880399 0.3062306 0.2724895 -0.2880399 0.3062306 0.2031944 -0.4013645 0.3606824 0.2031944 -0.4013645 0.3606824 0.2031944 -0.4013645 0.3606824 0.2031944 -0.4013645 0.3606824 0.2763271 -0.4792186 -0.03687936 0.2763271 -0.4792186 -0.03687936 0.2763271 -0.4792186 -0.03687936 0.2763271 -0.4792186 -0.03687936 0.318233 -0.471195 -0.03216576 0.318233 -0.471195 -0.03216576 0.318233 -0.471195 -0.03216576 0.318233 -0.471195 -0.03216576 0.2380418 -0.3938457 0.3607151 0.2380418 -0.3938457 0.3607151 0.2380418 -0.3938457 0.3607151 0.2380418 -0.3938457 0.3607151 0.2885705 -0.2857999 0.2995114 0.2885705 -0.2857999 0.2995114 0.2885705 -0.2857999 0.2995114 0.2885705 -0.2857999 0.2995114 0.3300841 -0.5159823 -0.04659324 0.3300841 -0.5159823 -0.04659324 0.3300841 -0.5159823 -0.04659324 0.3300841 -0.5159823 -0.04659324 0.2456472 -0.4286456 0.3607391 0.2456472 -0.4286456 0.3607391 0.2456472 -0.4286456 0.3607391 0.2456472 -0.4286456 0.3607391 0.2906066 -0.2965053 0.3080081 0.2906066 -0.2965053 0.3080081 0.2906066 -0.2965053 0.3080081 0.2906066 -0.2965053 0.3080081 0.2881034 -0.5239923 -0.05088436 0.2881034 -0.5239923 -0.05088436 0.2881034 -0.5239923 -0.05088436 0.2881034 -0.5239923 -0.05088436 0.2107983 -0.4361637 0.3607058 0.2107983 -0.4361637 0.3607058 0.2107983 -0.4361637 0.3607058 0.2107983 -0.4361637 0.3607058 0.2743915 -0.2986617 0.3155029 0.2743915 -0.2986617 0.3155029 0.2743915 -0.2986617 0.3155029 0.2743915 -0.2986617 0.3155029 0.3233818 -0.6577043 0.8988881 0.3233818 -0.6577043 0.8988881 0.3233818 -0.6577043 0.8988881 0.342342 -0.6570413 -0.3634787 0.342342 -0.6570413 -0.3634787 0.342342 -0.6570413 -0.3634787 0.3219535 -0.6602421 0.8988881 0.3219535 -0.6602421 0.8988881 0.3219535 -0.6602421 0.8988881 0.3163488 -0.7033302 -0.3634787 0.3163488 -0.7033302 -0.3634787 0.3163488 -0.7033302 -0.3634787 0.3208437 -0.656276 0.8988881 0.3208437 -0.656276 0.8988881 0.3208437 -0.656276 0.8988881 0.2961052 -0.6310208 -0.3634787 0.2961052 -0.6310208 -0.3634787 0.2961052 -0.6310208 -0.3634787 0.3194158 -0.6588141 0.8988881 0.3194158 -0.6588141 0.8988881 0.3194158 -0.6588141 0.8988881 0.2701117 -0.6773095 -0.3634787 0.2701117 -0.6773095 -0.3634787 0.2701117 -0.6773095 -0.3634787 0.3640068 -0.6442674 0.6654564 0.3640068 -0.6442674 0.6654564 0.3640068 -0.6442674 0.6654564 0.3640068 -0.6442674 0.6654564 0.4126263 -0.6317182 0.2975423 0.4126263 -0.6317182 0.2975423 0.4126263 -0.6317182 0.2975423 0.4126263 -0.6317182 0.2975423 0.3984307 -0.6992556 -0.009403765 0.3984307 -0.6992556 -0.009403765 0.3984307 -0.6992556 -0.009403765 0.3984307 -0.6992556 -0.009403765 0.3694789 -0.7501164 -0.009379804 0.3694789 -0.7501164 -0.009379804 0.3694789 -0.7501164 -0.009379804 0.3694789 -0.7501164 -0.009379804 0.3949144 -0.6646223 0.2990447 0.3949144 -0.6646223 0.2990447 0.3949144 -0.6646223 0.2990447 0.3949144 -0.6646223 0.2990447 0.3560148 -0.6585245 0.6654525 0.3560148 -0.6585245 0.6654525 0.3560148 -0.6585245 0.6654525 0.3560148 -0.6585245 0.6654525 0.3189079 -0.7215685 -0.009384572 0.3189079 -0.7215685 -0.009384572 0.3189079 -0.7215685 -0.009384572 0.3189079 -0.7215685 -0.009384572 0.3624348 -0.6464216 0.2989808 0.3624348 -0.6464216 0.2989808 0.3624348 -0.6464216 0.2989808 0.3624348 -0.6464216 0.2989808 0.3417845 -0.6504801 0.6654489 0.3417845 -0.6504801 0.6654489 0.3417845 -0.6504801 0.6654489 0.3417845 -0.6504801 0.6654489 0.3478662 -0.6707047 -0.009408891 0.3478662 -0.6707047 -0.009408891 0.3478662 -0.6707047 -0.009408891 0.3478662 -0.6707047 -0.009408891 0.3802758 -0.6136071 0.2974604 0.3802758 -0.6136071 0.2974604 0.3802758 -0.6136071 0.2974604 0.3802758 -0.6136071 0.2974604 0.3497759 -0.6362233 0.6654527 0.3497759 -0.6362233 0.6654527 0.3497759 -0.6362233 0.6654527 0.3497759 -0.6362233 0.6654527 0.2168138 -0.5292871 0.6808102 0.2168138 -0.5292871 0.6808102 0.2168138 -0.5292871 0.6808102 0.3275722 -0.5766841 -0.3634787 0.3275722 -0.5766841 -0.3634787 0.3275722 -0.5766841 -0.3634787 0.2153402 -0.5319366 0.6808477 0.2153402 -0.5319366 0.6808477 0.2153402 -0.5319366 0.6808477 0.3004674 -0.6248571 -0.3634787 0.3004674 -0.6248571 -0.3634787 0.3004674 -0.6248571 -0.3634787 0.2141854 -0.5278079 0.6808475 0.2141854 -0.5278079 0.6808475 0.2141854 -0.5278079 0.6808475 0.2794009 -0.5495748 -0.3634787 0.2794009 -0.5495748 -0.3634787 0.2794009 -0.5495748 -0.3634787 0.2127124 -0.530458 0.6808847 0.2127124 -0.530458 0.6808847 0.2127124 -0.530458 0.6808847 0.2522959 -0.5977475 -0.3634787 0.2522959 -0.5977475 -0.3634787 0.2522959 -0.5977475 -0.3634787 0.2549067 -0.4690753 0.6058633 0.2549067 -0.4690753 0.6058633 0.2549067 -0.4690753 0.6058633 0.2549067 -0.4690753 0.6058633 0.3908568 -0.4735477 0.2743936 0.3908568 -0.4735477 0.2743936 0.3908568 -0.4735477 0.2743936 0.3908568 -0.4735477 0.2743936 0.3097889 -0.5700125 -0.009752154 0.3097889 -0.5700125 -0.009752154 0.3097889 -0.5700125 -0.009752154 0.3097889 -0.5700125 -0.009752154 0.285843 -0.6132721 -0.009119451 0.285843 -0.6132721 -0.009119451 0.285843 -0.6132721 -0.009119451 0.285843 -0.6132721 -0.009119451 0.3714089 -0.5073109 0.2744496 0.3714089 -0.5073109 0.2744496 0.3714089 -0.5073109 0.2744496 0.3714089 -0.5073109 0.2744496 0.2414756 -0.4785873 0.6051915 0.2414756 -0.4785873 0.6051915 0.2414756 -0.4785873 0.6051915 0.2414756 -0.4785873 0.6051915 0.243619 -0.5905878 -0.008650958 0.243619 -0.5905878 -0.008650958 0.243619 -0.5905878 -0.008650958 0.243619 -0.5905878 -0.008650958 0.3375629 -0.4884905 0.2744508 0.3375629 -0.4884905 0.2744508 0.3375629 -0.4884905 0.2744508 0.3375629 -0.4884905 0.2744508 0.2322615 -0.4765352 0.6024268 0.2322615 -0.4765352 0.6024268 0.2322615 -0.4765352 0.6024268 0.2322615 -0.4765352 0.6024268 0.2675535 -0.5473741 -0.009260714 0.2675535 -0.5473741 -0.009260714 0.2675535 -0.5473741 -0.009260714 0.2675535 -0.5473741 -0.009260714 0.3567793 -0.4544293 0.2744193 0.3567793 -0.4544293 0.2744193 0.3567793 -0.4544293 0.2744193 0.3567793 -0.4544293 0.2744193 0.245886 -0.4671866 0.6030351 0.245886 -0.4671866 0.6030351 0.245886 -0.4671866 0.6030351 0.245886 -0.4671866 0.6030351 0.2587088 -0.6486272 0.8173131 0.2587088 -0.6486272 0.8173131 0.2587088 -0.6486272 0.8173131 0.2675678 -0.6632067 -0.3634787 0.2675678 -0.6632067 -0.3634787 0.2675678 -0.6632067 -0.3634787 0.2560899 -0.6486231 0.8173131 0.2560899 -0.6486231 0.8173131 0.2560899 -0.6486231 0.8173131 0.2198296 -0.6631783 -0.3634787 0.2198296 -0.6631783 -0.3634787 0.2198296 -0.6631783 -0.3634787 0.2587128 -0.6460085 0.8173131 0.2587128 -0.6460085 0.8173131 0.2587128 -0.6460085 0.8173131 0.2676406 -0.6154971 -0.3634787 0.2676406 -0.6154971 -0.3634787 0.2676406 -0.6154971 -0.3634787 0.2560938 -0.6460044 0.8173131 0.2560938 -0.6460044 0.8173131 0.2560938 -0.6460044 0.8173131 0.2199023 -0.6154688 -0.3634787 0.2199023 -0.6154688 -0.3634787 0.2199023 -0.6154688 -0.3634787 0.2871153 -0.6745809 0.6074033 0.2871153 -0.6745809 0.6074033 0.2871153 -0.6745809 0.6074033 0.2871153 -0.6745809 0.6074033 0.3181666 -0.7071793 0.2759945 0.3181666 -0.7071793 0.2759945 0.3181666 -0.7071793 0.2759945 0.3181666 -0.7071793 0.2759945 0.2537747 -0.7204046 5.47573e-4 0.2537747 -0.7204046 5.47573e-4 0.2537747 -0.7204046 5.47573e-4 0.2537747 -0.7204046 5.47573e-4 0.2118847 -0.7201355 5.64724e-4 0.2118847 -0.7201355 5.64724e-4 0.2118847 -0.7201355 5.64724e-4 0.2118847 -0.7201355 5.64724e-4 0.2843915 -0.707719 0.2760255 0.2843915 -0.707719 0.2760255 0.2843915 -0.707719 0.2760255 0.2843915 -0.707719 0.2760255 0.2724182 -0.6745833 0.6073998 0.2724182 -0.6745833 0.6073998 0.2724182 -0.6745833 0.6073998 0.2724182 -0.6745833 0.6073998 0.2120032 -0.678568 5.61282e-4 0.2120032 -0.678568 5.61282e-4 0.2120032 -0.678568 5.61282e-4 0.2120032 -0.678568 5.61282e-4 0.2843966 -0.6744598 0.2760482 0.2843966 -0.6744598 0.2760482 0.2843966 -0.6744598 0.2760482 0.2843966 -0.6744598 0.2760482 0.2724688 -0.6598837 0.6073965 0.2724688 -0.6598837 0.6073965 0.2724688 -0.6598837 0.6073965 0.2724688 -0.6598837 0.6073965 0.2538973 -0.6788402 5.43937e-4 0.2538973 -0.6788402 5.43937e-4 0.2538973 -0.6788402 5.43937e-4 0.2538973 -0.6788402 5.43937e-4 0.3181728 -0.6738999 0.2760167 0.3181728 -0.6738999 0.2760167 0.3181728 -0.6738999 0.2760167 0.3181728 -0.6738999 0.2760167 0.2871657 -0.6598811 0.6074001 0.2871657 -0.6598811 0.6074001 0.2871657 -0.6598811 0.6074001 0.2871657 -0.6598811 0.6074001 0.3125597 -0.5085613 0.62121 0.3125597 -0.5085613 0.62121 0.3125597 -0.5085613 0.62121 0.3240988 -0.6162793 -0.3634787 0.3240988 -0.6162793 -0.3634787 0.3240988 -0.6162793 -0.3634787 0.3098335 -0.5085709 0.6212437 0.3098335 -0.5085709 0.6212437 0.3098335 -0.5085709 0.6212437 0.2743938 -0.6162074 -0.3634787 0.2743938 -0.6162074 -0.3634787 0.2743938 -0.6162074 -0.3634787 0.3125638 -0.5058491 0.6212436 0.3125638 -0.5058491 0.6212436 0.3125638 -0.5058491 0.6212436 0.3241748 -0.5665736 -0.3634787 0.3241748 -0.5665736 -0.3634787 0.3241748 -0.5665736 -0.3634787 0.3098375 -0.5058594 0.621277 0.3098375 -0.5058594 0.621277 0.3098375 -0.5058594 0.621277 0.2744697 -0.5665018 -0.3634787 0.2744697 -0.5665018 -0.3634787 0.2744697 -0.5665018 -0.3634787 0.37654 -0.5119563 0.5538153 0.37654 -0.5119563 0.5538153 0.37654 -0.5119563 0.5538153 0.37654 -0.5119563 0.5538153 0.4328261 -0.6205535 0.2557463 0.4328261 -0.6205535 0.2557463 0.4328261 -0.6205535 0.2557463 0.4328261 -0.6205535 0.2557463 0.3215101 -0.5993966 2.32592e-4 0.3215101 -0.5993966 2.32592e-4 0.3215101 -0.5993966 2.32592e-4 0.3215101 -0.5993966 2.32592e-4 0.2770481 -0.5996416 8.01489e-4 0.2770481 -0.5996416 8.01489e-4 0.2770481 -0.5996416 8.01489e-4 0.2770481 -0.5996416 8.01489e-4 0.3977909 -0.6201497 0.2557966 0.3977909 -0.6201497 0.2557966 0.3977909 -0.6201497 0.2557966 0.3977909 -0.6201497 0.2557966 0.363172 -0.5056055 0.5532111 0.363172 -0.5056055 0.5532111 0.363172 -0.5056055 0.5532111 0.363172 -0.5056055 0.5532111 0.2762691 -0.5565471 0.001222789 0.2762691 -0.5565471 0.001222789 0.2762691 -0.5565471 0.001222789 0.2762691 -0.5565471 0.001222789 0.397666 -0.5853258 0.2557976 0.397666 -0.5853258 0.2557976 0.397666 -0.5853258 0.2557976 0.397666 -0.5853258 0.2557976 0.360729 -0.4974762 0.550725 0.360729 -0.4974762 0.550725 0.360729 -0.4974762 0.550725 0.360729 -0.4974762 0.550725 0.32069 -0.5563132 6.74471e-4 0.32069 -0.5563132 6.74471e-4 0.32069 -0.5563132 6.74471e-4 0.32069 -0.5563132 6.74471e-4 0.4328333 -0.5854166 0.2557694 0.4328333 -0.5854166 0.2557694 0.4328333 -0.5854166 0.2557694 0.4328333 -0.5854166 0.2557694 0.3740537 -0.5040504 0.551272 0.3740537 -0.5040504 0.551272 0.3740537 -0.5040504 0.551272 0.3740537 -0.5040504 0.551272 0.199933 -0.6343055 0.4662148 0.199933 -0.6343055 0.4662148 0.199933 -0.6343055 0.4662148 0.1925972 -0.6404434 -0.3634787 0.1925972 -0.6404434 -0.3634787 0.1925972 -0.6404434 -0.3634787 0.1999357 -0.6324924 0.4662148 0.1999357 -0.6324924 0.4662148 0.1999357 -0.6324924 0.4662148 0.192645 -0.6073908 -0.3634787 0.192645 -0.6073908 -0.3634787 0.192645 -0.6073908 -0.3634787 0.201746 -0.6343081 0.4662148 0.201746 -0.6343081 0.4662148 0.201746 -0.6343081 0.4662148 0.2256503 -0.6404939 -0.3634787 0.2256503 -0.6404939 -0.3634787 0.2256503 -0.6404939 -0.3634787 0.2017487 -0.6324949 0.4662148 0.2017487 -0.6324949 0.4662148 0.2017487 -0.6324949 0.4662148 0.2256981 -0.6074413 -0.3634787 0.2256981 -0.6074413 -0.3634787 0.2256981 -0.6074413 -0.3634787 0.1820486 -0.6538579 0.3208863 0.1820486 -0.6538579 0.3208863 0.1820486 -0.6538579 0.3208863 0.1820486 -0.6538579 0.3208863 0.149753 -0.6315271 0.1155402 0.149753 -0.6315271 0.1155402 0.149753 -0.6315271 0.1155402 0.149753 -0.6315271 0.1155402 0.1447167 -0.6106478 -0.1059026 0.1447167 -0.6106478 -0.1059026 0.1447167 -0.6106478 -0.1059026 0.1447167 -0.6106478 -0.1059026 0.1447598 -0.5818383 -0.1059025 0.1447598 -0.5818383 -0.1059025 0.1447598 -0.5818383 -0.1059025 0.1447598 -0.5818383 -0.1059025 0.1498191 -0.6081427 0.1155616 0.1498191 -0.6081427 0.1155616 0.1498191 -0.6081427 0.1155616 0.1498191 -0.6081427 0.1155616 0.1820473 -0.6436818 0.320884 0.1820473 -0.6436818 0.320884 0.1820473 -0.6436818 0.320884 0.1820473 -0.6436818 0.320884 0.1735692 -0.5818805 -0.1059024 0.1735692 -0.5818805 -0.1059024 0.1735692 -0.5818805 -0.1059024 0.1735692 -0.5818805 -0.1059024 0.1731848 -0.6081469 0.1155773 0.1731848 -0.6081469 0.1155773 0.1731848 -0.6081469 0.1155773 0.1731848 -0.6081469 0.1155773 0.1922287 -0.6437117 0.320882 0.1922287 -0.6437117 0.320882 0.1922287 -0.6437117 0.320882 0.1922287 -0.6437117 0.320882 0.1735261 -0.6106899 -0.1059025 0.1735261 -0.6106899 -0.1059025 0.1735261 -0.6106899 -0.1059025 0.1735261 -0.6106899 -0.1059025 0.1731182 -0.6315318 0.1155555 0.1731182 -0.6315318 0.1155555 0.1731182 -0.6315318 0.1155555 0.1731182 -0.6315318 0.1155555 0.1922305 -0.6538873 0.3208845 0.1922305 -0.6538873 0.3208845 0.1922305 -0.6538873 0.3208845 0.1922305 -0.6538873 0.3208845 0.2775208 -0.7069247 0.5084468 0.2775208 -0.7069247 0.5084468 0.2775208 -0.7069247 0.5084468 0.2794842 -0.7173786 -0.3634787 0.2794842 -0.7173786 -0.3634787 0.2794842 -0.7173786 -0.3634787 0.2757638 -0.705936 0.5084468 0.2757638 -0.705936 0.5084468 0.2757638 -0.705936 0.5084468 0.2474503 -0.6993544 -0.3634787 0.2474503 -0.6993544 -0.3634787 0.2474503 -0.6993544 -0.3634787 0.2785096 -0.7051673 0.5084468 0.2785096 -0.7051673 0.5084468 0.2785096 -0.7051673 0.5084468 0.2975113 -0.6853458 -0.3634787 0.2975113 -0.6853458 -0.3634787 0.2975113 -0.6853458 -0.3634787 0.2767524 -0.7041787 0.5084468 0.2767524 -0.7041787 0.5084468 0.2767524 -0.7041787 0.5084468 0.2654774 -0.6673216 -0.3634787 0.2654774 -0.6673216 -0.3634787 0.2654774 -0.6673216 -0.3634787 0.2867586 -0.7349067 0.3468332 0.2867586 -0.7349067 0.3468332 0.2867586 -0.7349067 0.3468332 0.2867586 -0.7349067 0.3468332 0.2475321 -0.7540859 0.1184765 0.2475321 -0.7540859 0.1184765 0.2475321 -0.7540859 0.1184765 0.2475321 -0.7540859 0.1184765 0.2245405 -0.7476143 -0.1277804 0.2245405 -0.7476143 -0.1277804 0.2245405 -0.7476143 -0.1277804 0.2245405 -0.7476143 -0.1277804 0.1966198 -0.7319027 -0.1277803 0.1966198 -0.7319027 -0.1277803 0.1966198 -0.7319027 -0.1277803 0.1966198 -0.7319027 -0.1277803 0.2248863 -0.7413027 0.1185004 0.2248863 -0.7413027 0.1185004 0.2248863 -0.7413027 0.1185004 0.2248863 -0.7413027 0.1185004 0.2768869 -0.729373 0.3468306 0.2768869 -0.729373 0.3468306 0.2768869 -0.729373 0.3468306 0.2768869 -0.729373 0.3468306 0.2123309 -0.7039815 -0.1277803 0.2123309 -0.7039815 -0.1277803 0.2123309 -0.7039815 -0.1277803 0.2123309 -0.7039815 -0.1277803 0.2375993 -0.718641 0.1185178 0.2375993 -0.718641 0.1185178 0.2375993 -0.718641 0.1185178 0.2375993 -0.718641 0.1185178 0.2824537 -0.7195137 0.3468284 0.2824537 -0.7195137 0.3468284 0.2824537 -0.7195137 0.3468284 0.2824537 -0.7195137 0.3468284 0.2402518 -0.7196934 -0.1277803 0.2402518 -0.7196934 -0.1277803 0.2402518 -0.7196934 -0.1277803 0.2402518 -0.7196934 -0.1277803 0.2602458 -0.7314252 0.1184936 0.2602458 -0.7314252 0.1184936 0.2602458 -0.7314252 0.1184936 0.2602458 -0.7314252 0.1184936 0.2923249 -0.7250466 0.3468311 0.2923249 -0.7250466 0.3468311 0.2923249 -0.7250466 0.3468311 0.2923249 -0.7250466 0.3468311 0.5260772 -0.5196205 0.03916132 0.5260772 -0.5196205 0.03916132 0.5260772 -0.5196205 0.03916132 0.3137481 -0.5434888 -0.3634787 0.3137481 -0.5434888 -0.3634787 0.3137481 -0.5434888 -0.3634787 0.5269874 -0.5211042 0.03980857 0.5269874 -0.5211042 0.03980857 0.5269874 -0.5211042 0.03980857 0.3371325 -0.5701692 -0.3634787 0.3371325 -0.5701692 -0.3634787 0.3371325 -0.5701692 -0.3634787 0.5251236 -0.5208881 0.03830444 0.5251236 -0.5208881 0.03830444 0.5251236 -0.5208881 0.03830444 0.2868867 -0.5671213 -0.3634787 0.2868867 -0.5671213 -0.3634787 0.2868867 -0.5671213 -0.3634787 0.5260315 -0.5223721 0.03895592 0.5260315 -0.5223721 0.03895592 0.5260315 -0.5223721 0.03895592 0.310276 -0.5938013 -0.3634787 0.310276 -0.5938013 -0.3634787 0.310276 -0.5938013 -0.3634787 0.4869354 -0.5011013 -0.01607996 0.4869354 -0.5011013 -0.01607996 0.4869354 -0.5011013 -0.01607996 0.4869354 -0.5011013 -0.01607996 0.3964545 -0.5105233 -0.04819345 0.3964545 -0.5105233 -0.04819345 0.3964545 -0.5105233 -0.04819345 0.3964545 -0.5105233 -0.04819345 0.3667415 -0.5555992 -0.1825346 0.3667415 -0.5555992 -0.1825346 0.3667415 -0.5555992 -0.1825346 0.3667415 -0.5555992 -0.1825346 0.3862432 -0.578907 -0.1805111 0.3862432 -0.578907 -0.1805111 0.3862432 -0.578907 -0.1805111 0.3862432 -0.578907 -0.1805111 0.4131414 -0.5294125 -0.04817032 0.4131414 -0.5294125 -0.04817032 0.4131414 -0.5294125 -0.04817032 0.4131414 -0.5294125 -0.04817032 0.4936173 -0.5092397 -0.01536577 0.4936173 -0.5092397 -0.01536577 0.4936173 -0.5092397 -0.01536577 0.4936173 -0.5092397 -0.01536577 0.3621627 -0.5995456 -0.1789661 0.3621627 -0.5995456 -0.1789661 0.3621627 -0.5995456 -0.1789661 0.3621627 -0.5995456 -0.1789661 0.3943117 -0.5461364 -0.0481534 0.3943117 -0.5461364 -0.0481534 0.3943117 -0.5461364 -0.0481534 0.3943117 -0.5461364 -0.0481534 0.4882555 -0.5162617 -0.02060043 0.4882555 -0.5162617 -0.02060043 0.4882555 -0.5162617 -0.02060043 0.4882555 -0.5162617 -0.02060043 0.342657 -0.5762382 -0.180969 0.342657 -0.5762382 -0.180969 0.342657 -0.5762382 -0.180969 0.342657 -0.5762382 -0.180969 0.3776246 -0.5272462 -0.04817688 0.3776246 -0.5272462 -0.04817688 0.3776246 -0.5272462 -0.04817688 0.3776246 -0.5272462 -0.04817688 0.481608 -0.5081227 -0.02137207 0.481608 -0.5081227 -0.02137207 0.481608 -0.5081227 -0.02137207 0.481608 -0.5081227 -0.02137207 0.2718765 -1.073535 0.06633907 0.2718765 -1.073535 0.06633907 0.2718765 -1.073535 0.06633907 0.2938271 -0.8929199 -0.3634786 0.2938271 -0.8929199 -0.3634786 0.2938271 -0.8929199 -0.3634786 0.270199 -1.073897 0.06567227 0.270199 -1.073897 0.06567227 0.270199 -1.073897 0.06567227 0.2660613 -0.9053665 -0.3634786 0.2660613 -0.9053665 -0.3634786 0.2660613 -0.9053665 -0.3634786 0.2713871 -1.072447 0.06723791 0.2713871 -1.072447 0.06723791 0.2713871 -1.072447 0.06723791 0.2812225 -0.8649431 -0.3634786 0.2812225 -0.8649431 -0.3634786 0.2812225 -0.8649431 -0.3634786 0.2697059 -1.072807 0.06655138 0.2697059 -1.072807 0.06655138 0.2697059 -1.072807 0.06655138 0.2534556 -0.8773938 -0.3634786 0.2534556 -0.8773938 -0.3634786 0.2534556 -0.8773938 -0.3634786 0.3105837 -1.04672 0.09104007 0.3105837 -1.04672 0.09104007 0.3105837 -1.04672 0.09104007 0.3105837 -1.04672 0.09104007 0.3371397 -0.9706777 0.1240583 0.3371397 -0.9706777 0.1240583 0.3371397 -0.9706777 0.1240583 0.3371397 -0.9706777 0.1240583 0.283823 -0.9339011 -0.1170126 0.283823 -0.9339011 -0.1170126 0.283823 -0.9339011 -0.1170126 0.283823 -0.9339011 -0.1170126 0.2600134 -0.9440239 -0.1141544 0.2600134 -0.9440239 -0.1141544 0.2600134 -0.9440239 -0.1141544 0.2600134 -0.9440239 -0.1141544 0.3174489 -0.9795973 0.1240781 0.3174489 -0.9795973 0.1240781 0.3174489 -0.9795973 0.1240781 0.3174489 -0.9795973 0.1240781 0.3013395 -1.050107 0.08696579 0.3013395 -1.050107 0.08696579 0.3013395 -1.050107 0.08696579 0.3013395 -1.050107 0.08696579 0.2472529 -0.9189967 -0.1229029 0.2472529 -0.9189967 -0.1229029 0.2472529 -0.9189967 -0.1229029 0.2472529 -0.9189967 -0.1229029 0.3084841 -0.9599458 0.1240926 0.3084841 -0.9599458 0.1240926 0.3084841 -0.9599458 0.1240926 0.3084841 -0.9599458 0.1240926 0.2987616 -1.044023 0.09211796 0.2987616 -1.044023 0.09211796 0.2987616 -1.044023 0.09211796 0.2987616 -1.044023 0.09211796 0.2711087 -0.9088724 -0.1255049 0.2711087 -0.9088724 -0.1255049 0.2711087 -0.9088724 -0.1255049 0.2711087 -0.9088724 -0.1255049 0.3281759 -0.9510264 0.1240724 0.3281759 -0.9510264 0.1240724 0.3281759 -0.9510264 0.1240724 0.3281759 -0.9510264 0.1240724 0.3080959 -1.040668 0.09666258 0.3080959 -1.040668 0.09666258 0.3080959 -1.040668 0.09666258 0.3080959 -1.040668 0.09666258 0.2330735 -0.8341407 0.4504119 0.2330735 -0.8341407 0.4504119 0.2330735 -0.8341407 0.4504119 0.2219209 -0.8369621 -0.3634786 0.2219209 -0.8369621 -0.3634786 0.2219209 -0.8369621 -0.3634786 0.233595 -0.8324536 0.4504119 0.233595 -0.8324536 0.4504119 0.233595 -0.8324536 0.4504119 0.2313982 -0.8061978 -0.3634786 0.2313982 -0.8061978 -0.3634786 0.2313982 -0.8061978 -0.3634786 0.2347608 -0.8346622 0.4504119 0.2347608 -0.8346622 0.4504119 0.2347608 -0.8346622 0.4504119 0.2526578 -0.8464623 -0.3634786 0.2526578 -0.8464623 -0.3634786 0.2526578 -0.8464623 -0.3634786 0.235282 -0.832975 0.4504119 0.235282 -0.832975 0.4504119 0.235282 -0.832975 0.4504119 0.2621353 -0.815698 -0.3634786 0.2621353 -0.815698 -0.3634786 0.2621353 -0.815698 -0.3634786 0.2107164 -0.8473079 0.3088651 0.2107164 -0.8473079 0.3088651 0.2107164 -0.8473079 0.3088651 0.2107164 -0.8473079 0.3088651 0.1835073 -0.860973 0.08577173 0.1835073 -0.860973 0.08577173 0.1835073 -0.860973 0.08577173 0.1835073 -0.860973 0.08577173 0.1832708 -0.8191258 -0.1003522 0.1832708 -0.8191258 -0.1003522 0.1832708 -0.8191258 -0.1003522 0.1832708 -0.8191258 -0.1003522 0.193916 -0.7852729 -0.1003376 0.193916 -0.7852729 -0.1003376 0.193916 -0.7852729 -0.1003376 0.193916 -0.7852729 -0.1003376 0.1897907 -0.8392024 0.08668279 0.1897907 -0.8392024 0.08668279 0.1897907 -0.8392024 0.08668279 0.1897907 -0.8392024 0.08668279 0.2136272 -0.8378342 0.3088628 0.2136272 -0.8378342 0.3088628 0.2136272 -0.8378342 0.3088628 0.2136272 -0.8378342 0.3088628 0.2275454 -0.7957159 -0.1003406 0.2275454 -0.7957159 -0.1003406 0.2275454 -0.7957159 -0.1003406 0.2275454 -0.7957159 -0.1003406 0.2113722 -0.8458299 0.08664405 0.2113722 -0.8458299 0.08664405 0.2113722 -0.8458299 0.08664405 0.2113722 -0.8458299 0.08664405 0.2230916 -0.8407795 0.3088605 0.2230916 -0.8407795 0.3088605 0.2230916 -0.8407795 0.3088605 0.2230916 -0.8407795 0.3088605 0.2168967 -0.8295714 -0.1003553 0.2168967 -0.8295714 -0.1003553 0.2168967 -0.8295714 -0.1003553 0.2168967 -0.8295714 -0.1003553 0.2050009 -0.8675638 0.08572214 0.2050009 -0.8675638 0.08572214 0.2050009 -0.8675638 0.08572214 0.2050009 -0.8675638 0.08572214 0.2201812 -0.8502529 0.3088629 0.2201812 -0.8502529 0.3088629 0.2201812 -0.8502529 0.3088629 0.2201812 -0.8502529 0.3088629 0.3126833 -0.8966034 0.3181752 0.3126833 -0.8966034 0.3181752 0.3126833 -0.8966034 0.3181752 0.240967 -0.8826975 -0.3634786 0.240967 -0.8826975 -0.3634786 0.240967 -0.8826975 -0.3634786 0.3132173 -0.8948443 0.318198 0.3132173 -0.8948443 0.318198 0.3132173 -0.8948443 0.318198 0.2508618 -0.8506742 -0.3634786 0.2508618 -0.8506742 -0.3634786 0.2508618 -0.8506742 -0.3634786 0.3144305 -0.8971434 0.3181979 0.3144305 -0.8971434 0.3181979 0.3144305 -0.8971434 0.3181979 0.2729899 -0.8925952 -0.3634786 0.2729899 -0.8925952 -0.3634786 0.2729899 -0.8925952 -0.3634786 0.3149642 -0.8953841 0.3182204 0.3149642 -0.8953841 0.3182204 0.3149642 -0.8953841 0.3182204 0.282885 -0.860572 -0.3634786 0.282885 -0.860572 -0.3634786 0.282885 -0.860572 -0.3634786 0.2978178 -0.9371694 0.2727294 0.2978178 -0.9371694 0.2727294 0.2978178 -0.9371694 0.2727294 0.2978178 -0.9371694 0.2727294 0.2166684 -0.9519311 0.07173502 0.2166684 -0.9519311 0.07173502 0.2166684 -0.9519311 0.07173502 0.2166684 -0.9519311 0.07173502 0.2523615 -0.884374 -0.1005634 0.2523615 -0.884374 -0.1005634 0.2523615 -0.884374 -0.1005634 0.2523615 -0.884374 -0.1005634 0.2610135 -0.8556674 -0.1001797 0.2610135 -0.8556674 -0.1001797 0.2610135 -0.8556674 -0.1001797 0.2610135 -0.8556674 -0.1001797 0.2238706 -0.9294291 0.07176893 0.2238706 -0.9294291 0.07176893 0.2238706 -0.9294291 0.07176893 0.2238706 -0.9294291 0.07176893 0.3045601 -0.9298114 0.2723221 0.3045601 -0.9298114 0.2723221 0.3045601 -0.9298114 0.2723221 0.3045601 -0.9298114 0.2723221 0.2889447 -0.8637042 -0.09989565 0.2889447 -0.8637042 -0.09989565 0.2889447 -0.8637042 -0.09989565 0.2889447 -0.8637042 -0.09989565 0.2463414 -0.9362487 0.07176965 0.2463414 -0.9362487 0.07176965 0.2463414 -0.9362487 0.07176965 0.2463414 -0.9362487 0.07176965 0.310284 -0.9298476 0.2706456 0.310284 -0.9298476 0.2706456 0.310284 -0.9298476 0.2706456 0.310284 -0.9298476 0.2706456 0.2802937 -0.8923822 -0.1002654 0.2802937 -0.8923822 -0.1002654 0.2802937 -0.8923822 -0.1002654 0.2802937 -0.8923822 -0.1002654 0.2393146 -0.9588978 0.07175058 0.2393146 -0.9588978 0.07175058 0.2393146 -0.9588978 0.07175058 0.2393146 -0.9588978 0.07175058 0.3034062 -0.9371334 0.2710145 0.3034062 -0.9371334 0.2710145 0.3034062 -0.9371334 0.2710145 0.3034062 -0.9371334 0.2710145 0.2725673 -0.8312373 0.400947 0.2725673 -0.8312373 0.400947 0.2725673 -0.8312373 0.400947 0.2654494 -0.8237308 -0.3634786 0.2654494 -0.8237308 -0.3634786 0.2654494 -0.8237308 -0.3634786 0.2741201 -0.8309043 0.400947 0.2741201 -0.8309043 0.400947 0.2741201 -0.8309043 0.400947 0.2937471 -0.8176334 -0.3634786 0.2937471 -0.8176334 -0.3634786 0.2937471 -0.8176334 -0.3634786 0.2729004 -0.8327899 0.400947 0.2729004 -0.8327899 0.400947 0.2729004 -0.8327899 0.400947 0.2715169 -0.8520173 -0.3634786 0.2715169 -0.8520173 -0.3634786 0.2715169 -0.8520173 -0.3634786 0.2744532 -0.832457 0.400947 0.2744532 -0.832457 0.400947 0.2744532 -0.832457 0.400947 0.2998146 -0.8459197 -0.3634786 0.2998146 -0.8459197 -0.3634786 0.2998146 -0.8459197 -0.3634786 0.2524068 -0.8194931 0.2736632 0.2524068 -0.8194931 0.2736632 0.2524068 -0.8194931 0.2736632 0.2524068 -0.8194931 0.2736632 0.2298278 -0.8041493 0.0727058 0.2298278 -0.8041493 0.0727058 0.2298278 -0.8041493 0.0727058 0.2298278 -0.8041493 0.0727058 0.2662985 -0.7880634 -0.09431791 0.2662985 -0.7880634 -0.09431791 0.2662985 -0.7880634 -0.09431791 0.2662985 -0.7880634 -0.09431791 0.2911608 -0.7828577 -0.09430754 0.2911608 -0.7828577 -0.09430754 0.2911608 -0.7828577 -0.09430754 0.2911608 -0.7828577 -0.09430754 0.2497769 -0.7995035 0.07272452 0.2497769 -0.7995035 0.07272452 0.2497769 -0.7995035 0.07272452 0.2497769 -0.7995035 0.07272452 0.2611175 -0.8176093 0.2736611 0.2611175 -0.8176093 0.2736611 0.2611175 -0.8176093 0.2736611 0.2611175 -0.8176093 0.2736611 0.2964146 -0.8075096 -0.09430962 0.2964146 -0.8075096 -0.09430962 0.2964146 -0.8075096 -0.09430962 0.2964146 -0.8075096 -0.09430962 0.2540338 -0.8192167 0.07273828 0.2540338 -0.8192167 0.07273828 0.2540338 -0.8192167 0.07273828 0.2540338 -0.8192167 0.07273828 0.2629702 -0.826328 0.2736591 0.2629702 -0.826328 0.2736591 0.2629702 -0.826328 0.2736591 0.2629702 -0.826328 0.2736591 0.2715494 -0.812714 -0.09432011 0.2715494 -0.812714 -0.09432011 0.2715494 -0.812714 -0.09432011 0.2715494 -0.812714 -0.09432011 0.2340866 -0.8238745 0.07271921 0.2340866 -0.8238745 0.07271921 0.2340866 -0.8238745 0.07271921 0.2340866 -0.8238745 0.07271921 0.2542598 -0.828212 0.2736613 0.2542598 -0.828212 0.2736613 0.2542598 -0.828212 0.2736613 0.2542598 -0.828212 0.2736613 0.25859 -0.9211506 0.2820352 0.25859 -0.9211506 0.2820352 0.25859 -0.9211506 0.2820352 0.2379543 -0.8587849 -0.3634786 0.2379543 -0.8587849 -0.3634786 0.2379543 -0.8587849 -0.3634786 0.2602046 -0.9207957 0.2820557 0.2602046 -0.9207957 0.2820557 0.2602046 -0.9207957 0.2820557 0.2674233 -0.8524612 -0.3634786 0.2674233 -0.8524612 -0.3634786 0.2674233 -0.8524612 -0.3634786 0.2589349 -0.9227586 0.2820556 0.2589349 -0.9227586 0.2820556 0.2589349 -0.9227586 0.2820556 0.2442756 -0.8882547 -0.3634786 0.2442756 -0.8882547 -0.3634786 0.2442756 -0.8882547 -0.3634786 0.2605495 -0.9224033 0.2820759 0.2605495 -0.9224033 0.2820759 0.2605495 -0.9224033 0.2820759 0.2737446 -0.8819311 -0.3634786 0.2737446 -0.8819311 -0.3634786 0.2737446 -0.8819311 -0.3634786 0.2202345 -0.927333 0.2411689 0.2202345 -0.927333 0.2411689 0.2202345 -0.927333 0.2411689 0.2202345 -0.927333 0.2411689 0.172965 -0.8701773 0.06042778 0.172965 -0.8701773 0.06042778 0.172965 -0.8701773 0.06042778 0.172965 -0.8701773 0.06042778 0.2416509 -0.8684595 -0.09450888 0.2416509 -0.8684595 -0.09450888 0.2416509 -0.8684595 -0.09450888 0.2416509 -0.8684595 -0.09450888 0.2679719 -0.8626196 -0.09416395 0.2679719 -0.8626196 -0.09416395 0.2679719 -0.8626196 -0.09416395 0.2679719 -0.8626196 -0.09416395 0.1937819 -0.8659294 0.06045824 0.1937819 -0.8659294 0.06045824 0.1937819 -0.8659294 0.06045824 0.1937819 -0.8659294 0.06045824 0.228971 -0.9293849 0.2408025 0.228971 -0.9293849 0.2408025 0.228971 -0.9293849 0.2408025 0.228971 -0.9293849 0.2408025 0.2739531 -0.8880617 -0.09390848 0.2739531 -0.8880617 -0.09390848 0.2739531 -0.8880617 -0.09390848 0.2739531 -0.8880617 -0.09390848 0.1983161 -0.8865532 0.06045889 0.1983161 -0.8865532 0.06045889 0.1983161 -0.8865532 0.06045889 0.1983161 -0.8865532 0.06045889 0.2314602 -0.9338901 0.239295 0.2314602 -0.9338901 0.239295 0.2314602 -0.9338901 0.239295 0.2314602 -0.9338901 0.239295 0.2476552 -0.8938897 -0.09424096 0.2476552 -0.8938897 -0.09424096 0.2476552 -0.8938897 -0.09424096 0.2476552 -0.8938897 -0.09424096 0.1774611 -0.8910037 0.06044179 0.1774611 -0.8910037 0.06044179 0.1774611 -0.8910037 0.06044179 0.1774611 -0.8910037 0.06044179 0.2227208 -0.9317003 0.2396267 0.2227208 -0.9317003 0.2396267 0.2227208 -0.9317003 0.2396267 0.2227208 -0.9317003 0.2396267 0.3092377 -0.8321977 0.1880503 0.3092377 -0.8321977 0.1880503 0.3092377 -0.8321977 0.1880503 0.3127994 -0.8276202 -0.3634786 0.3127994 -0.8276202 -0.3634786 0.3127994 -0.8276202 -0.3634786 0.3094683 -0.8332726 0.1880503 0.3094683 -0.8332726 0.1880503 0.3094683 -0.8332726 0.1880503 0.3170045 -0.8472164 -0.3634786 0.3170045 -0.8472164 -0.3634786 0.3170045 -0.8472164 -0.3634786 0.3081628 -0.8324283 0.1880503 0.3081628 -0.8324283 0.1880503 0.3081628 -0.8324283 0.1880503 0.2932026 -0.8318238 -0.3634786 0.2932026 -0.8318238 -0.3634786 0.2932026 -0.8318238 -0.3634786 0.3083934 -0.8335033 0.1880503 0.3083934 -0.8335033 0.1880503 0.3083934 -0.8335033 0.1880503 0.2974076 -0.8514199 -0.3634786 0.2974076 -0.8514199 -0.3634786 0.2974076 -0.8514199 -0.3634786 0.3173334 -0.8183185 0.09992694 0.3173334 -0.8183185 0.09992694 0.3173334 -0.8183185 0.09992694 0.3173334 -0.8183185 0.09992694 0.3393348 -0.8274174 -0.02458941 0.3393348 -0.8274174 -0.02458941 0.3393348 -0.8274174 -0.02458941 0.3393348 -0.8274174 -0.02458941 0.344994 -0.8391473 -0.1588665 0.344994 -0.8391473 -0.1588665 0.344994 -0.8391473 -0.1588665 0.344994 -0.8391473 -0.1588665 0.3486584 -0.8562281 -0.1588664 0.3486584 -0.8562281 -0.1588664 0.3486584 -0.8562281 -0.1588664 0.3486584 -0.8562281 -0.1588664 0.3422907 -0.8412855 -0.02457642 0.3422907 -0.8412855 -0.02457642 0.3422907 -0.8412855 -0.02457642 0.3422907 -0.8412855 -0.02457642 0.3186375 -0.8243497 0.09992551 0.3186375 -0.8243497 0.09992551 0.3186375 -0.8243497 0.09992551 0.3186375 -0.8243497 0.09992551 0.3315779 -0.8598929 -0.1588664 0.3315779 -0.8598929 -0.1588664 0.3315779 -0.8598929 -0.1588664 0.3315779 -0.8598929 -0.1588664 0.3284415 -0.8442758 -0.02456694 0.3284415 -0.8442758 -0.02456694 0.3284415 -0.8442758 -0.02456694 0.3284415 -0.8442758 -0.02456694 0.3125992 -0.825636 0.09992432 0.3125992 -0.825636 0.09992432 0.3125992 -0.825636 0.09992432 0.3125992 -0.825636 0.09992432 0.3279135 -0.8428122 -0.1588664 0.3279135 -0.8428122 -0.1588664 0.3279135 -0.8428122 -0.1588664 0.3279135 -0.8428122 -0.1588664 0.3254858 -0.8304072 -0.02458012 0.3254858 -0.8304072 -0.02458012 0.3254858 -0.8304072 -0.02458012 0.3254858 -0.8304072 -0.02458012 0.3112949 -0.8196052 0.09992581 0.3112949 -0.8196052 0.09992581 0.3112949 -0.8196052 0.09992581 0.3112949 -0.8196052 0.09992581 0.2539508 -0.7990943 0.2136586 0.2539508 -0.7990943 0.2136586 0.2539508 -0.7990943 0.2136586 0.2514483 -0.7931498 -0.3634786 0.2514483 -0.7931498 -0.3634786 0.2514483 -0.7931498 -0.3634786 0.2551189 -0.7994553 0.2136586 0.2551189 -0.7994553 0.2136586 0.2551189 -0.7994553 0.2136586 0.2727431 -0.7997297 -0.3634786 0.2727431 -0.7997297 -0.3634786 0.2727431 -0.7997297 -0.3634786 0.2535899 -0.8002625 0.2136586 0.2535899 -0.8002625 0.2136586 0.2535899 -0.8002625 0.2136586 0.2448665 -0.8144443 -0.3634786 0.2448665 -0.8144443 -0.3634786 0.2448665 -0.8144443 -0.3634786 0.254758 -0.8006234 0.2136586 0.254758 -0.8006234 0.2136586 0.254758 -0.8006234 0.2136586 0.2661613 -0.8210242 -0.3634786 0.2661613 -0.8210242 -0.3634786 0.2661613 -0.8210242 -0.3634786 0.2448918 -0.7836927 0.1156605 0.2448918 -0.7836927 0.1156605 0.2448918 -0.7836927 0.1156605 0.2448918 -0.7836927 0.1156605 0.2656845 -0.7673012 -0.0228089 0.2656845 -0.7673012 -0.0228089 0.2656845 -0.7673012 -0.0228089 0.2656845 -0.7673012 -0.0228089 0.2801403 -0.7681922 -0.1721326 0.2801403 -0.7681922 -0.1721326 0.2801403 -0.7681922 -0.1721326 0.2801403 -0.7681922 -0.1721326 0.2987011 -0.7739282 -0.1721326 0.2987011 -0.7739282 -0.1721326 0.2987011 -0.7739282 -0.1721326 0.2987011 -0.7739282 -0.1721326 0.2807438 -0.7719773 -0.02279442 0.2807438 -0.7719773 -0.02279442 0.2807438 -0.7719773 -0.02279442 0.2807438 -0.7719773 -0.02279442 0.2514514 -0.7857082 0.1156589 0.2514514 -0.7857082 0.1156589 0.2514514 -0.7857082 0.1156589 0.2514514 -0.7857082 0.1156589 0.2929654 -0.7924891 -0.1721326 0.2929654 -0.7924891 -0.1721326 0.2929654 -0.7924891 -0.1721326 0.2929654 -0.7924891 -0.1721326 0.2761114 -0.787037 -0.02278387 0.2761114 -0.787037 -0.02278387 0.2761114 -0.787037 -0.02278387 0.2761114 -0.787037 -0.02278387 0.2494148 -0.7922647 0.1156576 0.2494148 -0.7922647 0.1156576 0.2494148 -0.7922647 0.1156576 0.2494148 -0.7922647 0.1156576 0.2744045 -0.7867529 -0.1721326 0.2744045 -0.7867529 -0.1721326 0.2744045 -0.7867529 -0.1721326 0.2744045 -0.7867529 -0.1721326 0.2610517 -0.7823604 -0.02279853 0.2610517 -0.7823604 -0.02279853 0.2610517 -0.7823604 -0.02279853 0.2610517 -0.7823604 -0.02279853 0.2428555 -0.7902497 0.1156592 0.2428555 -0.7902497 0.1156592 0.2428555 -0.7902497 0.1156592 0.2428555 -0.7902497 0.1156592 0.1306234 -0.9419432 -0.07090353 0.1306234 -0.9419432 -0.07090353 0.1306234 -0.9419432 -0.07090353 0.2534121 -0.9006015 -0.3634786 0.2534121 -0.9006015 -0.3634786 0.2534121 -0.9006015 -0.3634786 0.1298938 -0.9411804 -0.0705111 0.1298938 -0.9411804 -0.0705111 0.1298938 -0.9411804 -0.0705111 0.2361351 -0.8877834 -0.3634786 0.2361351 -0.8877834 -0.3634786 0.2361351 -0.8877834 -0.3634786 0.1310262 -0.9410697 -0.07142311 0.1310262 -0.9410697 -0.07142311 0.1310262 -0.9410697 -0.07142311 0.2663058 -0.8831543 -0.3634786 0.2663058 -0.8831543 -0.3634786 0.2663058 -0.8831543 -0.3634786 0.130298 -0.9403064 -0.07102811 0.130298 -0.9403064 -0.07102811 0.130298 -0.9403064 -0.07102811 0.249026 -0.8703369 -0.3634786 0.249026 -0.8703369 -0.3634786 0.249026 -0.8703369 -0.3634786 0.1561943 -0.9479061 -0.1044004 0.1561943 -0.9479061 -0.1044004 0.1561943 -0.9479061 -0.1044004 0.1561943 -0.9479061 -0.1044004 0.2086148 -0.9307329 -0.1238732 0.2086148 -0.9307329 -0.1238732 0.2086148 -0.9307329 -0.1238732 0.2086148 -0.9307329 -0.1238732 0.2204522 -0.9002112 -0.2053341 0.2204522 -0.9002112 -0.2053341 0.2204522 -0.9002112 -0.2053341 0.2204522 -0.9002112 -0.2053341 0.2059085 -0.8888946 -0.2041071 0.2059085 -0.8888946 -0.2041071 0.2059085 -0.8888946 -0.2041071 0.2059085 -0.8888946 -0.2041071 0.1963053 -0.9216747 -0.1238592 0.1963053 -0.9216747 -0.1238592 0.1963053 -0.9216747 -0.1238592 0.1963053 -0.9216747 -0.1238592 0.1511916 -0.9439383 -0.1039674 0.1511916 -0.9439383 -0.1039674 0.1511916 -0.9439383 -0.1039674 0.1511916 -0.9439383 -0.1039674 0.2175374 -0.873578 -0.2031702 0.2175374 -0.873578 -0.2031702 0.2175374 -0.873578 -0.2031702 0.2175374 -0.873578 -0.2031702 0.2053236 -0.9093509 -0.1238489 0.2053236 -0.9093509 -0.1238489 0.2053236 -0.9093509 -0.1238489 0.2053236 -0.9093509 -0.1238489 0.1534702 -0.9390897 -0.1071415 0.1534702 -0.9390897 -0.1071415 0.1534702 -0.9390897 -0.1071415 0.1534702 -0.9390897 -0.1071415 0.2320834 -0.8848938 -0.2043848 0.2320834 -0.8848938 -0.2043848 0.2320834 -0.8848938 -0.2043848 0.2320834 -0.8848938 -0.2043848 0.2176333 -0.9184097 -0.1238632 0.2176333 -0.9184097 -0.1238632 0.2176333 -0.9184097 -0.1238632 0.2176333 -0.9184097 -0.1238632 0.1584525 -0.9430622 -0.1076094 0.1584525 -0.9430622 -0.1076094 0.1584525 -0.9430622 -0.1076094 0.1584525 -0.9430622 -0.1076094 -0.07049715 -0.1657865 0.1116974 -0.07049715 -0.1657865 0.1116974 -0.07049715 -0.1657865 0.1116974 0.1266407 -0.2773684 -0.3634787 0.1266407 -0.2773684 -0.3634787 0.1266407 -0.2773684 -0.3634787 -0.07011145 -0.1636849 0.1108672 -0.07011145 -0.1636849 0.1108672 -0.07011145 -0.1636849 0.1108672 0.1256064 -0.2394989 -0.3634787 0.1256064 -0.2394989 -0.3634787 0.1256064 -0.2394989 -0.3634787 -0.06901305 -0.1657438 0.1128165 -0.06901305 -0.1657438 0.1128165 -0.06901305 -0.1657438 0.1128165 0.1648283 -0.2762534 -0.3634787 0.1648283 -0.2762534 -0.3634787 0.1648283 -0.2762534 -0.3634787 -0.068623 -0.1636391 0.1119617 -0.068623 -0.1636391 0.1119617 -0.068623 -0.1636391 0.1119617 0.1637898 -0.2383807 -0.3634787 0.1637898 -0.2383807 -0.3634787 0.1637898 -0.2383807 -0.3634787 -0.05817586 -0.2231034 0.1424509 -0.05817586 -0.2231034 0.1424509 -0.05817586 -0.2231034 0.1424509 -0.05817586 -0.2231034 0.1424509 0.01654475 -0.2899857 0.1835595 0.01654475 -0.2899857 0.1835595 0.01654475 -0.2899857 0.1835595 0.01654475 -0.2899857 0.1835595 0.0843122 -0.2462757 -0.1165809 0.0843122 -0.2462757 -0.1165809 0.0843122 -0.2462757 -0.1165809 0.0843122 -0.2462757 -0.1165809 0.08405798 -0.214065 -0.1130224 0.08405798 -0.214065 -0.1130224 0.08405798 -0.214065 -0.1130224 0.08405798 -0.214065 -0.1130224 0.01570469 -0.2630853 0.1835842 0.01570469 -0.2630853 0.1835842 0.01570469 -0.2630853 0.1835842 0.01570469 -0.2630853 0.1835842 -0.05765044 -0.210857 0.1373783 -0.05765044 -0.210857 0.1373783 -0.05765044 -0.210857 0.1373783 -0.05765044 -0.210857 0.1373783 0.1189292 -0.2113608 -0.1239145 0.1189292 -0.2113608 -0.1239145 0.1189292 -0.2113608 -0.1239145 0.1189292 -0.2113608 -0.1239145 0.04258161 -0.2621744 0.1836022 0.04258161 -0.2621744 0.1836022 0.04258161 -0.2621744 0.1836022 0.04258161 -0.2621744 0.1836022 -0.04942369 -0.2108022 0.1437928 -0.04942369 -0.2108022 0.1437928 -0.04942369 -0.2108022 0.1437928 -0.04942369 -0.2108022 0.1437928 0.1191631 -0.2436252 -0.1271541 0.1191631 -0.2436252 -0.1271541 0.1191631 -0.2436252 -0.1271541 0.1191631 -0.2436252 -0.1271541 0.04342097 -0.2890758 0.1835771 0.04342097 -0.2890758 0.1835771 0.04342097 -0.2890758 0.1835771 0.04342097 -0.2890758 0.1835771 -0.05002951 -0.2231367 0.1494511 -0.05002951 -0.2231367 0.1494511 -0.05002951 -0.2231367 0.1494511 -0.05002951 -0.2231367 0.1494511 0.2232571 -0.2356281 0.5898795 0.2232571 -0.2356281 0.5898795 0.2232571 -0.2356281 0.5898795 0.2253456 -0.2214584 -0.3634787 0.2253456 -0.2214584 -0.3634787 0.2253456 -0.2214584 -0.3634787 0.2249472 -0.2370342 0.5898795 0.2249472 -0.2370342 0.5898795 0.2249472 -0.2370342 0.5898795 0.2561808 -0.247061 -0.3634787 0.2561808 -0.247061 -0.3634787 0.2561808 -0.247061 -0.3634787 0.221851 -0.2373185 0.5898795 0.221851 -0.2373185 0.5898795 0.221851 -0.2373185 0.5898795 0.1997297 -0.2522513 -0.3634787 0.1997297 -0.2522513 -0.3634787 0.1997297 -0.2522513 -0.3634787 0.2235414 -0.2387244 0.5898795 0.2235414 -0.2387244 0.5898795 0.2235414 -0.2387244 0.5898795 0.2305647 -0.2778541 -0.3634787 0.2305647 -0.2778541 -0.3634787 0.2305647 -0.2778541 -0.3634787 0.2188088 -0.2036318 0.4136495 0.2188088 -0.2036318 0.4136495 0.2188088 -0.2036318 0.4136495 0.2188088 -0.2036318 0.4136495 0.2161077 -0.1658198 0.1358916 0.2161077 -0.1658198 0.1358916 0.2161077 -0.1658198 0.1358916 0.2161077 -0.1658198 0.1358916 0.2643275 -0.185554 -0.09583818 0.2643275 -0.185554 -0.09583818 0.2643275 -0.185554 -0.09583818 0.2643275 -0.185554 -0.09583818 0.2981551 -0.2139759 -0.09582012 0.2981551 -0.2139759 -0.09582012 0.2981551 -0.2139759 -0.09582012 0.2981551 -0.2139759 -0.09582012 0.2381309 -0.1834511 0.1370259 0.2381309 -0.1834511 0.1370259 0.2381309 -0.1834511 0.1370259 0.2381309 -0.1834511 0.1370259 0.228308 -0.2115072 0.4136466 0.228308 -0.2115072 0.4136466 0.228308 -0.2115072 0.4136466 0.228308 -0.2115072 0.4136466 0.2700725 -0.2476432 -0.0958237 0.2700725 -0.2476432 -0.0958237 0.2700725 -0.2476432 -0.0958237 0.2700725 -0.2476432 -0.0958237 0.2201943 -0.2050924 0.1369777 0.2201943 -0.2050924 0.1369777 0.2201943 -0.2050924 0.1369777 0.2201943 -0.2050924 0.1369777 0.2203974 -0.2209793 0.4136438 0.2203974 -0.2209793 0.4136438 0.2203974 -0.2209793 0.4136438 0.2203974 -0.2209793 0.4136438 0.2362436 -0.2192161 -0.09584206 0.2362436 -0.2192161 -0.09584206 0.2362436 -0.2192161 -0.09584206 0.2362436 -0.2192161 -0.09584206 0.1982554 -0.1873775 0.1358299 0.1982554 -0.1873775 0.1358299 0.1982554 -0.1873775 0.1358299 0.1982554 -0.1873775 0.1358299 0.2108983 -0.2131046 0.4136468 0.2108983 -0.2131046 0.4136468 0.2108983 -0.2131046 0.4136468 0.2108983 -0.2131046 0.4136468 0.1133914 -0.2972842 0.4252409 0.1133914 -0.2972842 0.4252409 0.1133914 -0.2972842 0.4252409 0.1636634 -0.2214885 -0.3634787 0.1636634 -0.2214885 -0.3634787 0.1636634 -0.2214885 -0.3634787 0.1151583 -0.2987391 0.4252692 0.1151583 -0.2987391 0.4252692 0.1151583 -0.2987391 0.4252692 0.1957464 -0.2481729 -0.3634787 0.1957464 -0.2481729 -0.3634787 0.1957464 -0.2481729 -0.3634787 0.1119353 -0.2990347 0.4252691 0.1119353 -0.2990347 0.4252691 0.1119353 -0.2990347 0.4252691 0.1369757 -0.2535696 -0.3634787 0.1369757 -0.2535696 -0.3634787 0.1369757 -0.2535696 -0.3634787 0.1137027 -0.3004892 0.4252971 0.1137027 -0.3004892 0.4252971 0.1137027 -0.3004892 0.4252971 0.1690585 -0.2802543 -0.3634787 0.1690585 -0.2802543 -0.3634787 0.1690585 -0.2802543 -0.3634787 0.07386434 -0.2608015 0.3686595 0.07386434 -0.2608015 0.3686595 0.07386434 -0.2608015 0.3686595 0.07386434 -0.2608015 0.3686595 0.09569019 -0.1604562 0.1184155 0.09569019 -0.1604562 0.1184155 0.09569019 -0.1604562 0.1184155 0.09569019 -0.1604562 0.1184155 0.1562886 -0.2337859 -0.09610116 0.1562886 -0.2337859 -0.09610116 0.1562886 -0.2337859 -0.09610116 0.1562886 -0.2337859 -0.09610116 0.185153 -0.257456 -0.09562355 0.185153 -0.257456 -0.09562355 0.185153 -0.257456 -0.09562355 0.185153 -0.257456 -0.09562355 0.1181149 -0.1794935 0.1184577 0.1181149 -0.1794935 0.1184577 0.1181149 -0.1794935 0.1184577 0.1181149 -0.1794935 0.1184577 0.07909965 -0.2720699 0.3681523 0.07909965 -0.2720699 0.3681523 0.07909965 -0.2720699 0.3681523 0.07909965 -0.2720699 0.3681523 0.1625608 -0.2857231 -0.09526979 0.1625608 -0.2857231 -0.09526979 0.1625608 -0.2857231 -0.09526979 0.1625608 -0.2857231 -0.09526979 0.09953242 -0.2020652 0.1184586 0.09953242 -0.2020652 0.1184586 0.09953242 -0.2020652 0.1184586 0.09953242 -0.2020652 0.1184586 0.07632154 -0.2786328 0.3660652 0.07632154 -0.2786328 0.3660652 0.07632154 -0.2786328 0.3660652 0.07632154 -0.2786328 0.3660652 0.1337289 -0.2620678 -0.09573018 0.1337289 -0.2620678 -0.09573018 0.1337289 -0.2620678 -0.09573018 0.1337289 -0.2620678 -0.09573018 0.07685476 -0.1831592 0.1184349 0.07685476 -0.1831592 0.1184349 0.07685476 -0.1831592 0.1184349 0.07685476 -0.1831592 0.1184349 0.07123398 -0.267243 0.3665243 0.07123398 -0.267243 0.3665243 0.07123398 -0.267243 0.3665243 0.07123398 -0.267243 0.3665243 0.2077137 -0.2824176 0.5282942 0.2077137 -0.2824176 0.5282942 0.2077137 -0.2824176 0.5282942 0.219746 -0.2778236 -0.3634787 0.219746 -0.2778236 -0.3634787 0.219746 -0.2778236 -0.3634787 0.2073541 -0.2843618 0.5282942 0.2073541 -0.2843618 0.5282942 0.2073541 -0.2843618 0.5282942 0.213227 -0.3132692 -0.3634787 0.213227 -0.3132692 -0.3634787 0.213227 -0.3132692 -0.3634787 0.2057695 -0.2820583 0.5282942 0.2057695 -0.2820583 0.5282942 0.2057695 -0.2820583 0.5282942 0.1843276 -0.2712755 -0.3634787 0.1843276 -0.2712755 -0.3634787 0.1843276 -0.2712755 -0.3634787 0.2054101 -0.2840025 0.5282942 0.2054101 -0.2840025 0.5282942 0.2054101 -0.2840025 0.5282942 0.1778088 -0.3067213 -0.3634787 0.1778088 -0.3067213 -0.3634787 0.1778088 -0.3067213 -0.3634787 0.230853 -0.2648562 0.3698222 0.230853 -0.2648562 0.3698222 0.230853 -0.2648562 0.3698222 0.230853 -0.2648562 0.3698222 0.2592865 -0.2462351 0.1196241 0.2592865 -0.2462351 0.1196241 0.2592865 -0.2462351 0.1196241 0.2592865 -0.2462351 0.1196241 0.2603427 -0.2958515 -0.08832538 0.2603427 -0.2958515 -0.08832538 0.2603427 -0.2958515 -0.08832538 0.2603427 -0.2958515 -0.08832538 0.2544411 -0.3269217 -0.08831244 0.2544411 -0.3269217 -0.08831244 0.2544411 -0.3269217 -0.08831244 0.2544411 -0.3269217 -0.08831244 0.2550899 -0.2713894 0.1196475 0.2550899 -0.2713894 0.1196475 0.2550899 -0.2713894 0.1196475 0.2550899 -0.2713894 0.1196475 0.2288542 -0.2757703 0.3698195 0.2288542 -0.2757703 0.3698195 0.2288542 -0.2757703 0.3698195 0.2288542 -0.2757703 0.3698195 0.2235899 -0.3211757 -0.08831501 0.2235899 -0.3211757 -0.08831501 0.2235899 -0.3211757 -0.08831501 0.2235899 -0.3211757 -0.08831501 0.2303929 -0.2668585 0.1196646 0.2303929 -0.2668585 0.1196646 0.2303929 -0.2668585 0.1196646 0.2303929 -0.2668585 0.1196646 0.2179455 -0.2737319 0.369817 0.2179455 -0.2737319 0.369817 0.2179455 -0.2737319 0.369817 0.2179455 -0.2737319 0.369817 0.2294943 -0.290103 -0.08832812 0.2294943 -0.290103 -0.08832812 0.2294943 -0.290103 -0.08832812 0.2294943 -0.290103 -0.08832812 0.2345746 -0.2417008 0.1196409 0.2345746 -0.2417008 0.1196409 0.2345746 -0.2417008 0.1196409 0.2345746 -0.2417008 0.1196409 0.219944 -0.2628179 0.3698197 0.219944 -0.2628179 0.3698197 0.219944 -0.2628179 0.3698197 0.219944 -0.2628179 0.3698197 0.1110332 -0.223364 0.3802455 0.1110332 -0.223364 0.3802455 0.1110332 -0.223364 0.3802455 0.1925932 -0.2294571 -0.3634787 0.1925932 -0.2294571 -0.3634787 0.1925932 -0.2294571 -0.3634787 0.1106693 -0.2253897 0.380271 0.1106693 -0.2253897 0.380271 0.1106693 -0.2253897 0.380271 0.1857743 -0.2663574 -0.3634787 0.1857743 -0.2663574 -0.3634787 0.1857743 -0.2663574 -0.3634787 0.1090198 -0.2229918 0.3802709 0.1090198 -0.2229918 0.3802709 0.1090198 -0.2229918 0.3802709 0.1556931 -0.2226351 -0.3634787 0.1556931 -0.2226351 -0.3634787 0.1556931 -0.2226351 -0.3634787 0.1086563 -0.2250177 0.3802961 0.1086563 -0.2250177 0.3802961 0.1086563 -0.2250177 0.3802961 0.1488742 -0.2595354 -0.3634787 0.1488742 -0.2595354 -0.3634787 0.1488742 -0.2595354 -0.3634787 0.1222628 -0.1763156 0.3293657 0.1222628 -0.1763156 0.3293657 0.1222628 -0.1763156 0.3293657 0.1222628 -0.1763156 0.3293657 0.2105665 -0.1493001 0.1043376 0.2105665 -0.1493001 0.1043376 0.2105665 -0.1493001 0.1043376 0.2105665 -0.1493001 0.1043376 0.1797041 -0.2290816 -0.08856314 0.1797041 -0.2290816 -0.08856314 0.1797041 -0.2290816 -0.08856314 0.1797041 -0.2290816 -0.08856314 0.1738341 -0.2621316 -0.08813369 0.1738341 -0.2621316 -0.08813369 0.1738341 -0.2621316 -0.08813369 0.1738341 -0.2621316 -0.08813369 0.2054979 -0.1752617 0.1043756 0.2054979 -0.1752617 0.1043756 0.2054979 -0.1752617 0.1043756 0.2054979 -0.1752617 0.1043756 0.1157273 -0.1853779 0.3289096 0.1157273 -0.1853779 0.3289096 0.1157273 -0.1853779 0.3289096 0.1157273 -0.1853779 0.3289096 0.1417269 -0.2568443 -0.08781558 0.1417269 -0.2568443 -0.08781558 0.1417269 -0.2568443 -0.08781558 0.1417269 -0.2568443 -0.08781558 0.1796212 -0.1706144 0.1043764 0.1796212 -0.1706144 0.1043764 0.1796212 -0.1706144 0.1043764 0.1796212 -0.1706144 0.1043764 0.1093582 -0.1860855 0.3270327 0.1093582 -0.1860855 0.3270327 0.1093582 -0.1860855 0.3270327 0.1093582 -0.1860855 0.3270327 0.1475995 -0.2238264 -0.08822953 0.1475995 -0.2238264 -0.08822953 0.1475995 -0.2238264 -0.08822953 0.1475995 -0.2238264 -0.08822953 0.1844754 -0.1445122 0.104355 0.1844754 -0.1445122 0.104355 0.1844754 -0.1445122 0.104355 0.1844754 -0.1445122 0.104355 0.1160537 -0.1770858 0.3274456 0.1160537 -0.1770858 0.3274456 0.1160537 -0.1770858 0.3274456 0.1160537 -0.1770858 0.3274456 0.1890785 -0.3241141 0.2632315 0.1890785 -0.3241141 0.2632315 0.1890785 -0.3241141 0.2632315 0.1926378 -0.330397 -0.3634787 0.1926378 -0.330397 -0.3634787 0.1926378 -0.330397 -0.3634787 0.1877325 -0.3238653 0.2632315 0.1877325 -0.3238653 0.2632315 0.1877325 -0.3238653 0.2632315 0.1681001 -0.3258625 -0.3634787 0.1681001 -0.3258625 -0.3634787 0.1681001 -0.3258625 -0.3634787 0.1893271 -0.3227682 0.2632315 0.1893271 -0.3227682 0.2632315 0.1893271 -0.3227682 0.2632315 0.1971743 -0.3058591 -0.3634787 0.1971743 -0.3058591 -0.3634787 0.1971743 -0.3058591 -0.3634787 0.1879811 -0.3225194 0.2632315 0.1879811 -0.3225194 0.2632315 0.1879811 -0.3225194 0.2632315 0.1726365 -0.3013247 -0.3634787 0.1726365 -0.3013247 -0.3634787 0.1726365 -0.3013247 -0.3634787 0.2011634 -0.3400561 0.1535153 0.2011634 -0.3400561 0.1535153 0.2011634 -0.3400561 0.1535153 0.2011634 -0.3400561 0.1535153 0.1801851 -0.3609986 -0.001511335 0.1801851 -0.3609986 -0.001511335 0.1801851 -0.3609986 -0.001511335 0.1801851 -0.3609986 -0.001511335 0.163995 -0.3618965 -0.1686902 0.163995 -0.3618965 -0.1686902 0.163995 -0.3618965 -0.1686902 0.163995 -0.3618965 -0.1686902 0.1426074 -0.3579431 -0.1686902 0.1426074 -0.3579431 -0.1686902 0.1426074 -0.3579431 -0.1686902 0.1426074 -0.3579431 -0.1686902 0.1628293 -0.3577666 -0.001495182 0.1628293 -0.3577666 -0.001495182 0.1628293 -0.3577666 -0.001495182 0.1628293 -0.3577666 -0.001495182 0.1936066 -0.338672 0.1535135 0.1936066 -0.338672 0.1535135 0.1936066 -0.338672 0.1535135 0.1936066 -0.338672 0.1535135 0.1465601 -0.3365556 -0.1686902 0.1465601 -0.3365556 -0.1686902 0.1465601 -0.3365556 -0.1686902 0.1465601 -0.3365556 -0.1686902 0.1660128 -0.3404162 -0.001483321 0.1660128 -0.3404162 -0.001483321 0.1660128 -0.3404162 -0.001483321 0.1660128 -0.3404162 -0.001483321 0.1950146 -0.3311155 0.153512 0.1950146 -0.3311155 0.153512 0.1950146 -0.3311155 0.153512 0.1950146 -0.3311155 0.153512 0.1679477 -0.3405089 -0.1686902 0.1679477 -0.3405089 -0.1686902 0.1679477 -0.3405089 -0.1686902 0.1679477 -0.3405089 -0.1686902 0.1833689 -0.3436487 -0.001499772 0.1833689 -0.3436487 -0.001499772 0.1833689 -0.3436487 -0.001499772 0.1833689 -0.3436487 -0.001499772 0.202571 -0.3324992 0.1535139 0.202571 -0.3324992 0.1535139 0.202571 -0.3324992 0.1535139 0.202571 -0.3324992 0.1535139 0.253565 -0.2763833 0.2951146 0.253565 -0.2763833 0.2951146 0.253565 -0.2763833 0.2951146 0.2615952 -0.2763482 -0.3634787 0.2615952 -0.2763482 -0.3634787 0.2615952 -0.2763482 -0.3634787 0.2525916 -0.2775535 0.2951146 0.2525916 -0.2775535 0.2951146 0.2525916 -0.2775535 0.2951146 0.2438503 -0.2976827 -0.3634787 0.2438503 -0.2976827 -0.3634787 0.2438503 -0.2976827 -0.3634787 0.2523945 -0.2754099 0.2951146 0.2523945 -0.2754099 0.2951146 0.2523945 -0.2754099 0.2951146 0.2402618 -0.2586014 -0.3634787 0.2402618 -0.2586014 -0.3634787 0.2402618 -0.2586014 -0.3634787 0.2514212 -0.2765802 0.2951146 0.2514212 -0.2765802 0.2951146 0.2514212 -0.2765802 0.2951146 0.2225171 -0.2799359 -0.3634787 0.2225171 -0.2799359 -0.3634787 0.2225171 -0.2799359 -0.3634787 0.2756013 -0.2733323 0.173104 0.2756013 -0.2733323 0.173104 0.2756013 -0.2733323 0.173104 0.2756013 -0.2733323 0.173104 0.2845041 -0.3050716 7.05464e-4 0.2845041 -0.3050716 7.05464e-4 0.2845041 -0.3050716 7.05464e-4 0.2845041 -0.3050716 7.05464e-4 0.2765689 -0.3212639 -0.185207 0.2765689 -0.3212639 -0.185207 0.2765689 -0.3212639 -0.185207 0.2765689 -0.3212639 -0.185207 0.2611014 -0.3398587 -0.1852069 0.2611014 -0.3398587 -0.1852069 0.2611014 -0.3398587 -0.1852069 0.2611014 -0.3398587 -0.1852069 0.2719292 -0.320148 7.23461e-4 0.2719292 -0.320148 7.23461e-4 0.2719292 -0.320148 7.23461e-4 0.2719292 -0.320148 7.23461e-4 0.2701483 -0.2799095 0.173102 0.2701483 -0.2799095 0.173102 0.2701483 -0.2799095 0.173102 0.2701483 -0.2799095 0.173102 0.2425061 -0.3243915 -0.1852069 0.2425061 -0.3243915 -0.1852069 0.2425061 -0.3243915 -0.1852069 0.2425061 -0.3243915 -0.1852069 0.2568314 -0.307623 7.36633e-4 0.2568314 -0.307623 7.36633e-4 0.2568314 -0.307623 7.36633e-4 0.2568314 -0.307623 7.36633e-4 0.2635847 -0.2744337 0.1731004 0.2635847 -0.2744337 0.1731004 0.2635847 -0.2744337 0.1731004 0.2635847 -0.2744337 0.1731004 0.257974 -0.3057966 -0.185207 0.257974 -0.3057966 -0.185207 0.257974 -0.3057966 -0.185207 0.257974 -0.3057966 -0.185207 0.2694072 -0.2925463 7.1834e-4 0.2694072 -0.2925463 7.1834e-4 0.2694072 -0.2925463 7.1834e-4 0.2694072 -0.2925463 7.1834e-4 0.2690371 -0.2678567 0.1731024 0.2690371 -0.2678567 0.1731024 0.2690371 -0.2678567 0.1731024 0.2690371 -0.2678567 0.1731024 0.1483083 -0.06631529 -0.05917376 0.1483083 -0.06631529 -0.05917376 0.1483083 -0.06631529 -0.05917376 0.1371314 -0.2272356 -0.3634787 0.1371314 -0.2272356 -0.3634787 0.1371314 -0.2272356 -0.3634787 0.1495339 -0.06584125 -0.05868512 0.1495339 -0.06584125 -0.05868512 0.1495339 -0.06584125 -0.05868512 0.1601268 -0.2135023 -0.3634787 0.1601268 -0.2135023 -0.3634787 0.1601268 -0.2135023 -0.3634787 0.1491197 -0.06719589 -0.05982065 0.1491197 -0.06719589 -0.05982065 0.1491197 -0.06719589 -0.05982065 0.1510242 -0.2503991 -0.3634787 0.1510242 -0.2503991 -0.3634787 0.1510242 -0.2503991 -0.3634787 0.1503454 -0.0667237 -0.05932885 0.1503454 -0.0667237 -0.05932885 0.1503454 -0.0667237 -0.05932885 0.1740201 -0.2366621 -0.3634787 0.1740201 -0.2366621 -0.3634787 0.1740201 -0.2366621 -0.3634787 0.1292285 -0.09286046 -0.1008784 0.1292285 -0.09286046 -0.1008784 0.1292285 -0.09286046 -0.1008784 0.1292285 -0.09286046 -0.1008784 0.1239094 -0.1613323 -0.1251226 0.1239094 -0.1613323 -0.1251226 0.1239094 -0.1613323 -0.1251226 0.1239094 -0.1613323 -0.1251226 0.1533376 -0.1895322 -0.2265439 0.1533376 -0.1895322 -0.2265439 0.1533376 -0.1895322 -0.2265439 0.1533376 -0.1895322 -0.2265439 0.1732999 -0.1782231 -0.2250162 0.1732999 -0.1782231 -0.2250162 0.1732999 -0.1782231 -0.2250162 0.1732999 -0.1782231 -0.2250162 0.1402075 -0.1515121 -0.1251051 0.1402075 -0.1515121 -0.1251051 0.1402075 -0.1515121 -0.1251051 0.1402075 -0.1515121 -0.1251051 0.1361815 -0.08900636 -0.1003392 0.1361815 -0.08900636 -0.1003392 0.1361815 -0.08900636 -0.1003392 0.1361815 -0.08900636 -0.1003392 0.1853482 -0.1989141 -0.2238497 0.1853482 -0.1989141 -0.2238497 0.1853482 -0.1989141 -0.2238497 0.1853482 -0.1989141 -0.2238497 0.1500634 -0.167771 -0.1250923 0.1500634 -0.167771 -0.1250923 0.1500634 -0.167771 -0.1250923 0.1500634 -0.167771 -0.1250923 0.140666 -0.09394377 -0.1042911 0.140666 -0.09394377 -0.1042911 0.140666 -0.09394377 -0.1042911 0.140666 -0.09394377 -0.1042911 0.1653855 -0.2102261 -0.2253618 0.1653855 -0.2102261 -0.2253618 0.1653855 -0.2102261 -0.2253618 0.1653855 -0.2102261 -0.2253618 0.1337645 -0.1775913 -0.12511 0.1337645 -0.1775913 -0.12511 0.1337645 -0.1775913 -0.12511 0.1337645 -0.1775913 -0.12511 0.1337174 -0.09777224 -0.1048737 0.1337174 -0.09777224 -0.1048737 0.1337174 -0.09777224 -0.1048737 0.1337174 -0.09777224 -0.1048737 0.06014764 -0.4114725 0.1116974 0.06014764 -0.4114725 0.1116974 0.06014764 -0.4114725 0.1116974 -0.1555294 -0.3422104 -0.3634786 -0.1555294 -0.3422104 -0.3634786 -0.1555294 -0.3422104 -0.3634786 0.06019634 -0.4136087 0.1108672 0.06019634 -0.4136087 0.1108672 0.06019634 -0.4136087 0.1108672 -0.1468331 -0.3790823 -0.3634786 -0.1468331 -0.3790823 -0.3634786 -0.1468331 -0.3790823 -0.3634786 0.05870306 -0.4118154 0.1128165 0.05870306 -0.4118154 0.1128165 0.05870306 -0.4118154 0.1128165 -0.1926966 -0.3510503 -0.3634786 -0.1926966 -0.3510503 -0.3634786 -0.1926966 -0.3510503 -0.3634786 0.05874812 -0.4139555 0.1119617 0.05874812 -0.4139555 0.1119617 0.05874812 -0.4139555 0.1119617 -0.1839954 -0.3879246 -0.3634786 -0.1839954 -0.3879246 -0.3634786 -0.1839954 -0.3879246 -0.3634786 0.03645312 -0.3578478 0.1424509 0.03645312 -0.3578478 0.1424509 0.03645312 -0.3578478 0.1424509 0.03645312 -0.3578478 0.1424509 -0.05028355 -0.3075174 0.1835595 -0.05028355 -0.3075174 0.1835595 -0.05028355 -0.3075174 0.1835595 -0.05028355 -0.3075174 0.1835595 -0.1077727 -0.364068 -0.116581 -0.1077727 -0.364068 -0.116581 -0.1077727 -0.364068 -0.116581 -0.1077727 -0.364068 -0.116581 -0.1009883 -0.3955571 -0.1130224 -0.1009883 -0.3955571 -0.1130224 -0.1009883 -0.3955571 -0.1130224 -0.1009883 -0.3955571 -0.1130224 -0.04400289 -0.3336878 0.1835842 -0.04400289 -0.3336878 0.1835842 -0.04400289 -0.3336878 0.1835842 -0.04400289 -0.3336878 0.1835842 0.03842341 -0.3699461 0.1373783 0.03842341 -0.3699461 0.1373783 0.03842341 -0.3699461 0.1373783 0.03842341 -0.3699461 0.1373783 -0.1345856 -0.4052803 -0.1239145 -0.1345856 -0.4052803 -0.1239145 -0.1345856 -0.4052803 -0.1239145 -0.1345856 -0.4052803 -0.1239145 -0.07013595 -0.3400329 0.1836022 -0.07013595 -0.3400329 0.1836022 -0.07013595 -0.3400329 0.1836022 -0.07013595 -0.3400329 0.1836022 0.03037887 -0.3716689 0.1437928 0.03037887 -0.3716689 0.1437928 0.03037887 -0.3716689 0.1437928 0.03037887 -0.3716689 0.1437928 -0.141361 -0.3737345 -0.1271541 -0.141361 -0.3737345 -0.1271541 -0.141361 -0.3737345 -0.1271541 -0.141361 -0.3737345 -0.1271541 -0.07641613 -0.3138614 0.1835771 -0.07641613 -0.3138614 0.1835771 -0.07641613 -0.3138614 0.1835771 -0.07641613 -0.3138614 0.1835771 0.02846944 -0.359468 0.149451 0.02846944 -0.359468 0.149451 0.02846944 -0.359468 0.149451 0.02846944 -0.359468 0.149451 -0.2416672 -0.4026856 0.5898795 -0.2416672 -0.4026856 0.5898795 -0.2416672 -0.4026856 0.5898795 -0.2408372 -0.4169843 -0.3634786 -0.2408372 -0.4169843 -0.3634786 -0.2408372 -0.4169843 -0.3634786 -0.2436075 -0.4016517 0.5898795 -0.2436075 -0.4016517 0.5898795 -0.2436075 -0.4016517 0.5898795 -0.2762258 -0.3981707 -0.3634786 -0.2762258 -0.3981707 -0.3634786 -0.2762258 -0.3981707 -0.3634786 -0.2406333 -0.4007451 0.5898795 -0.2406333 -0.4007451 0.5898795 -0.2406333 -0.4007451 0.5898795 -0.222002 -0.3816346 -0.3634786 -0.222002 -0.3816346 -0.3634786 -0.222002 -0.3816346 -0.3634786 -0.2425738 -0.3997115 0.5898795 -0.2425738 -0.3997115 0.5898795 -0.2425738 -0.3997115 0.5898795 -0.2573904 -0.3628207 -0.3634786 -0.2573904 -0.3628207 -0.3634786 -0.2573904 -0.3628207 -0.3634786 -0.2308195 -0.4331139 0.4136495 -0.2308195 -0.4331139 0.4136495 -0.2308195 -0.4331139 0.4136495 -0.2308195 -0.4331139 0.4136495 -0.2205026 -0.4695913 0.1358916 -0.2205026 -0.4695913 0.1358916 -0.2205026 -0.4695913 0.1358916 -0.2205026 -0.4695913 0.1358916 -0.2717235 -0.4600513 -0.09583818 -0.2717235 -0.4600513 -0.09583818 -0.2717235 -0.4600513 -0.09583818 -0.2717235 -0.4600513 -0.09583818 -0.3106141 -0.4390841 -0.09582012 -0.3106141 -0.4390841 -0.09582012 -0.3106141 -0.4390841 -0.09582012 -0.3106141 -0.4390841 -0.09582012 -0.2456451 -0.4567953 0.1370259 -0.2456451 -0.4567953 0.1370259 -0.2456451 -0.4567953 0.1370259 -0.2456451 -0.4567953 0.1370259 -0.241719 -0.4273297 0.4136466 -0.241719 -0.4273297 0.4136466 -0.241719 -0.4273297 0.4136466 -0.241719 -0.4273297 0.4136466 -0.2899467 -0.4004192 -0.0958237 -0.2899467 -0.4004192 -0.0958237 -0.2899467 -0.4004192 -0.0958237 -0.2899467 -0.4004192 -0.0958237 -0.2324726 -0.4319648 0.1369777 -0.2324726 -0.4319648 0.1369777 -0.2324726 -0.4319648 0.1369777 -0.2324726 -0.4319648 0.1369777 -0.2358948 -0.4164496 0.4136438 -0.2358948 -0.4164496 0.4136438 -0.2358948 -0.4164496 0.4136438 -0.2358948 -0.4164496 0.4136438 -0.2510537 -0.4213913 -0.09584206 -0.2510537 -0.4213913 -0.09584206 -0.2510537 -0.4213913 -0.09584206 -0.2510537 -0.4213913 -0.09584206 -0.2073956 -0.4448599 0.1358299 -0.2073956 -0.4448599 0.1358299 -0.2073956 -0.4448599 0.1358299 -0.2073956 -0.4448599 0.1358299 -0.2249955 -0.4222332 0.4136468 -0.2249955 -0.4222332 0.4136468 -0.2249955 -0.4222332 0.4136468 -0.2249955 -0.4222332 0.4136468 -0.1465967 -0.3200206 0.4252409 -0.1465967 -0.3200206 0.4252409 -0.1465967 -0.3200206 0.4252409 -0.1804441 -0.4044398 -0.3634786 -0.1804441 -0.4044398 -0.3634786 -0.1804441 -0.4044398 -0.3634786 -0.148622 -0.3189545 0.4252693 -0.148622 -0.3189545 0.4252693 -0.148622 -0.3189545 0.4252693 -0.2172741 -0.3848199 -0.3634786 -0.2172741 -0.3848199 -0.3634786 -0.2172741 -0.3848199 -0.3634786 -0.1455259 -0.3180111 0.4252691 -0.1455259 -0.3180111 0.4252691 -0.1455259 -0.3180111 0.4252691 -0.1608208 -0.367611 -0.3634786 -0.1608208 -0.367611 -0.3634786 -0.1608208 -0.367611 -0.3634786 -0.1475517 -0.3169454 0.4252972 -0.1475517 -0.3169454 0.4252972 -0.1475517 -0.3169454 0.4252972 -0.1976505 -0.3479909 -0.3634786 -0.1976505 -0.3479909 -0.3634786 -0.1976505 -0.3479909 -0.3634786 -0.1004894 -0.3477244 0.3686595 -0.1004894 -0.3477244 0.3686595 -0.1004894 -0.3477244 0.3686595 -0.1004894 -0.3477244 0.3686595 -0.1015015 -0.4504109 0.1184155 -0.1015015 -0.4504109 0.1184155 -0.1015015 -0.4504109 0.1184155 -0.1015015 -0.4504109 0.1184155 -0.1757179 -0.3909018 -0.09610116 -0.1757179 -0.3909018 -0.09610116 -0.1757179 -0.3909018 -0.09610116 -0.1757179 -0.3909018 -0.09610116 -0.2087845 -0.3735806 -0.09562355 -0.2087845 -0.3735806 -0.09562355 -0.2087845 -0.3735806 -0.09562355 -0.2087845 -0.3735806 -0.09562355 -0.1273224 -0.4363196 0.1184577 -0.1273224 -0.4363196 0.1184577 -0.1273224 -0.4363196 0.1184577 -0.1273224 -0.4363196 0.1184577 -0.1079022 -0.3377527 0.3681524 -0.1079022 -0.3377527 0.3681524 -0.1079022 -0.3377527 0.3681524 -0.1079022 -0.3377527 0.3681524 -0.1923975 -0.3413175 -0.09526979 -0.1923975 -0.3413175 -0.09526979 -0.1923975 -0.3413175 -0.09526979 -0.1923975 -0.3413175 -0.09526979 -0.1137061 -0.410447 0.1184586 -0.1137061 -0.410447 0.1184586 -0.1137061 -0.410447 0.1184586 -0.1137061 -0.410447 0.1184586 -0.1065135 -0.3307627 0.3660652 -0.1065135 -0.3307627 0.3660652 -0.1065135 -0.3307627 0.3660652 -0.1065135 -0.3307627 0.3660652 -0.1593657 -0.3586309 -0.09573018 -0.1593657 -0.3586309 -0.09573018 -0.1593657 -0.3586309 -0.09573018 -0.1593657 -0.3586309 -0.09573018 -0.08766418 -0.4243584 0.1184349 -0.08766418 -0.4243584 0.1184349 -0.08766418 -0.4243584 0.1184349 -0.08766418 -0.4243584 0.1184349 -0.09922075 -0.3408833 0.3665243 -0.09922075 -0.3408833 0.3665243 -0.09922075 -0.3408833 0.3665243 -0.09922075 -0.3408833 0.3665243 -0.2359406 -0.3537157 0.5282942 -0.2359406 -0.3537157 0.5282942 -0.2359406 -0.3537157 0.5282942 -0.2467905 -0.3606554 -0.3634786 -0.2467905 -0.3606554 -0.3634786 -0.2467905 -0.3606554 -0.3634786 -0.235983 -0.3517389 0.5282942 -0.235983 -0.3517389 0.5282942 -0.235983 -0.3517389 0.5282942 -0.247599 -0.3246244 -0.3634786 -0.247599 -0.3246244 -0.3634786 -0.247599 -0.3246244 -0.3634786 -0.233964 -0.3536731 0.5282942 -0.233964 -0.3536731 0.5282942 -0.233964 -0.3536731 0.5282942 -0.2107803 -0.359881 -0.3634786 -0.2107803 -0.359881 -0.3634786 -0.2107803 -0.359881 -0.3634786 -0.2340065 -0.3516964 0.5282942 -0.2340065 -0.3516964 0.5282942 -0.2340065 -0.3516964 0.5282942 -0.2115889 -0.3238499 -0.3634786 -0.2115889 -0.3238499 -0.3634786 -0.2115889 -0.3238499 -0.3634786 -0.2550354 -0.3756068 0.3698222 -0.2550354 -0.3756068 0.3698222 -0.2550354 -0.3756068 0.3698222 -0.2550354 -0.3756068 0.3698222 -0.2790993 -0.3996096 0.1196241 -0.2790993 -0.3996096 0.1196241 -0.2790993 -0.3996096 0.1196241 -0.2790993 -0.3996096 0.1196241 -0.2902006 -0.3512395 -0.08832538 -0.2902006 -0.3512395 -0.08832538 -0.2902006 -0.3512395 -0.08832538 -0.2902006 -0.3512395 -0.08832538 -0.2907258 -0.3196182 -0.08831244 -0.2907258 -0.3196182 -0.08831244 -0.2907258 -0.3196182 -0.08831244 -0.2907258 -0.3196182 -0.08831244 -0.2800939 -0.3741271 0.1196475 -0.2800939 -0.3741271 0.1196475 -0.2800939 -0.3741271 0.1196475 -0.2800939 -0.3741271 0.1196475 -0.2552927 -0.3645141 0.3698195 -0.2552927 -0.3645141 0.3698195 -0.2552927 -0.3645141 0.3698195 -0.2552927 -0.3645141 0.3698195 -0.2593505 -0.3189851 -0.08831501 -0.2593505 -0.3189851 -0.08831501 -0.2593505 -0.3189851 -0.08831501 -0.2593505 -0.3189851 -0.08831501 -0.2549912 -0.3735527 0.1196646 -0.2549912 -0.3735527 0.1196646 -0.2549912 -0.3735527 0.1196646 -0.2549912 -0.3735527 0.1196646 -0.2441973 -0.3642967 0.369817 -0.2441973 -0.3642967 0.369817 -0.2441973 -0.3642967 0.369817 -0.2441973 -0.3642967 0.369817 -0.2588276 -0.3506094 -0.08832812 -0.2588276 -0.3506094 -0.08832812 -0.2588276 -0.3506094 -0.08832812 -0.2588276 -0.3506094 -0.08832812 -0.2539815 -0.3990356 0.1196408 -0.2539815 -0.3990356 0.1196408 -0.2539815 -0.3990356 0.1196408 -0.2539815 -0.3990356 0.1196408 -0.2439398 -0.3753892 0.3698197 -0.2439398 -0.3753892 0.3698197 -0.2439398 -0.3753892 0.3698197 -0.2439398 -0.3753892 0.3698197 -0.1292893 -0.3919247 0.3802456 -0.1292893 -0.3919247 0.3802456 -0.1292893 -0.3919247 0.3802456 -0.2103891 -0.4025066 -0.3634786 -0.2103891 -0.4025066 -0.3634786 -0.2103891 -0.4025066 -0.3634786 -0.1293439 -0.3898673 0.380271 -0.1293439 -0.3898673 0.380271 -0.1293439 -0.3898673 0.380271 -0.211199 -0.3649904 -0.3634786 -0.211199 -0.3649904 -0.3634786 -0.211199 -0.3649904 -0.3634786 -0.1272422 -0.3918806 0.3802709 -0.1272422 -0.3918806 0.3802709 -0.1272422 -0.3918806 0.3802709 -0.1728723 -0.4016998 -0.3634786 -0.1728723 -0.4016998 -0.3634786 -0.1728723 -0.4016998 -0.3634786 -0.1272974 -0.3898231 0.3802962 -0.1272974 -0.3898231 0.3802962 -0.1272974 -0.3898231 0.3802962 -0.1736822 -0.3641836 -0.3634786 -0.1736822 -0.3641836 -0.3634786 -0.1736822 -0.3641836 -0.3634786 -0.1307393 -0.4402731 0.3293657 -0.1307393 -0.4402731 0.3293657 -0.1307393 -0.4402731 0.3293657 -0.1307393 -0.4402731 0.3293657 -0.2117248 -0.4846432 0.1043376 -0.2117248 -0.4846432 0.1043376 -0.2117248 -0.4846432 0.1043376 -0.2117248 -0.4846432 0.1043376 -0.1976919 -0.4002592 -0.08856314 -0.1976919 -0.4002592 -0.08856314 -0.1976919 -0.4002592 -0.08856314 -0.1976919 -0.4002592 -0.08856314 -0.1986497 -0.3667056 -0.08813369 -0.1986497 -0.3667056 -0.08813369 -0.1986497 -0.3667056 -0.08813369 -0.1986497 -0.3667056 -0.08813369 -0.2120292 -0.4581931 0.1043756 -0.2120292 -0.4581931 0.1043756 -0.2120292 -0.4581931 0.1043756 -0.2120292 -0.4581931 0.1043756 -0.1261785 -0.4300731 0.3289096 -0.1261785 -0.4300731 0.3289096 -0.1261785 -0.4300731 0.3289096 -0.1261785 -0.4300731 0.3289096 -0.1661376 -0.3653686 -0.08781558 -0.1661376 -0.3653686 -0.08781558 -0.1661376 -0.3653686 -0.08781558 -0.1661376 -0.3653686 -0.08781558 -0.1857479 -0.4574936 0.1043764 -0.1857479 -0.4574936 0.1043764 -0.1857479 -0.4574936 0.1043764 -0.1857479 -0.4574936 0.1043764 -0.1200854 -0.428088 0.3270327 -0.1200854 -0.428088 0.3270327 -0.1200854 -0.428088 0.3270327 -0.1200854 -0.428088 0.3270327 -0.1651887 -0.3988912 -0.08822953 -0.1651887 -0.3988912 -0.08822953 -0.1651887 -0.3988912 -0.08822953 -0.1651887 -0.3988912 -0.08822953 -0.185205 -0.4840377 0.104355 -0.185205 -0.4840377 0.104355 -0.185205 -0.4840377 0.104355 -0.185205 -0.4840377 0.104355 -0.1248155 -0.438259 0.3274456 -0.1248155 -0.438259 0.3274456 -0.1248155 -0.438259 0.3274456 -0.1248155 -0.438259 0.3274456 -0.2261531 -0.3091055 0.2632315 -0.2261531 -0.3091055 0.2632315 -0.2261531 -0.3091055 0.2632315 -0.2309132 -0.3036755 -0.3634786 -0.2309132 -0.3036755 -0.3634786 -0.2309132 -0.3036755 -0.3634786 -0.2247846 -0.309076 0.2632315 -0.2247846 -0.309076 0.2632315 -0.2247846 -0.309076 0.2632315 -0.2059658 -0.3031369 -0.3634786 -0.2059658 -0.3031369 -0.3634786 -0.2059658 -0.3031369 -0.3634786 -0.2261235 -0.3104739 0.2632315 -0.2261235 -0.3104739 0.2632315 -0.2261235 -0.3104739 0.2632315 -0.2303767 -0.3286233 -0.3634786 -0.2303767 -0.3286233 -0.3634786 -0.2303767 -0.3286233 -0.3634786 -0.224755 -0.3104444 0.2632315 -0.224755 -0.3104444 0.2632315 -0.224755 -0.3104444 0.2632315 -0.2054293 -0.3280848 -0.3634786 -0.2054293 -0.3280848 -0.3634786 -0.2054293 -0.3280848 -0.3634786 -0.2412213 -0.2959471 0.1535153 -0.2412213 -0.2959471 0.1535153 -0.2412213 -0.2959471 0.1535153 -0.2412213 -0.2959471 0.1535153 -0.2249285 -0.2711837 -0.001511335 -0.2249285 -0.2711837 -0.001511335 -0.2249285 -0.2711837 -0.001511335 -0.2249285 -0.2711837 -0.001511335 -0.2092573 -0.2670196 -0.1686903 -0.2092573 -0.2670196 -0.1686903 -0.2092573 -0.2670196 -0.1686903 -0.2092573 -0.2670196 -0.1686903 -0.1875125 -0.2665513 -0.1686902 -0.1875125 -0.2665513 -0.1686902 -0.1875125 -0.2665513 -0.1686902 -0.1875125 -0.2665513 -0.1686902 -0.2072779 -0.2708271 -0.001495182 -0.2072779 -0.2708271 -0.001495182 -0.2072779 -0.2708271 -0.001495182 -0.2072779 -0.2708271 -0.001495182 -0.2335408 -0.2957692 0.1535135 -0.2335408 -0.2957692 0.1535135 -0.2335408 -0.2957692 0.1535135 -0.2335408 -0.2957692 0.1535135 -0.1870436 -0.2882959 -0.1686902 -0.1870436 -0.2882959 -0.1686902 -0.1870436 -0.2882959 -0.1686902 -0.1870436 -0.2882959 -0.1686902 -0.2068748 -0.2884625 -0.001483321 -0.2068748 -0.2884625 -0.001483321 -0.2068748 -0.2884625 -0.001483321 -0.2068748 -0.2884625 -0.001483321 -0.2333863 -0.3034542 0.153512 -0.2333863 -0.3034542 0.153512 -0.2333863 -0.3034542 0.153512 -0.2333863 -0.3034542 0.153512 -0.2087883 -0.2887643 -0.1686902 -0.2087883 -0.2887643 -0.1686902 -0.2087883 -0.2887643 -0.1686902 -0.2087883 -0.2887643 -0.1686902 -0.2245258 -0.2888187 -0.001499772 -0.2245258 -0.2888187 -0.001499772 -0.2245258 -0.2888187 -0.001499772 -0.2245258 -0.2888187 -0.001499772 -0.2410664 -0.3036324 0.1535139 -0.2410664 -0.3036324 0.1535139 -0.2410664 -0.3036324 0.1535139 -0.2410664 -0.3036324 0.1535139 -0.2796138 -0.3689276 0.2951146 -0.2796138 -0.3689276 0.2951146 -0.2796138 -0.3689276 0.2951146 -0.2874698 -0.3705912 -0.3634786 -0.2874698 -0.3705912 -0.3634786 -0.2874698 -0.3705912 -0.3634786 -0.2788981 -0.3675843 0.2951146 -0.2788981 -0.3675843 0.2951146 -0.2788981 -0.3675843 0.2951146 -0.2744228 -0.3461002 -0.3634786 -0.2744228 -0.3461002 -0.3634786 -0.2744228 -0.3461002 -0.3634786 -0.2782703 -0.3696433 0.2951146 -0.2782703 -0.3696433 0.2951146 -0.2782703 -0.3696433 0.2951146 -0.2629795 -0.3836403 -0.3634786 -0.2629795 -0.3836403 -0.3634786 -0.2629795 -0.3836403 -0.3634786 -0.2775546 -0.3682999 0.2951146 -0.2775546 -0.3682999 0.2951146 -0.2775546 -0.3682999 0.2951146 -0.2499325 -0.3591493 -0.3634786 -0.2499325 -0.3591493 -0.3634786 -0.2499325 -0.3591493 -0.3634786 -0.3005727 -0.3763862 0.173104 -0.3005727 -0.3763862 0.173104 -0.3005727 -0.3763862 0.173104 -0.3005727 -0.3763862 0.173104 -0.3157302 -0.3471135 7.05462e-4 -0.3157302 -0.3471135 7.05462e-4 -0.3157302 -0.3471135 7.05462e-4 -0.3157302 -0.3471135 7.05462e-4 -0.3112454 -0.329648 -0.185207 -0.3112454 -0.329648 -0.185207 -0.3112454 -0.329648 -0.185207 -0.3112454 -0.329648 -0.185207 -0.2998725 -0.3083016 -0.1852069 -0.2998725 -0.3083016 -0.1852069 -0.2998725 -0.3083016 -0.1852069 -0.2998725 -0.3083016 -0.1852069 -0.3064758 -0.3297992 7.23457e-4 -0.3064758 -0.3297992 7.23457e-4 -0.3064758 -0.3297992 7.23457e-4 -0.3064758 -0.3297992 7.23457e-4 -0.2965677 -0.3688395 0.173102 -0.2965677 -0.3688395 0.173102 -0.2965677 -0.3688395 0.173102 -0.2965677 -0.3688395 0.173102 -0.2785258 -0.3196741 -0.1852069 -0.2785258 -0.3196741 -0.1852069 -0.2785258 -0.3196741 -0.1852069 -0.2785258 -0.3196741 -0.1852069 -0.2891507 -0.3390004 7.3663e-4 -0.2891507 -0.3390004 7.3663e-4 -0.2891507 -0.3390004 7.3663e-4 -0.2891507 -0.3390004 7.3663e-4 -0.2890296 -0.3728696 0.1731004 -0.2890296 -0.3728696 0.1731004 -0.2890296 -0.3728696 0.1731004 -0.2890296 -0.3728696 0.1731004 -0.2898989 -0.3410207 -0.185207 -0.2898989 -0.3410207 -0.185207 -0.2898989 -0.3410207 -0.185207 -0.2898989 -0.3410207 -0.185207 -0.298406 -0.3563151 7.18337e-4 -0.298406 -0.3563151 7.18337e-4 -0.298406 -0.3563151 7.18337e-4 -0.298406 -0.3563151 7.18337e-4 -0.293034 -0.3804161 0.1731024 -0.293034 -0.3804161 0.1731024 -0.293034 -0.3804161 0.1731024 -0.293034 -0.3804161 0.1731024 -0.1339242 -0.5532699 -0.05917376 -0.1339242 -0.5532699 -0.05917376 -0.1339242 -0.5532699 -0.05917376 -0.1556302 -0.3934289 -0.3634786 -0.1556302 -0.3934289 -0.3634786 -0.1556302 -0.3934289 -0.3634786 -0.1350281 -0.5539827 -0.05868512 -0.1350281 -0.5539827 -0.05868512 -0.1350281 -0.5539827 -0.05868512 -0.1753607 -0.4115422 -0.3634786 -0.1753607 -0.4115422 -0.3634786 -0.1753607 -0.4115422 -0.3634786 -0.1348975 -0.5525723 -0.05982065 -0.1348975 -0.5525723 -0.05982065 -0.1348975 -0.5525723 -0.05982065 -0.1739339 -0.373566 -0.3634786 -0.1739339 -0.373566 -0.3634786 -0.1739339 -0.373566 -0.3634786 -0.1360018 -0.5532833 -0.05932885 -0.1360018 -0.5532833 -0.05932885 -0.1360018 -0.5532833 -0.05932885 -0.1936641 -0.3916831 -0.3634786 -0.1936641 -0.3916831 -0.3634786 -0.1936641 -0.3916831 -0.3634786 -0.1206272 -0.5234056 -0.1008784 -0.1206272 -0.5234056 -0.1008784 -0.1206272 -0.5234056 -0.1008784 -0.1206272 -0.5234056 -0.1008784 -0.1293116 -0.4552787 -0.1251226 -0.1293116 -0.4552787 -0.1251226 -0.1293116 -0.4552787 -0.1251226 -0.1293116 -0.4552787 -0.1251226 -0.1638492 -0.4336363 -0.2265439 -0.1638492 -0.4336363 -0.2265439 -0.1638492 -0.4336363 -0.2265439 -0.1638492 -0.4336363 -0.2265439 -0.1811019 -0.4487605 -0.2250162 -0.1811019 -0.4487605 -0.2250162 -0.1811019 -0.4487605 -0.2250162 -0.1811019 -0.4487605 -0.2250162 -0.1432782 -0.4682015 -0.1251051 -0.1432782 -0.4682015 -0.1251051 -0.1432782 -0.4682015 -0.1251051 -0.1432782 -0.4682015 -0.1251051 -0.1266536 -0.5285903 -0.1003392 -0.1266536 -0.5285903 -0.1003392 -0.1266536 -0.5285903 -0.1003392 -0.1266536 -0.5285903 -0.1003392 -0.1970976 -0.4309445 -0.2238497 -0.1970976 -0.4309445 -0.2238497 -0.1970976 -0.4309445 -0.2238497 -0.1970976 -0.4309445 -0.2238497 -0.1562279 -0.4542805 -0.1250923 -0.1562279 -0.4542805 -0.1250923 -0.1562279 -0.4542805 -0.1250923 -0.1562279 -0.4542805 -0.1250923 -0.1320466 -0.5246655 -0.1042911 -0.1320466 -0.5246655 -0.1042911 -0.1320466 -0.5246655 -0.1042911 -0.1320466 -0.5246655 -0.1042911 -0.1798454 -0.4158173 -0.2253618 -0.1798454 -0.4158173 -0.2253618 -0.1798454 -0.4158173 -0.2253618 -0.1798454 -0.4158173 -0.2253618 -0.1422606 -0.4413575 -0.12511 -0.1422606 -0.4413575 -0.12511 -0.1422606 -0.4413575 -0.12511 -0.1422606 -0.4413575 -0.12511 -0.1260193 -0.5195068 -0.1048737 -0.1260193 -0.5195068 -0.1048737 -0.1260193 -0.5195068 -0.1048737 -0.1260193 -0.5195068 -0.1048737 -0.609277 -0.2715553 0.265495 -0.609277 -0.2715553 0.265495 -0.609277 -0.2715553 0.265495 -0.3127931 -0.2254151 -0.3634787 -0.3127931 -0.2254151 -0.3634787 -0.3127931 -0.2254151 -0.3634787 -0.6106038 -0.2690553 0.2643952 -0.6106038 -0.2690553 0.2643952 -0.6106038 -0.2690553 0.2643952 -0.3449949 -0.1869301 -0.3634787 -0.3449949 -0.1869301 -0.3634787 -0.3449949 -0.1869301 -0.3634787 -0.6077706 -0.270291 0.2669772 -0.6077706 -0.270291 0.2669772 -0.6077706 -0.270291 0.2669772 -0.274044 -0.1928681 -0.3634787 -0.274044 -0.1928681 -0.3634787 -0.274044 -0.1928681 -0.3634787 -0.6090953 -0.2677842 0.265845 -0.6090953 -0.2677842 0.265845 -0.6090953 -0.2677842 0.265845 -0.3062527 -0.1543832 -0.3634787 -0.3062527 -0.1543832 -0.3634787 -0.3062527 -0.1543832 -0.3634787 -0.5493664 -0.3209627 0.3062306 -0.5493664 -0.3209627 0.3062306 -0.5493664 -0.3209627 0.3062306 -0.5493664 -0.3209627 0.3062306 -0.416779 -0.3290156 0.3606824 -0.416779 -0.3290156 0.3606824 -0.416779 -0.3290156 0.3606824 -0.416779 -0.3290156 0.3606824 -0.3823169 -0.2279116 -0.03687936 -0.3823169 -0.2279116 -0.03687936 -0.3823169 -0.2279116 -0.03687936 -0.3823169 -0.2279116 -0.03687936 -0.409057 -0.1946633 -0.03216576 -0.409057 -0.1946633 -0.03216576 -0.409057 -0.1946633 -0.03216576 -0.409057 -0.1946633 -0.03216576 -0.4397628 -0.3017646 0.3607151 -0.4397628 -0.3017646 0.3607151 -0.4397628 -0.3017646 0.3607151 -0.4397628 -0.3017646 0.3607151 -0.5588868 -0.3078105 0.2995114 -0.5588868 -0.3078105 0.2995114 -0.5588868 -0.3078105 0.2995114 -0.5588868 -0.3078105 0.2995114 -0.3750589 -0.1631914 -0.04659324 -0.3750589 -0.1631914 -0.04659324 -0.3750589 -0.1631914 -0.04659324 -0.3750589 -0.1631914 -0.04659324 -0.4125944 -0.2787266 0.3607391 -0.4125944 -0.2787266 0.3607391 -0.4125944 -0.2787266 0.3607391 -0.4125944 -0.2787266 0.3607391 -0.5503866 -0.3009915 0.3080081 -0.5503866 -0.3009915 0.3080081 -0.5503866 -0.3009915 0.3080081 -0.5503866 -0.3009915 0.3080081 -0.3482958 -0.1965123 -0.05088436 -0.3482958 -0.1965123 -0.05088436 -0.3482958 -0.1965123 -0.05088436 -0.3482958 -0.1965123 -0.05088436 -0.3896105 -0.3059793 0.3607058 -0.3896105 -0.3059793 0.3607058 -0.3896105 -0.3059793 0.3607058 -0.3896105 -0.3059793 0.3607058 -0.5408774 -0.3143013 0.3155029 -0.5408774 -0.3143013 0.3155029 -0.5408774 -0.3143013 0.3155029 -0.5408774 -0.3143013 0.3155029 -0.2467465 -0.1026442 0.8988881 -0.2467465 -0.1026442 0.8988881 -0.2467465 -0.1026442 0.8988881 -0.2562243 -0.08620941 -0.3634787 -0.2562243 -0.08620941 -0.3634787 -0.2562243 -0.08620941 -0.3634787 -0.2438352 -0.1027154 0.8988881 -0.2438352 -0.1027154 0.8988881 -0.2438352 -0.1027154 0.8988881 -0.2031512 -0.08745741 -0.3634787 -0.2031512 -0.08745741 -0.3634787 -0.2031512 -0.08745741 -0.3634787 -0.2468176 -0.1055557 0.8988881 -0.2468176 -0.1055557 0.8988881 -0.2468176 -0.1055557 0.8988881 -0.2575209 -0.1392493 -0.3634787 -0.2575209 -0.1392493 -0.3634787 -0.2575209 -0.1392493 -0.3634787 -0.2439062 -0.1056265 0.8988881 -0.2439062 -0.1056265 0.8988881 -0.2439062 -0.1056265 0.8988881 -0.2044478 -0.1404976 -0.3634787 -0.2044478 -0.1404976 -0.3634787 -0.2044478 -0.1404976 -0.3634787 -0.2776668 -0.07306587 0.6654564 -0.2776668 -0.07306587 0.6654564 -0.2776668 -0.07306587 0.6654564 -0.2776668 -0.07306587 0.6654564 -0.3115526 -0.03601068 0.2975423 -0.3115526 -0.03601068 0.2975423 -0.3115526 -0.03601068 0.2975423 -0.3115526 -0.03601068 0.2975423 -0.2452458 -0.01687359 -0.009403765 -0.2452458 -0.01687359 -0.009403765 -0.2452458 -0.01687359 -0.009403765 -0.2452458 -0.01687359 -0.009403765 -0.1867473 -0.01859045 -0.009379804 -0.1867473 -0.01859045 -0.009379804 -0.1867473 -0.01859045 -0.009379804 -0.1867473 -0.01859045 -0.009379804 -0.2741848 -0.03622198 0.2990447 -0.2741848 -0.03622198 0.2990447 -0.2741848 -0.03622198 0.2990447 -0.2741848 -0.03622198 0.2990447 -0.2613267 -0.07343798 0.6654525 -0.2613267 -0.07343798 0.6654525 -0.2613267 -0.07343798 0.6654525 -0.2613267 -0.07343798 0.6654525 -0.1882433 -0.07664364 -0.009384572 -0.1882433 -0.07664364 -0.009384572 -0.1882433 -0.07664364 -0.009384572 -0.1882433 -0.07664364 -0.009384572 -0.275027 -0.07344406 0.2989808 -0.275027 -0.07344406 0.2989808 -0.275027 -0.07344406 0.2989808 -0.275027 -0.07344406 0.2989808 -0.2617577 -0.08977895 0.6654489 -0.2617577 -0.08977895 0.6654489 -0.2617577 -0.08977895 0.6654489 -0.2617577 -0.08977895 0.6654489 -0.2467475 -0.07492238 -0.009408891 -0.2467475 -0.07492238 -0.009408891 -0.2467475 -0.07492238 -0.009408891 -0.2467475 -0.07492238 -0.009408891 -0.3123762 -0.07307666 0.2974604 -0.3123762 -0.07307666 0.2974604 -0.3123762 -0.07307666 0.2974604 -0.3123762 -0.07307666 0.2974604 -0.2780972 -0.08940732 0.6654527 -0.2780972 -0.08940732 0.6654527 -0.2780972 -0.08940732 0.6654527 -0.2780972 -0.08940732 0.6654527 -0.310185 -0.2569921 0.6808102 -0.310185 -0.2569921 0.6808102 -0.310185 -0.2569921 0.6808102 -0.3202689 -0.1369411 -0.3634787 -0.3202689 -0.1369411 -0.3634787 -0.3202689 -0.1369411 -0.3634787 -0.3071539 -0.2570509 0.6808477 -0.3071539 -0.2570509 0.6808477 -0.3071539 -0.2570509 0.6808477 -0.2650105 -0.1382873 -0.3634787 -0.2650105 -0.1382873 -0.3634787 -0.2650105 -0.1382873 -0.3634787 -0.3102588 -0.2600072 0.6808475 -0.3102588 -0.2600072 0.6808475 -0.3102588 -0.2600072 0.6808475 -0.3216198 -0.1922002 -0.3634787 -0.3216198 -0.1922002 -0.3634787 -0.3216198 -0.1922002 -0.3634787 -0.3072274 -0.2600653 0.6808847 -0.3072274 -0.2600653 0.6808847 -0.3072274 -0.2600653 0.6808847 -0.2663615 -0.1935467 -0.3634787 -0.2663615 -0.1935467 -0.3634787 -0.2663615 -0.1935467 -0.3634787 -0.3812294 -0.2515873 0.6058633 -0.3812294 -0.2515873 0.6058633 -0.3812294 -0.2515873 0.6058633 -0.3812294 -0.2515873 0.6058633 -0.4410392 -0.1294185 0.2743936 -0.4410392 -0.1294185 0.2743936 -0.4410392 -0.1294185 0.2743936 -0.4410392 -0.1294185 0.2743936 -0.317821 -0.1557764 -0.009752154 -0.317821 -0.1557764 -0.009752154 -0.317821 -0.1557764 -0.009752154 -0.317821 -0.1557764 -0.009752154 -0.2683835 -0.156637 -0.009119451 -0.2683835 -0.156637 -0.009119451 -0.2683835 -0.156637 -0.009119451 -0.2683835 -0.156637 -0.009119451 -0.4020986 -0.1307601 0.2744496 -0.4020986 -0.1307601 0.2744496 -0.4020986 -0.1307601 0.2744496 -0.4020986 -0.1307601 0.2744496 -0.3665293 -0.2589886 0.6051915 -0.3665293 -0.2589886 0.6051915 -0.3665293 -0.2589886 0.6051915 -0.3665293 -0.2589886 0.6051915 -0.2686156 -0.204568 -0.008650958 -0.2686156 -0.204568 -0.008650958 -0.2686156 -0.204568 -0.008650958 -0.2686156 -0.204568 -0.008650958 -0.4028472 -0.1694796 0.2744508 -0.4028472 -0.1694796 0.2744508 -0.4028472 -0.1694796 0.2744508 -0.4028472 -0.1694796 0.2744508 -0.3640205 -0.2680889 0.6024268 -0.3640205 -0.2680889 0.6024268 -0.3640205 -0.2680889 0.6024268 -0.3640205 -0.2680889 0.6024268 -0.3180072 -0.2036961 -0.009260714 -0.3180072 -0.2036961 -0.009260714 -0.3180072 -0.2036961 -0.009260714 -0.3180072 -0.2036961 -0.009260714 -0.4419425 -0.1684823 0.2744193 -0.4419425 -0.1684823 0.2744193 -0.4419425 -0.1684823 0.2744193 -0.4419425 -0.1684823 0.2744193 -0.3786669 -0.2604402 0.6030351 -0.3786669 -0.2604402 0.6030351 -0.3786669 -0.2604402 0.6030351 -0.3786669 -0.2604402 0.6030351 -0.2244321 -0.1640205 0.8173131 -0.2244321 -0.1640205 0.8173131 -0.2244321 -0.1640205 0.8173131 -0.2157103 -0.1493586 -0.3634787 -0.2157103 -0.1493586 -0.3634787 -0.2157103 -0.1493586 -0.3634787 -0.2232075 -0.1663355 0.8173131 -0.2232075 -0.1663355 0.8173131 -0.2232075 -0.1663355 0.8173131 -0.1933465 -0.1915343 -0.3634787 -0.1933465 -0.1915343 -0.3634787 -0.1933465 -0.1915343 -0.3634787 -0.2267468 -0.1652452 0.8173131 -0.2267468 -0.1652452 0.8173131 -0.2267468 -0.1652452 0.8173131 -0.2578817 -0.1716698 -0.3634787 -0.2578817 -0.1716698 -0.3634787 -0.2578817 -0.1716698 -0.3634787 -0.2255222 -0.1675602 0.8173131 -0.2255222 -0.1675602 0.8173131 -0.2255222 -0.1675602 0.8173131 -0.2355177 -0.2138456 -0.3634787 -0.2355177 -0.2138456 -0.3634787 -0.2355177 -0.2138456 -0.3634787 -0.2148323 -0.1267597 0.6074033 -0.2148323 -0.1267597 0.6074033 -0.2148323 -0.1267597 0.6074033 -0.2148323 -0.1267597 0.6074033 -0.2006042 -0.08404678 0.2759945 -0.2006042 -0.08404678 0.2759945 -0.2006042 -0.08404678 0.2759945 -0.2006042 -0.08404678 0.2759945 -0.1587241 -0.1347152 5.47573e-4 -0.1587241 -0.1347152 5.47573e-4 -0.1587241 -0.1347152 5.47573e-4 -0.1587241 -0.1347152 5.47573e-4 -0.1393157 -0.1718387 5.64724e-4 -0.1393157 -0.1718387 5.64724e-4 -0.1393157 -0.1718387 5.64724e-4 -0.1393157 -0.1718387 5.64724e-4 -0.1842872 -0.1136239 0.2760255 -0.1842872 -0.1136239 0.2760255 -0.1842872 -0.1136239 0.2760255 -0.1842872 -0.1136239 0.2760255 -0.2079373 -0.1397392 0.6073998 -0.2079373 -0.1397392 0.6073998 -0.2079373 -0.1397392 0.6073998 -0.2079373 -0.1397392 0.6073998 -0.1760837 -0.1912289 5.61282e-4 -0.1760837 -0.1912289 5.61282e-4 -0.1760837 -0.1912289 5.61282e-4 -0.1760837 -0.1912289 5.61282e-4 -0.2136642 -0.1292178 0.2760482 -0.2136642 -0.1292178 0.2760482 -0.2136642 -0.1292178 0.2760482 -0.2136642 -0.1292178 0.2760482 -0.2209436 -0.1465885 0.6073965 -0.2209436 -0.1465885 0.6073965 -0.2209436 -0.1465885 0.6073965 -0.2209436 -0.1465885 0.6073965 -0.1954914 -0.1541004 5.43937e-4 -0.1954914 -0.1541004 5.43937e-4 -0.1954914 -0.1541004 5.43937e-4 -0.1954914 -0.1541004 5.43937e-4 -0.2299995 -0.09964919 0.2760167 -0.2299995 -0.09964919 0.2760167 -0.2299995 -0.09964919 0.2760167 -0.2299995 -0.09964919 0.2760167 -0.2278388 -0.1336094 0.6074001 -0.2278388 -0.1336094 0.6074001 -0.2278388 -0.1336094 0.6074001 -0.2278388 -0.1336094 0.6074001 -0.3733943 -0.1821494 0.62121 -0.3733943 -0.1821494 0.62121 -0.3733943 -0.1821494 0.62121 -0.2836694 -0.1214389 -0.3634787 -0.2836694 -0.1214389 -0.3634787 -0.2836694 -0.1214389 -0.3634787 -0.3721073 -0.1845527 0.6212437 -0.3721073 -0.1845527 0.6212437 -0.3721073 -0.1845527 0.6212437 -0.2604216 -0.1653721 -0.3634787 -0.2604216 -0.1653721 -0.3634787 -0.2604216 -0.1653721 -0.3634787 -0.3757916 -0.1834178 0.6212436 -0.3757916 -0.1834178 0.6212436 -0.3757916 -0.1834178 0.6212436 -0.3276051 -0.1446835 -0.3634787 -0.3276051 -0.1446835 -0.3634787 -0.3276051 -0.1446835 -0.3634787 -0.3745039 -0.1858209 0.621277 -0.3745039 -0.1858209 0.621277 -0.3745039 -0.1858209 0.621277 -0.3043572 -0.1886167 -0.3634787 -0.3043572 -0.1886167 -0.3634787 -0.3043572 -0.1886167 -0.3634787 -0.4004022 -0.1240497 0.5538153 -0.4004022 -0.1240497 0.5538153 -0.4004022 -0.1240497 0.5538153 -0.4004022 -0.1240497 0.5538153 -0.3308869 -0.02340632 0.2557463 -0.3308869 -0.02340632 0.2557463 -0.3308869 -0.02340632 0.2557463 -0.3308869 -0.02340632 0.2557463 -0.2973661 -0.1316432 2.32592e-4 -0.2973661 -0.1316432 2.32592e-4 -0.2973661 -0.1316432 2.32592e-4 -0.2973661 -0.1316432 2.32592e-4 -0.2762973 -0.1707973 8.01489e-4 -0.2762973 -0.1707973 8.01489e-4 -0.2762973 -0.1707973 8.01489e-4 -0.2762973 -0.1707973 8.01489e-4 -0.3148122 -0.0545389 0.2557966 -0.3148122 -0.0545389 0.2557966 -0.3148122 -0.0545389 0.2557966 -0.3148122 -0.0545389 0.2557966 -0.3997418 -0.1388348 0.5532111 -0.3997418 -0.1388348 0.5532111 -0.3997418 -0.1388348 0.5532111 -0.3997418 -0.1388348 0.5532111 -0.3139932 -0.1916963 0.001222789 -0.3139932 -0.1916963 0.001222789 -0.3139932 -0.1916963 0.001222789 -0.3139932 -0.1916963 0.001222789 -0.3455101 -0.07098132 0.2557976 -0.3455101 -0.07098132 0.2557976 -0.3455101 -0.07098132 0.2557976 -0.3455101 -0.07098132 0.2557976 -0.4057758 -0.144805 0.550725 -0.4057758 -0.144805 0.550725 -0.4057758 -0.144805 0.550725 -0.4057758 -0.144805 0.550725 -0.3350328 -0.1525735 6.74471e-4 -0.3350328 -0.1525735 6.74471e-4 -0.3350328 -0.1525735 6.74471e-4 -0.3350328 -0.1525735 6.74471e-4 -0.3619232 -0.03987902 0.2557694 -0.3619232 -0.03987902 0.2557694 -0.3619232 -0.03987902 0.2557694 -0.3619232 -0.03987902 0.2557694 -0.4062187 -0.1299535 0.551272 -0.4062187 -0.1299535 0.551272 -0.4062187 -0.1299535 0.551272 -0.4062187 -0.1299535 0.551272 -0.2095155 -0.2226482 0.4662148 -0.2095155 -0.2226482 0.4662148 -0.2095155 -0.2226482 0.4662148 -0.2006541 -0.2262486 -0.3634787 -0.2006541 -0.2262486 -0.3634787 -0.2006541 -0.2262486 -0.3634787 -0.2111182 -0.2234961 0.4662148 -0.2111182 -0.2234961 0.4662148 -0.2111182 -0.2234961 0.4662148 -0.2298687 -0.2417078 -0.3634787 -0.2298687 -0.2417078 -0.3634787 -0.2298687 -0.2417078 -0.3634787 -0.2103636 -0.2210457 0.4662148 -0.2103636 -0.2210457 0.4662148 -0.2103636 -0.2210457 0.4662148 -0.2161113 -0.1970323 -0.3634787 -0.2161113 -0.1970323 -0.3634787 -0.2161113 -0.1970323 -0.3634787 -0.2119662 -0.2218937 0.4662148 -0.2119662 -0.2218937 0.4662148 -0.2119662 -0.2218937 0.4662148 -0.2453258 -0.2124915 -0.3634787 -0.2453258 -0.2124915 -0.3634787 -0.2453258 -0.2124915 -0.3634787 -0.1838592 -0.2292738 0.3208863 -0.1838592 -0.2292738 0.3208863 -0.1838592 -0.2292738 0.3208863 -0.1838592 -0.2292738 0.3208863 -0.1884353 -0.2682703 0.1155402 -0.1884353 -0.2682703 0.1155402 -0.1884353 -0.2682703 0.1155402 -0.1884353 -0.2682703 0.1155402 -0.204514 -0.2825106 -0.1059026 -0.204514 -0.2825106 -0.1059026 -0.204514 -0.2825106 -0.1059026 -0.204514 -0.2825106 -0.1059026 -0.2299789 -0.295984 -0.1059025 -0.2299789 -0.295984 -0.1059025 -0.2299789 -0.295984 -0.1059025 -0.2299789 -0.295984 -0.1059025 -0.2091194 -0.279179 0.1155616 -0.2091194 -0.279179 0.1155616 -0.2091194 -0.279179 0.1155616 -0.2091194 -0.279179 0.1155616 -0.1928461 -0.2340475 0.320884 -0.1928461 -0.2340475 0.320884 -0.1928461 -0.2340475 0.320884 -0.1928461 -0.2340475 0.320884 -0.2434529 -0.2705198 -0.1059024 -0.2434529 -0.2705198 -0.1059024 -0.2434529 -0.2705198 -0.1059024 -0.2434529 -0.2705198 -0.1059024 -0.2200742 -0.2585405 0.1155773 -0.2200742 -0.2585405 0.1155773 -0.2200742 -0.2585405 0.1155773 -0.2200742 -0.2585405 0.1155773 -0.1975948 -0.2250412 0.320882 -0.1975948 -0.2250412 0.320882 -0.1975948 -0.2250412 0.320882 -0.1975948 -0.2250412 0.320882 -0.2179882 -0.2570464 -0.1059025 -0.2179882 -0.2570464 -0.1059025 -0.2179882 -0.2570464 -0.1059025 -0.2179882 -0.2570464 -0.1059025 -0.1993893 -0.2476319 0.1155555 -0.1993893 -0.2476319 0.1155555 -0.1993893 -0.2476319 0.1155555 -0.1993893 -0.2476319 0.1155555 -0.1886085 -0.2202674 0.3208845 -0.1886085 -0.2202674 0.3208845 -0.1886085 -0.2202674 0.3208845 -0.1886085 -0.2202674 0.3208845 -0.1817665 -0.1200646 0.5084468 -0.1817665 -0.1200646 0.5084468 -0.1817665 -0.1200646 0.5084468 -0.1734543 -0.1134277 -0.3634787 -0.1734543 -0.1134277 -0.3634787 -0.1734543 -0.1134277 -0.3634787 -0.1818156 -0.1220802 0.5084468 -0.1818156 -0.1220802 0.5084468 -0.1818156 -0.1220802 0.5084468 -0.1743497 -0.1501733 -0.3634787 -0.1743497 -0.1501733 -0.3634787 -0.1743497 -0.1501733 -0.3634787 -0.1837822 -0.1200155 0.5084468 -0.1837822 -0.1200155 0.5084468 -0.1837822 -0.1200155 0.5084468 -0.2102004 -0.1125293 -0.3634787 -0.2102004 -0.1125293 -0.3634787 -0.2102004 -0.1125293 -0.3634787 -0.1838313 -0.1220311 0.5084468 -0.1838313 -0.1220311 0.5084468 -0.1838313 -0.1220311 0.5084468 -0.2110957 -0.1492749 -0.3634787 -0.2110957 -0.1492749 -0.3634787 -0.2110957 -0.1492749 -0.3634787 -0.1613851 -0.09878242 0.3468332 -0.1613851 -0.09878242 0.3468332 -0.1613851 -0.09878242 0.3468332 -0.1613851 -0.09878242 0.3468332 -0.1260491 -0.1244323 0.1184765 -0.1260491 -0.1244323 0.1184765 -0.1260491 -0.1244323 0.1184765 -0.1260491 -0.1244323 0.1184765 -0.1209819 -0.1477737 -0.1277804 -0.1209819 -0.1477737 -0.1277804 -0.1209819 -0.1477737 -0.1277804 -0.1209819 -0.1477737 -0.1277804 -0.1217638 -0.1798019 -0.1277803 -0.1217638 -0.1798019 -0.1277803 -0.1217638 -0.1798019 -0.1277803 -0.1217638 -0.1798019 -0.1277803 -0.1267185 -0.1504283 0.1185004 -0.1267185 -0.1504283 0.1185004 -0.1267185 -0.1504283 0.1185004 -0.1267185 -0.1504283 0.1185004 -0.1616428 -0.1100963 0.3468306 -0.1616428 -0.1100963 0.3468306 -0.1616428 -0.1100963 0.3468306 -0.1616428 -0.1100963 0.3468306 -0.1537922 -0.1790207 -0.1277803 -0.1537922 -0.1790207 -0.1277803 -0.1537922 -0.1790207 -0.1277803 -0.1537922 -0.1790207 -0.1277803 -0.1526957 -0.1498285 0.1185178 -0.1526957 -0.1498285 0.1185178 -0.1526957 -0.1498285 0.1185178 -0.1526957 -0.1498285 0.1185178 -0.1729613 -0.1098037 0.3468284 -0.1729613 -0.1098037 0.3468284 -0.1729613 -0.1098037 0.3468284 -0.1729613 -0.1098037 0.3468284 -0.1530101 -0.1469922 -0.1277803 -0.1530101 -0.1469922 -0.1277803 -0.1530101 -0.1469922 -0.1277803 -0.1530101 -0.1469922 -0.1277803 -0.1520256 -0.1238314 0.1184936 -0.1520256 -0.1238314 0.1184936 -0.1520256 -0.1238314 0.1184936 -0.1520256 -0.1238314 0.1184936 -0.1727041 -0.09849053 0.3468311 -0.1727041 -0.09849053 0.3468311 -0.1727041 -0.09849053 0.3468311 -0.1727041 -0.09849053 0.3468311 -0.4637652 0.01161611 0.03916132 -0.4637652 0.01161611 0.03916132 -0.4637652 0.01161611 0.03916132 -0.3431037 -0.1647191 -0.3634787 -0.3431037 -0.1647191 -0.3634787 -0.3431037 -0.1647191 -0.3634787 -0.4628818 0.01311588 0.03980857 -0.4628818 0.01311588 0.03980857 -0.4628818 0.01311588 0.03980857 -0.3305067 -0.1315529 -0.3634787 -0.3305067 -0.1315529 -0.3634787 -0.3305067 -0.1315529 -0.3634787 -0.4621984 0.01136845 0.03830444 -0.4621984 0.01136845 0.03830444 -0.4621984 0.01136845 0.03830444 -0.3096336 -0.1773596 -0.3634787 -0.3096336 -0.1773596 -0.3634787 -0.3096336 -0.1773596 -0.3634787 -0.4613136 0.01286631 0.03895592 -0.4613136 0.01286631 0.03895592 -0.4613136 0.01286631 0.03895592 -0.2970392 -0.1441892 -0.3634787 -0.2970392 -0.1441892 -0.3634787 -0.2970392 -0.1441892 -0.3634787 -0.4617642 -0.03163921 -0.01607996 -0.4617642 -0.03163921 -0.01607996 -0.4617642 -0.03163921 -0.01607996 -0.4617642 -0.03163921 -0.01607996 -0.4110076 -0.1071332 -0.04819345 -0.4110076 -0.1071332 -0.04819345 -0.4110076 -0.1071332 -0.04819345 -0.4110076 -0.1071332 -0.04819345 -0.3572613 -0.1122356 -0.1825346 -0.3572613 -0.1122356 -0.1825346 -0.3572613 -0.1122356 -0.1825346 -0.3572613 -0.1122356 -0.1825346 -0.345822 -0.08408045 -0.1805111 -0.345822 -0.08408045 -0.1805111 -0.345822 -0.08408045 -0.1805111 -0.345822 -0.08408045 -0.1805111 -0.4021506 -0.08353644 -0.04817032 -0.4021506 -0.08353644 -0.04817032 -0.4021506 -0.08353644 -0.04817032 -0.4021506 -0.08353644 -0.04817032 -0.45771 -0.02192091 -0.01536577 -0.45771 -0.02192091 -0.01536577 -0.45771 -0.02192091 -0.01536577 -0.45771 -0.02192091 -0.01536577 -0.3163003 -0.09566897 -0.1789661 -0.3163003 -0.09566897 -0.1789661 -0.3163003 -0.09566897 -0.1789661 -0.3163003 -0.09566897 -0.1789661 -0.3785491 -0.09232348 -0.0481534 -0.3785491 -0.09232348 -0.0481534 -0.3785491 -0.09232348 -0.0481534 -0.3785491 -0.09232348 -0.0481534 -0.4489935 -0.02336329 -0.02060043 -0.4489935 -0.02336329 -0.02060043 -0.4489935 -0.02336329 -0.02060043 -0.4489935 -0.02336329 -0.02060043 -0.3277374 -0.1238273 -0.180969 -0.3277374 -0.1238273 -0.180969 -0.3277374 -0.1238273 -0.180969 -0.3277374 -0.1238273 -0.180969 -0.3874068 -0.1159209 -0.04817688 -0.3874068 -0.1159209 -0.04817688 -0.3874068 -0.1159209 -0.04817688 -0.3874068 -0.1159209 -0.04817688 -0.4530643 -0.03305149 -0.02137207 -0.4530643 -0.03305149 -0.02137207 -0.4530643 -0.03305149 -0.02137207 -0.4530643 -0.03305149 -0.02137207 0.05025631 -1.273157 0.1116974 0.05025631 -1.273157 0.1116974 0.05025631 -1.273157 0.1116974 -0.1632095 -1.197353 -0.3634787 -0.1632095 -1.197353 -0.3634787 -0.1632095 -1.197353 -0.3634787 0.05023986 -1.275294 0.1108672 0.05023986 -1.275294 0.1108672 0.05023986 -1.275294 0.1108672 -0.155641 -1.234473 -0.3634787 -0.155641 -1.234473 -0.3634787 -0.155641 -1.234473 -0.3634787 0.04880195 -1.273456 0.1128165 0.04880195 -1.273456 0.1128165 0.04880195 -1.273456 0.1128165 -0.2006288 -1.205057 -0.3634787 -0.2006288 -1.205057 -0.3634787 -0.2006288 -1.205057 -0.3634787 0.04878181 -1.275596 0.1119617 0.04878181 -1.275596 0.1119617 0.04878181 -1.275596 0.1119617 -0.1930556 -1.242179 -0.3634787 -0.1930556 -1.242179 -0.3634787 -0.1930556 -1.242179 -0.3634787 0.02820724 -1.218835 0.1424509 0.02820724 -1.218835 0.1424509 0.02820724 -1.218835 0.1424509 0.02820724 -1.218835 0.1424509 -0.05695521 -1.165884 0.1835595 -0.05695521 -1.165884 0.1835595 -0.05695521 -1.165884 0.1835595 -0.05695521 -1.165884 0.1835595 -0.1161412 -1.220656 -0.1165809 -0.1161412 -1.220656 -0.1165809 -0.1161412 -1.220656 -0.1165809 -0.1161412 -1.220656 -0.1165809 -0.1103197 -1.252338 -0.1130224 -0.1103197 -1.252338 -0.1130224 -0.1103197 -1.252338 -0.1130224 -0.1103197 -1.252338 -0.1130224 -0.05147504 -1.192234 0.1835842 -0.05147504 -1.192234 0.1835842 -0.05147504 -1.192234 0.1835842 -0.05147504 -1.192234 0.1835842 0.02980786 -1.230988 0.1373783 0.02980786 -1.230988 0.1373783 0.02980786 -1.230988 0.1373783 0.02980786 -1.230988 0.1373783 -0.1441977 -1.261032 -0.1239145 -0.1441977 -1.261032 -0.1239145 -0.1441977 -1.261032 -0.1239145 -0.1441977 -1.261032 -0.1239145 -0.07778936 -1.19778 0.1836022 -0.07778936 -1.19778 0.1836022 -0.07778936 -1.19778 0.1836022 -0.07778936 -1.19778 0.1836022 0.0217145 -1.232465 0.1437928 0.0217145 -1.232465 0.1437928 0.0217145 -1.232465 0.1437928 0.0217145 -1.232465 0.1437928 -0.1500085 -1.229295 -0.1271541 -0.1500085 -1.229295 -0.1271541 -0.1500085 -1.229295 -0.1271541 -0.1500085 -1.229295 -0.1271541 -0.083269 -1.171429 0.1835771 -0.083269 -1.171429 0.1835771 -0.083269 -1.171429 0.1835771 -0.083269 -1.171429 0.1835771 0.0201779 -1.220211 0.1494511 0.0201779 -1.220211 0.1494511 0.0201779 -1.220211 0.1494511 0.0201779 -1.220211 0.1494511 -0.2511505 -1.255175 0.5898795 -0.2511505 -1.255175 0.5898795 -0.2511505 -1.255175 0.5898795 -0.2507567 -1.269493 -0.3634787 -0.2507567 -1.269493 -0.3634787 -0.2507567 -1.269493 -0.3634787 -0.2530584 -1.254083 0.5898795 -0.2530584 -1.254083 0.5898795 -0.2530584 -1.254083 0.5898795 -0.2855554 -1.249609 -0.3634787 -0.2855554 -1.249609 -0.3634787 -0.2855554 -1.249609 -0.3634787 -0.2500581 -1.253267 0.5898795 -0.2500581 -1.253267 0.5898795 -0.2500581 -1.253267 0.5898795 -0.2308528 -1.234733 -0.3634787 -0.2308528 -1.234733 -0.3634787 -0.2308528 -1.234733 -0.3634787 -0.2519661 -1.252175 0.5898795 -0.2519661 -1.252175 0.5898795 -0.2519661 -1.252175 0.5898795 -0.2656514 -1.21485 -0.3634787 -0.2656514 -1.21485 -0.3634787 -0.2656514 -1.21485 -0.3634787 -0.2412352 -1.28592 0.4136495 -0.2412352 -1.28592 0.4136495 -0.2412352 -1.28592 0.4136495 -0.2412352 -1.28592 0.4136495 -0.2320349 -1.322695 0.1358916 -0.2320349 -1.322695 0.1358916 -0.2320349 -1.322695 0.1358916 -0.2320349 -1.322695 0.1358916 -0.2829412 -1.311598 -0.09583818 -0.2829412 -1.311598 -0.09583818 -0.2829412 -1.311598 -0.09583818 -0.2829412 -1.311598 -0.09583818 -0.3211748 -1.289455 -0.09582012 -0.3211748 -1.289455 -0.09582012 -0.3211748 -1.289455 -0.09582012 -0.3211748 -1.289455 -0.09582012 -0.2567757 -1.309139 0.1370259 -0.2567757 -1.309139 0.1370259 -0.2567757 -1.309139 0.1370259 -0.2567757 -1.309139 0.1370259 -0.2519534 -1.279806 0.4136466 -0.2519534 -1.279806 0.4136466 -0.2519534 -1.279806 0.4136466 -0.2519534 -1.279806 0.4136466 -0.2993385 -1.251438 -0.0958237 -0.2993385 -1.251438 -0.0958237 -0.2993385 -1.251438 -0.0958237 -0.2993385 -1.251438 -0.0958237 -0.2428525 -1.284721 0.1369777 -0.2428525 -1.284721 0.1369777 -0.2428525 -1.284721 0.1369777 -0.2428525 -1.284721 0.1369777 -0.2458003 -1.269109 0.4136438 -0.2458003 -1.269109 0.4136438 -0.2458003 -1.269109 0.4136438 -0.2458003 -1.269109 0.4136438 -0.2611028 -1.273586 -0.09584206 -0.2611028 -1.273586 -0.09584206 -0.2611028 -1.273586 -0.09584206 -0.2611028 -1.273586 -0.09584206 -0.2181802 -1.298375 0.1358299 -0.2181802 -1.298375 0.1358299 -0.2181802 -1.298375 0.1358299 -0.2181802 -1.298375 0.1358299 -0.2350823 -1.275222 0.4136468 -0.2350823 -1.275222 0.4136468 -0.2350823 -1.275222 0.4136468 -0.2350823 -1.275222 0.4136468 -0.1536046 -1.175446 0.4252409 -0.1536046 -1.175446 0.4252409 -0.1536046 -1.175446 0.4252409 -0.1900093 -1.258795 -0.3634787 -0.1900093 -1.258795 -0.3634787 -0.1900093 -1.258795 -0.3634787 -0.1555965 -1.174319 0.4252692 -0.1555965 -1.174319 0.4252692 -0.1555965 -1.174319 0.4252692 -0.2262241 -1.238061 -0.3634787 -0.2262241 -1.238061 -0.3634787 -0.2262241 -1.238061 -0.3634787 -0.1524732 -1.17347 0.4252691 -0.1524732 -1.17347 0.4252691 -0.1524732 -1.17347 0.4252691 -0.1692726 -1.222581 -0.3634787 -0.1692726 -1.222581 -0.3634787 -0.1692726 -1.222581 -0.3634787 -0.1544654 -1.172343 0.4252971 -0.1544654 -1.172343 0.4252971 -0.1544654 -1.172343 0.4252971 -0.2054872 -1.201848 -0.3634787 -0.2054872 -1.201848 -0.3634787 -0.2054872 -1.201848 -0.3634787 -0.1083632 -1.204543 0.3686595 -0.1083632 -1.204543 0.3686595 -0.1083632 -1.204543 0.3686595 -0.1083632 -1.204543 0.3686595 -0.1125044 -1.30715 0.1184155 -0.1125044 -1.30715 0.1184155 -0.1125044 -1.30715 0.1184155 -0.1125044 -1.30715 0.1184155 -0.1848726 -1.245407 -0.09610116 -0.1848726 -1.245407 -0.09610116 -0.1848726 -1.245407 -0.09610116 -0.1848726 -1.245407 -0.09610116 -0.217396 -1.227086 -0.09562355 -0.217396 -1.227086 -0.09562355 -0.217396 -1.227086 -0.09562355 -0.217396 -1.227086 -0.09562355 -0.137884 -1.292279 0.1184577 -0.137884 -1.292279 0.1184577 -0.137884 -1.292279 0.1184577 -0.137884 -1.292279 0.1184577 -0.1154686 -1.19435 0.3681523 -0.1154686 -1.19435 0.3681523 -0.1154686 -1.19435 0.3681523 -0.1154686 -1.19435 0.3681523 -0.2000333 -1.195337 -0.09526979 -0.2000333 -1.195337 -0.09526979 -0.2000333 -1.195337 -0.09526979 -0.2000333 -1.195337 -0.09526979 -0.1234854 -1.266833 0.1184586 -0.1234854 -1.266833 0.1184586 -0.1234854 -1.266833 0.1184586 -0.1234854 -1.266833 0.1184586 -0.1138675 -1.187405 0.3660652 -0.1138675 -1.187405 0.3660652 -0.1138675 -1.187405 0.3660652 -0.1138675 -1.187405 0.3660652 -0.1675446 -1.213649 -0.09573018 -0.1675446 -1.213649 -0.09573018 -0.1675446 -1.213649 -0.09573018 -0.1675446 -1.213649 -0.09573018 -0.09787964 -1.281532 0.1184349 -0.09787964 -1.281532 0.1184349 -0.09787964 -1.281532 0.1184349 -0.09787964 -1.281532 0.1184349 -0.1068866 -1.197743 0.3665243 -0.1068866 -1.197743 0.3665243 -0.1068866 -1.197743 0.3665243 -0.1068866 -1.197743 0.3665243 -0.243934 -1.206403 0.5282942 -0.243934 -1.206403 0.5282942 -0.243934 -1.206403 0.5282942 -0.2549905 -1.213008 -0.3634787 -0.2549905 -1.213008 -0.3634787 -0.2549905 -1.213008 -0.3634787 -0.2439162 -1.204426 0.5282942 -0.2439162 -1.204426 0.5282942 -0.2439162 -1.204426 0.5282942 -0.2547004 -1.17697 -0.3634787 -0.2547004 -1.17697 -0.3634787 -0.2547004 -1.17697 -0.3634787 -0.241957 -1.20642 0.5282942 -0.241957 -1.20642 0.5282942 -0.241957 -1.20642 0.5282942 -0.2189732 -1.213332 -0.3634787 -0.2189732 -1.213332 -0.3634787 -0.2189732 -1.213332 -0.3634787 -0.2419393 -1.204443 0.5282942 -0.2419393 -1.204443 0.5282942 -0.2419393 -1.204443 0.5282942 -0.2186833 -1.177293 -0.3634787 -0.2186833 -1.177293 -0.3634787 -0.2186833 -1.177293 -0.3634787 -0.2636871 -1.227702 0.3698222 -0.2636871 -1.227702 0.3698222 -0.2636871 -1.227702 0.3698222 -0.2636871 -1.227702 0.3698222 -0.2884715 -1.25096 0.1196241 -0.2884715 -1.25096 0.1196241 -0.2884715 -1.25096 0.1196241 -0.2884715 -1.25096 0.1196241 -0.2980933 -1.202274 -0.08832538 -0.2980933 -1.202274 -0.08832538 -0.2980933 -1.202274 -0.08832538 -0.2980933 -1.202274 -0.08832538 -0.2976545 -1.170651 -0.08831244 -0.2976545 -1.170651 -0.08831244 -0.2976545 -1.170651 -0.08831244 -0.2976545 -1.170651 -0.08831244 -0.2886888 -1.225459 0.1196475 -0.2886888 -1.225459 0.1196475 -0.2886888 -1.225459 0.1196475 -0.2886888 -1.225459 0.1196475 -0.2636063 -1.216606 0.3698195 -0.2636063 -1.216606 0.3698195 -0.2636063 -1.216606 0.3698195 -0.2636063 -1.216606 0.3698195 -0.2662746 -1.170975 -0.08831501 -0.2662746 -1.170975 -0.08831501 -0.2662746 -1.170975 -0.08831501 -0.2662746 -1.170975 -0.08831501 -0.2635805 -1.22565 0.1196646 -0.2635805 -1.22565 0.1196646 -0.2635805 -1.22565 0.1196646 -0.2635805 -1.22565 0.1196646 -0.2525095 -1.216727 0.369817 -0.2525095 -1.216727 0.369817 -0.2525095 -1.216727 0.369817 -0.2525095 -1.216727 0.369817 -0.2667158 -1.2026 -0.08832812 -0.2667158 -1.2026 -0.08832812 -0.2667158 -1.2026 -0.08832812 -0.2667158 -1.2026 -0.08832812 -0.2633478 -1.251152 0.1196409 -0.2633478 -1.251152 0.1196409 -0.2633478 -1.251152 0.1196409 -0.2633478 -1.251152 0.1196409 -0.2525901 -1.227822 0.3698197 -0.2525901 -1.227822 0.3698197 -0.2525901 -1.227822 0.3698197 -0.2525901 -1.227822 0.3698197 -0.1384968 -1.247844 0.3802455 -0.1384968 -1.247844 0.3802455 -0.1384968 -1.247844 0.3802455 -0.2198814 -1.25595 -0.3634787 -0.2198814 -1.25595 -0.3634787 -0.2198814 -1.25595 -0.3634787 -0.1384886 -1.245786 0.380271 -0.1384886 -1.245786 0.380271 -0.1384886 -1.245786 0.380271 -0.2195475 -1.218426 -0.3634787 -0.2195475 -1.218426 -0.3634787 -0.2195475 -1.218426 -0.3634787 -0.1364493 -1.247863 0.3802709 -0.1364493 -1.247863 0.3802709 -0.1364493 -1.247863 0.3802709 -0.1823575 -1.256287 -0.3634787 -0.1823575 -1.256287 -0.3634787 -0.1823575 -1.256287 -0.3634787 -0.1364418 -1.245805 0.3802961 -0.1364418 -1.245805 0.3802961 -0.1364418 -1.245805 0.3802961 -0.1820236 -1.218763 -0.3634787 -0.1820236 -1.218763 -0.3634787 -0.1820236 -1.218763 -0.3634787 -0.1414197 -1.296126 0.3293657 -0.1414197 -1.296126 0.3293657 -0.1414197 -1.296126 0.3293657 -0.1414197 -1.296126 0.3293657 -0.22372 -1.338007 0.1043376 -0.22372 -1.338007 0.1043376 -0.22372 -1.338007 0.1043376 -0.22372 -1.338007 0.1043376 -0.2071217 -1.25409 -0.08856314 -0.2071217 -1.25409 -0.08856314 -0.2071217 -1.25409 -0.08856314 -0.2071217 -1.25409 -0.08856314 -0.2070564 -1.220523 -0.08813369 -0.2070564 -1.220523 -0.08813369 -0.2070564 -1.220523 -0.08813369 -0.2070564 -1.220523 -0.08813369 -0.223218 -1.31156 0.1043756 -0.223218 -1.31156 0.1043756 -0.223218 -1.31156 0.1043756 -0.223218 -1.31156 0.1043756 -0.1365501 -1.28607 0.3289096 -0.1365501 -1.28607 0.3289096 -0.1365501 -1.28607 0.3289096 -0.1365501 -1.28607 0.3289096 -0.1745185 -1.220178 -0.08781558 -0.1745185 -1.220178 -0.08781558 -0.1745185 -1.220178 -0.08781558 -0.1745185 -1.220178 -0.08781558 -0.1969276 -1.311662 0.1043764 -0.1969276 -1.311662 0.1043764 -0.1969276 -1.311662 0.1043764 -0.1969276 -1.311662 0.1043764 -0.1303993 -1.284271 0.3270327 -0.1303993 -1.284271 0.3270327 -0.1303993 -1.284271 0.3270327 -0.1303993 -1.284271 0.3270327 -0.1745919 -1.253714 -0.08822953 -0.1745919 -1.253714 -0.08822953 -0.1745919 -1.253714 -0.08822953 -0.1745919 -1.253714 -0.08822953 -0.197194 -1.33821 0.104355 -0.197194 -1.33821 0.104355 -0.197194 -1.33821 0.104355 -0.197194 -1.33821 0.104355 -0.1354373 -1.294294 0.3274456 -0.1354373 -1.294294 0.3274456 -0.1354373 -1.294294 0.3274456 -0.1354373 -1.294294 0.3274456 -0.2327914 -1.162111 0.2632315 -0.2327914 -1.162111 0.2632315 -0.2327914 -1.162111 0.2632315 -0.2373838 -1.156539 -0.3634787 -0.2373838 -1.156539 -0.3634787 -0.2373838 -1.156539 -0.3634787 -0.2314226 -1.162124 0.2632315 -0.2314226 -1.162124 0.2632315 -0.2314226 -1.162124 0.2632315 -0.2124316 -1.156761 -0.3634787 -0.2124316 -1.156761 -0.3634787 -0.2124316 -1.156761 -0.3634787 -0.2328035 -1.16348 0.2632315 -0.2328035 -1.16348 0.2632315 -0.2328035 -1.16348 0.2632315 -0.2376079 -1.181491 -0.3634787 -0.2376079 -1.181491 -0.3634787 -0.2376079 -1.181491 -0.3634787 -0.2314348 -1.163492 0.2632315 -0.2314348 -1.163492 0.2632315 -0.2314348 -1.163492 0.2632315 -0.2126556 -1.181714 -0.3634787 -0.2126556 -1.181714 -0.3634787 -0.2126556 -1.181714 -0.3634787 -0.2474515 -1.1485 0.1535153 -0.2474515 -1.1485 0.1535153 -0.2474515 -1.1485 0.1535153 -0.2474515 -1.1485 0.1535153 -0.2304115 -1.124245 -0.001511335 -0.2304115 -1.124245 -0.001511335 -0.2304115 -1.124245 -0.001511335 -0.2304115 -1.124245 -0.001511335 -0.2146207 -1.12056 -0.1686902 -0.2146207 -1.12056 -0.1686902 -0.2146207 -1.12056 -0.1686902 -0.2146207 -1.12056 -0.1686902 -0.1928718 -1.120755 -0.1686902 -0.1928718 -1.120755 -0.1686902 -0.1928718 -1.120755 -0.1686902 -0.1928718 -1.120755 -0.1686902 -0.2127584 -1.124426 -0.001495182 -0.2127584 -1.124426 -0.001495182 -0.2127584 -1.124426 -0.001495182 -0.2127584 -1.124426 -0.001495182 -0.2397692 -1.148556 0.1535135 -0.2397692 -1.148556 0.1535135 -0.2397692 -1.148556 0.1535135 -0.2397692 -1.148556 0.1535135 -0.1930657 -1.142504 -0.1686902 -0.1930657 -1.142504 -0.1686902 -0.1930657 -1.142504 -0.1686902 -0.1930657 -1.142504 -0.1686902 -0.2128929 -1.142066 -0.001483321 -0.2128929 -1.142066 -0.001483321 -0.2128929 -1.142066 -0.001483321 -0.2128929 -1.142066 -0.001483321 -0.239849 -1.156242 0.153512 -0.239849 -1.156242 0.153512 -0.239849 -1.156242 0.153512 -0.239849 -1.156242 0.153512 -0.2148147 -1.142309 -0.1686902 -0.2148147 -1.142309 -0.1686902 -0.2148147 -1.142309 -0.1686902 -0.2148147 -1.142309 -0.1686902 -0.2305465 -1.141884 -0.001499772 -0.2305465 -1.141884 -0.001499772 -0.2305465 -1.141884 -0.001499772 -0.2305465 -1.141884 -0.001499772 -0.2475309 -1.156186 0.1535139 -0.2475309 -1.156186 0.1535139 -0.2475309 -1.156186 0.1535139 -0.2475309 -1.156186 0.1535139 -0.2880505 -1.220276 0.2951146 -0.2880505 -1.220276 0.2951146 -0.2880505 -1.220276 0.2951146 -0.2959536 -1.2217 -0.3634787 -0.2959536 -1.2217 -0.3634787 -0.2959536 -1.2217 -0.3634787 -0.2872943 -1.218955 0.2951146 -0.2872943 -1.218955 0.2951146 -0.2872943 -1.218955 0.2951146 -0.2821663 -1.197618 -0.3634787 -0.2821663 -1.197618 -0.3634787 -0.2821663 -1.197618 -0.3634787 -0.2867295 -1.221033 0.2951146 -0.2867295 -1.221033 0.2951146 -0.2867295 -1.221033 0.2951146 -0.2718724 -1.235489 -0.3634787 -0.2718724 -1.235489 -0.3634787 -0.2718724 -1.235489 -0.3634787 -0.2859732 -1.219712 0.2951146 -0.2859732 -1.219712 0.2951146 -0.2859732 -1.219712 0.2951146 -0.2580851 -1.211407 -0.3634787 -0.2580851 -1.211407 -0.3634787 -0.2580851 -1.211407 -0.3634787 -0.3092271 -1.227093 0.173104 -0.3092271 -1.227093 0.173104 -0.3092271 -1.227093 0.173104 -0.3092271 -1.227093 0.173104 -0.3234854 -1.197372 7.05464e-4 -0.3234854 -1.197372 7.05464e-4 -0.3234854 -1.197372 7.05464e-4 -0.3234854 -1.197372 7.05464e-4 -0.3184703 -1.180051 -0.185207 -0.3184703 -1.180051 -0.185207 -0.3184703 -1.180051 -0.185207 -0.3184703 -1.180051 -0.185207 -0.306452 -1.159061 -0.1852069 -0.306452 -1.159061 -0.1852069 -0.306452 -1.159061 -0.1852069 -0.306452 -1.159061 -0.1852069 -0.3137075 -1.180348 7.23461e-4 -0.3137075 -1.180348 7.23461e-4 -0.3137075 -1.180348 7.23461e-4 -0.3137075 -1.180348 7.23461e-4 -0.3049939 -1.219672 0.173102 -0.3049939 -1.219672 0.173102 -0.3049939 -1.219672 0.173102 -0.3049939 -1.219672 0.173102 -0.2854619 -1.171079 -0.1852069 -0.2854619 -1.171079 -0.1852069 -0.2854619 -1.171079 -0.1852069 -0.2854619 -1.171079 -0.1852069 -0.2966709 -1.190072 7.36633e-4 -0.2966709 -1.190072 7.36633e-4 -0.2966709 -1.190072 7.36633e-4 -0.2966709 -1.190072 7.36633e-4 -0.2975822 -1.22393 0.1731004 -0.2975822 -1.22393 0.1731004 -0.2975822 -1.22393 0.1731004 -0.2975822 -1.22393 0.1731004 -0.2974804 -1.192069 -0.185207 -0.2974804 -1.192069 -0.185207 -0.2974804 -1.192069 -0.185207 -0.2974804 -1.192069 -0.185207 -0.3064497 -1.207097 7.1834e-4 -0.3064497 -1.207097 7.1834e-4 -0.3064497 -1.207097 7.1834e-4 -0.3064497 -1.207097 7.1834e-4 -0.3018147 -1.231351 0.1731024 -0.3018147 -1.231351 0.1731024 -0.3018147 -1.231351 0.1731024 -0.3018147 -1.231351 0.1731024 -0.1480471 -1.408973 -0.05917376 -0.1480471 -1.408973 -0.05917376 -0.1480471 -1.408973 -0.05917376 -0.1648713 -1.248545 -0.3634787 -0.1648713 -1.248545 -0.3634787 -0.1648713 -1.248545 -0.3634787 -0.1491723 -1.409652 -0.05868512 -0.1491723 -1.409652 -0.05868512 -0.1491723 -1.409652 -0.05868512 -0.1851447 -1.266049 -0.3634787 -0.1851447 -1.266049 -0.3634787 -0.1851447 -1.266049 -0.3634787 -0.1489987 -1.408246 -0.05982065 -0.1489987 -1.408246 -0.05982065 -0.1489987 -1.408246 -0.05982065 -0.1825611 -1.228134 -0.3634787 -0.1825611 -1.228134 -0.3634787 -0.1825611 -1.228134 -0.3634787 -0.1501241 -1.408923 -0.05932885 -0.1501241 -1.408923 -0.05932885 -0.1501241 -1.408923 -0.05932885 -0.2028343 -1.245641 -0.3634787 -0.2028343 -1.245641 -0.3634787 -0.2028343 -1.245641 -0.3634787 -0.1338461 -1.379528 -0.1008784 -0.1338461 -1.379528 -0.1008784 -0.1338461 -1.379528 -0.1008784 -0.1338461 -1.379528 -0.1008784 -0.14045 -1.311168 -0.1251226 -0.14045 -1.311168 -0.1251226 -0.14045 -1.311168 -0.1251226 -0.14045 -1.311168 -0.1251226 -0.174312 -1.288483 -0.2265439 -0.174312 -1.288483 -0.2265439 -0.174312 -1.288483 -0.2265439 -0.174312 -1.288483 -0.2265439 -0.1920176 -1.303075 -0.2250162 -0.1920176 -1.303075 -0.2250162 -0.1920176 -1.303075 -0.2250162 -0.1920176 -1.303075 -0.2250162 -0.1548039 -1.32366 -0.1251051 -0.1548039 -1.32366 -0.1251051 -0.1548039 -1.32366 -0.1251051 -0.1548039 -1.32366 -0.1251051 -0.1400277 -1.384527 -0.1003392 -0.1400277 -1.384527 -0.1003392 -0.1400277 -1.384527 -0.1003392 -0.1400277 -1.384527 -0.1003392 -0.2074629 -1.284779 -0.2238497 -0.2074629 -1.284779 -0.2238497 -0.2074629 -1.284779 -0.2238497 -0.2074629 -1.284779 -0.2238497 -0.1673234 -1.30935 -0.1250923 -0.1673234 -1.30935 -0.1250923 -0.1673234 -1.30935 -0.1250923 -0.1673234 -1.30935 -0.1250923 -0.1452987 -1.380439 -0.1042911 -0.1452987 -1.380439 -0.1042911 -0.1452987 -1.380439 -0.1042911 -0.1452987 -1.380439 -0.1042911 -0.1897577 -1.270185 -0.2253618 -0.1897577 -1.270185 -0.2253618 -0.1897577 -1.270185 -0.2253618 -0.1897577 -1.270185 -0.2253618 -0.1529687 -1.296859 -0.12511 -0.1529687 -1.296859 -0.12511 -0.1529687 -1.296859 -0.12511 -0.1529687 -1.296859 -0.12511 -0.1391168 -1.375467 -0.1048737 -0.1391168 -1.375467 -0.1048737 -0.1391168 -1.375467 -0.1048737 -0.1391168 -1.375467 -0.1048737 -0.2329311 -1.0323 0.1116974 -0.2329311 -1.0323 0.1116974 -0.2329311 -1.0323 0.1116974 -0.008524894 -1.063216 -0.3634786 -0.008524894 -1.063216 -0.3634786 -0.008524894 -1.063216 -0.3634786 -0.2333486 -1.030205 0.1108672 -0.2333486 -1.030205 0.1108672 -0.2333486 -1.030205 0.1108672 -0.0234676 -1.028403 -0.3634786 -0.0234676 -1.028403 -0.3634786 -0.0234676 -1.028403 -0.3634786 -0.2315676 -1.031713 0.1128165 -0.2315676 -1.031713 0.1128165 -0.2315676 -1.031713 0.1128165 0.02655309 -1.048081 -0.3634786 0.02655309 -1.048081 -0.3634786 0.02655309 -1.048081 -0.3634786 -0.2319822 -1.029613 0.1119617 -0.2319822 -1.029613 0.1119617 -0.2319822 -1.029613 0.1119617 0.01160532 -1.013267 -0.3634786 0.01160532 -1.013267 -0.3634786 0.01160532 -1.013267 -0.3634786 -0.2003189 -1.081019 0.1424509 -0.2003189 -1.081019 0.1424509 -0.2003189 -1.081019 0.1424509 -0.2003189 -1.081019 0.1424509 -0.1061843 -1.115589 0.1835595 -0.1061843 -1.115589 0.1835595 -0.1061843 -1.115589 0.1835595 -0.1061843 -1.115589 0.1835595 -0.05934238 -1.049947 -0.116581 -0.05934238 -1.049947 -0.116581 -0.05934238 -1.049947 -0.116581 -0.05934238 -1.049947 -0.116581 -0.07147085 -1.020106 -0.1130224 -0.07147085 -1.020106 -0.1130224 -0.07147085 -1.020106 -0.1130224 -0.07147085 -1.020106 -0.1130224 -0.1168966 -1.090899 0.1835842 -0.1168966 -1.090899 0.1835842 -0.1168966 -1.090899 0.1835842 -0.1168966 -1.090899 0.1835842 -0.204352 -1.069444 0.1373783 -0.204352 -1.069444 0.1373783 -0.204352 -1.069444 0.1373783 -0.204352 -1.069444 0.1373783 -0.04006165 -1.004719 -0.1239145 -0.04006165 -1.004719 -0.1239145 -0.04006165 -1.004719 -0.1239145 -0.04006165 -1.004719 -0.1239145 -0.09225487 -1.08013 0.1836022 -0.09225487 -1.08013 0.1836022 -0.09225487 -1.08013 0.1836022 -0.09225487 -1.08013 0.1836022 -0.1967266 -1.066355 0.1437928 -0.1967266 -1.066355 0.1437928 -0.1967266 -1.066355 0.1437928 -0.1967266 -1.066355 0.1437928 -0.02793222 -1.034617 -0.1271541 -0.02793222 -1.034617 -0.1271541 -0.02793222 -1.034617 -0.1271541 -0.02793222 -1.034617 -0.1271541 -0.08154278 -1.104821 0.1835771 -0.08154278 -1.104821 0.1835771 -0.08154278 -1.104821 0.1835771 -0.08154278 -1.104821 0.1835771 -0.1927357 -1.078042 0.149451 -0.1927357 -1.078042 0.149451 -0.1927357 -1.078042 0.149451 -0.1927357 -1.078042 0.149451 0.0658549 -0.9887534 0.5898795 0.0658549 -0.9887534 0.5898795 0.0658549 -0.9887534 0.5898795 0.06256431 -0.9748138 -0.3634786 0.06256431 -0.9748138 -0.3634786 0.06256431 -0.9748138 -0.3634786 0.06794476 -0.9894362 0.5898795 0.06794476 -0.9894362 0.5898795 0.06794476 -0.9894362 0.5898795 0.1006736 -0.9872232 -0.3634786 0.1006736 -0.9872232 -0.3634786 0.1006736 -0.9872232 -0.3634786 0.06517225 -0.9908435 0.5898795 0.06517225 -0.9908435 0.5898795 0.06517225 -0.9908435 0.5898795 0.05012696 -1.012889 -0.3634786 0.05012696 -1.012889 -0.3634786 0.05012696 -1.012889 -0.3634786 0.06726223 -0.991526 0.5898795 0.06726223 -0.991526 0.5898795 0.06726223 -0.991526 0.5898795 0.08823609 -1.025298 -0.3634786 0.08823609 -1.025298 -0.3634786 0.08823609 -1.025298 -0.3634786 0.0499078 -0.96066 0.4136495 0.0499078 -0.96066 0.4136495 0.0499078 -0.96066 0.4136495 0.0499078 -0.96066 0.4136495 0.03343731 -0.9265167 0.1358916 0.03343731 -0.9265167 0.1358916 0.03343731 -0.9265167 0.1358916 0.03343731 -0.9265167 0.1358916 0.08553624 -0.9270538 -0.09583818 0.08553624 -0.9270538 -0.09583818 0.08553624 -0.9270538 -0.09583818 0.08553624 -0.9270538 -0.09583818 0.1274673 -0.9409785 -0.09582012 0.1274673 -0.9409785 -0.09582012 0.1274673 -0.9409785 -0.09582012 0.1274673 -0.9409785 -0.09582012 0.06041401 -0.9347712 0.1370259 0.06041401 -0.9347712 0.1370259 0.06041401 -0.9347712 0.1370259 0.06041401 -0.9347712 0.1370259 0.06164348 -0.9644718 0.4136466 0.06164348 -0.9644718 0.4136466 0.06164348 -0.9644718 0.4136466 0.06164348 -0.9644718 0.4136466 0.1137987 -0.9826354 -0.0958237 0.1137987 -0.9826354 -0.0958237 0.1137987 -0.9826354 -0.0958237 0.1137987 -0.9826354 -0.0958237 0.05173474 -0.9615058 0.1369777 0.05173474 -0.9615058 0.1369777 0.05173474 -0.9615058 0.1369777 0.05173474 -0.9615058 0.1369777 0.0577889 -0.9761953 0.4136438 0.0577889 -0.9761953 0.4136438 0.0577889 -0.9761953 0.4136438 0.0577889 -0.9761953 0.4136438 0.0718646 -0.9687062 -0.09584206 0.0718646 -0.9687062 -0.09584206 0.0718646 -0.9687062 -0.09584206 0.0718646 -0.9687062 -0.09584206 0.02480542 -0.9531424 0.1358299 0.02480542 -0.9531424 0.1358299 0.02480542 -0.9531424 0.1358299 0.02480542 -0.9531424 0.1358299 0.04605352 -0.972384 0.4136468 0.04605352 -0.972384 0.4136468 0.04605352 -0.972384 0.4136468 0.04605352 -0.972384 0.4136468 -0.01348513 -1.086616 0.4252409 -0.01348513 -1.086616 0.4252409 -0.01348513 -1.086616 0.4252409 0.005251109 -0.9976148 -0.3634786 0.005251109 -0.9976148 -0.3634786 0.005251109 -0.9976148 -0.3634786 -0.01130592 -1.087316 0.4252693 -0.01130592 -1.087316 0.4252693 -0.01130592 -1.087316 0.4252693 0.04491943 -1.010569 -0.3634786 0.04491943 -1.010569 -0.3634786 0.04491943 -1.010569 -0.3634786 -0.01419216 -1.08878 0.4252691 -0.01419216 -1.08878 0.4252691 -0.01419216 -1.08878 0.4252691 -0.007706582 -1.037283 -0.3634786 -0.007706582 -1.037283 -0.3634786 -0.007706582 -1.037283 -0.3634786 -0.01201266 -1.08948 0.4252972 -0.01201266 -1.08948 0.4252972 -0.01201266 -1.08948 0.4252972 0.0319615 -1.050237 -0.3634786 0.0319615 -1.050237 -0.3634786 0.0319615 -1.050237 -0.3634786 -0.06368917 -1.067304 0.3686595 -0.06368917 -1.067304 0.3686595 -0.06368917 -1.067304 0.3686595 -0.06368917 -1.067304 0.3686595 -0.08045291 -0.9659903 0.1184155 -0.08045291 -0.9659903 0.1184155 -0.08045291 -0.9659903 0.1184155 -0.08045291 -0.9659903 0.1184155 0.002937555 -1.011766 -0.09610116 0.002937555 -1.011766 -0.09610116 0.002937555 -1.011766 -0.09610116 0.002937555 -1.011766 -0.09610116 0.03850179 -1.023107 -0.09562355 0.03850179 -1.023107 -0.09562355 0.03850179 -1.023107 -0.09562355 0.03850179 -1.023107 -0.09562355 -0.05258387 -0.9754033 0.1184577 -0.05258387 -0.9754033 0.1184577 -0.05258387 -0.9754033 0.1184577 -0.05258387 -0.9754033 0.1184577 -0.05466341 -1.075844 0.3681524 -0.05466341 -1.075844 0.3681524 -0.05466341 -1.075844 0.3681524 -0.05466341 -1.075844 0.3681524 0.02794194 -1.057718 -0.09526979 0.02794194 -1.057718 -0.09526979 0.02794194 -1.057718 -0.09526979 0.02794194 -1.057718 -0.09526979 -0.06152004 -1.003241 0.1184586 -0.06152004 -1.003241 0.1184586 -0.06152004 -1.003241 0.1184586 -0.06152004 -1.003241 0.1184586 -0.0548222 -1.082968 0.3660652 -0.0548222 -1.082968 0.3660652 -0.0548222 -1.082968 0.3660652 -0.0548222 -1.082968 0.3660652 -0.007586538 -1.046379 -0.09573018 -0.007586538 -1.046379 -0.09573018 -0.007586538 -1.046379 -0.09573018 -0.007586538 -1.046379 -0.09573018 -0.08957564 -0.9940434 0.1184349 -0.08957564 -0.9940434 0.1184349 -0.08957564 -0.9940434 0.1184349 -0.08957564 -0.9940434 0.1184349 -0.06375551 -1.074262 0.3665243 -0.06375551 -1.074262 0.3665243 -0.06375551 -1.074262 0.3665243 -0.06375551 -1.074262 0.3665243 0.06868439 -1.037976 0.5282942 0.06868439 -1.037976 0.5282942 0.06868439 -1.037976 0.5282942 0.07817047 -1.029264 -0.3634786 0.07817047 -1.029264 -0.3634786 0.07817047 -1.029264 -0.3634786 0.06906807 -1.039915 0.5282942 0.06906807 -1.039915 0.5282942 0.06906807 -1.039915 0.5282942 0.08519864 -1.064612 -0.3634786 0.08519864 -1.064612 -0.3634786 0.08519864 -1.064612 -0.3634786 0.06674498 -1.03836 0.5282942 0.06674498 -1.03836 0.5282942 0.06674498 -1.03836 0.5282942 0.04283684 -1.036255 -0.3634786 0.04283684 -1.036255 -0.3634786 0.04283684 -1.036255 -0.3634786 0.06712865 -1.040299 0.5282942 0.06712865 -1.040299 0.5282942 0.06712865 -1.040299 0.5282942 0.04986512 -1.071603 -0.3634786 0.04986512 -1.071603 -0.3634786 0.04986512 -1.071603 -0.3634786 0.08370512 -1.013112 0.3698222 0.08370512 -1.013112 0.3698222 0.08370512 -1.013112 0.3698222 0.08370512 -1.013112 0.3698222 0.1032549 -0.985309 0.1196241 0.1032549 -0.985309 0.1196241 0.1032549 -0.985309 0.1196241 0.1032549 -0.985309 0.1196241 0.1225549 -1.03103 -0.08832538 0.1225549 -1.03103 -0.08832538 0.1225549 -1.03103 -0.08832538 0.1225549 -1.03103 -0.08832538 0.1285413 -1.062084 -0.08831244 0.1285413 -1.062084 -0.08831244 0.1285413 -1.062084 -0.08831244 0.1285413 -1.062084 -0.08831244 0.1086418 -1.010235 0.1196475 0.1086418 -1.010235 0.1196475 0.1086418 -1.010235 0.1196475 0.1086418 -1.010235 0.1196475 0.08587718 -1.023993 0.3698195 0.08587718 -1.023993 0.3698195 0.08587718 -1.023993 0.3698195 0.08587718 -1.023993 0.3698195 0.09774845 -1.068134 -0.08831501 0.09774845 -1.068134 -0.08831501 0.09774845 -1.068134 -0.08831501 0.09774845 -1.068134 -0.08831501 0.08401691 -1.015143 0.1196646 0.08401691 -1.015143 0.1196646 0.08401691 -1.015143 0.1196646 0.08401691 -1.015143 0.1196646 0.07498657 -1.026126 0.369817 0.07498657 -1.026126 0.369817 0.07498657 -1.026126 0.369817 0.07498657 -1.026126 0.369817 0.09176367 -1.037077 -0.08832812 0.09176367 -1.037077 -0.08832812 0.09176367 -1.037077 -0.08832812 0.09176367 -1.037077 -0.08832812 0.07861489 -0.9902186 0.1196408 0.07861489 -0.9902186 0.1196408 0.07861489 -0.9902186 0.1196408 0.07861489 -0.9902186 0.1196408 0.07281434 -1.015245 0.3698197 0.07281434 -1.015245 0.3698197 0.07281434 -1.015245 0.3698197 0.07281434 -1.015245 0.3698197 -0.04296821 -1.018789 0.3802456 -0.04296821 -1.018789 0.3802456 -0.04296821 -1.018789 0.3802456 0.03507912 -0.9943396 -0.3634786 0.03507912 -0.9943396 -0.3634786 0.03507912 -0.9943396 -0.3634786 -0.04255855 -1.020806 0.380271 -0.04255855 -1.020806 0.380271 -0.04255855 -1.020806 0.380271 0.04236555 -1.03115 -0.3634786 0.04236555 -1.03115 -0.3634786 0.04236555 -1.03115 -0.3634786 -0.04497677 -1.019186 0.3802709 -0.04497677 -1.019186 0.3802709 -0.04497677 -1.019186 0.3802709 -0.001732647 -1.001623 -0.3634786 -0.001732647 -1.001623 -0.3634786 -0.001732647 -1.001623 -0.3634786 -0.04456657 -1.021203 0.3802962 -0.04456657 -1.021203 0.3802962 -0.04456657 -1.021203 0.3802962 0.005553781 -1.038434 -0.3634786 0.005553781 -1.038434 -0.3634786 0.005553781 -1.038434 -0.3634786 -0.0499022 -0.9709184 0.3293657 -0.0499022 -0.9709184 0.3293657 -0.0499022 -0.9709184 0.3293657 -0.0499022 -0.9709184 0.3293657 0.02218854 -0.9132099 0.1043376 0.02218854 -0.9132099 0.1043376 0.02218854 -0.9132099 0.1043376 0.02218854 -0.9132099 0.1043376 0.02296197 -0.9987492 -0.08856314 0.02296197 -0.9987492 -0.08856314 0.02296197 -0.9987492 -0.08856314 0.02296197 -0.9987492 -0.08856314 0.02970874 -1.031631 -0.08813369 0.02970874 -1.031631 -0.08813369 0.02970874 -1.031631 -0.08813369 0.02970874 -1.031631 -0.08813369 0.02706301 -0.9392086 0.1043756 0.02706301 -0.9392086 0.1043756 0.02706301 -0.9392086 0.1043756 0.02706301 -0.9392086 0.1043756 -0.05263024 -0.9817535 0.3289096 -0.05263024 -0.9817535 0.3289096 -0.05263024 -0.9817535 0.3289096 -0.05263024 -0.9817535 0.3289096 -0.002082109 -1.038572 -0.08781558 -0.002082109 -1.038572 -0.08781558 -0.002082109 -1.038572 -0.08781558 -0.002082109 -1.038572 -0.08781558 0.001298844 -0.9444433 0.1043764 0.001298844 -0.9444433 0.1043764 0.001298844 -0.9444433 0.1043764 0.001298844 -0.9444433 0.1043764 -0.05828815 -0.9847626 0.3270327 -0.05828815 -0.9847626 0.3270327 -0.05828815 -0.9847626 0.3270327 -0.05828815 -0.9847626 0.3270327 -0.008814632 -1.005718 -0.08822953 -0.008814632 -1.005718 -0.08822953 -0.008814632 -1.005718 -0.08822953 -0.008814632 -1.005718 -0.08822953 -0.003826856 -0.9183931 0.104355 -0.003826856 -0.9183931 0.104355 -0.003826856 -0.9183931 0.104355 -0.003826856 -0.9183931 0.104355 -0.05538839 -0.9739267 0.3274456 -0.05538839 -0.9739267 0.3274456 -0.05538839 -0.9739267 0.3274456 -0.05538839 -0.9739267 0.3274456 0.06676012 -1.083607 0.2632315 0.06676012 -1.083607 0.2632315 0.06676012 -1.083607 0.2632315 0.07238763 -1.088131 -0.3634786 0.07238763 -1.088131 -0.3634786 0.07238763 -1.088131 -0.3634786 0.06541734 -1.083872 0.2632315 0.06541734 -1.083872 0.2632315 0.06541734 -1.083872 0.2632315 0.04790937 -1.092977 -0.3634786 0.04790937 -1.092977 -0.3634786 0.04790937 -1.092977 -0.3634786 0.06649428 -1.082264 0.2632315 0.06649428 -1.082264 0.2632315 0.06649428 -1.082264 0.2632315 0.06754422 -1.063652 -0.3634786 0.06754422 -1.063652 -0.3634786 0.06754422 -1.063652 -0.3634786 0.06515151 -1.08253 0.2632315 0.06515151 -1.08253 0.2632315 0.06515151 -1.08253 0.2632315 0.04306596 -1.068498 -0.3634786 0.04306596 -1.068498 -0.3634786 0.04306596 -1.068498 -0.3634786 0.08387702 -1.093961 0.1535153 0.08387702 -1.093961 0.1535153 0.08387702 -1.093961 0.1535153 0.08387702 -1.093961 0.1535153 0.07211285 -1.121169 -0.001511335 0.07211285 -1.121169 -0.001511335 0.07211285 -1.121169 -0.001511335 0.07211285 -1.121169 -0.001511335 0.05739802 -1.12798 -0.1686903 0.05739802 -1.12798 -0.1686903 0.05739802 -1.12798 -0.1686903 0.05739802 -1.12798 -0.1686903 0.03606194 -1.132203 -0.1686902 0.03606194 -1.132203 -0.1686902 0.03606194 -1.132203 -0.1686902 0.03606194 -1.132203 -0.1686902 0.05478996 -1.124573 -0.001495182 0.05478996 -1.124573 -0.001495182 0.05478996 -1.124573 -0.001495182 0.05478996 -1.124573 -0.001495182 0.07634305 -1.095464 0.1535135 0.07634305 -1.095464 0.1535135 0.07634305 -1.095464 0.1535135 0.07634305 -1.095464 0.1535135 0.03183913 -1.110867 -0.1686902 0.03183913 -1.110867 -0.1686902 0.03183913 -1.110867 -0.1686902 0.03183913 -1.110867 -0.1686902 0.05134272 -1.107273 -0.001483321 0.05134272 -1.107273 -0.001483321 0.05134272 -1.107273 -0.001483321 0.05134272 -1.107273 -0.001483321 0.07486176 -1.087922 0.153512 0.07486176 -1.087922 0.153512 0.07486176 -1.087922 0.153512 0.07486176 -1.087922 0.153512 0.05317515 -1.106645 -0.1686902 0.05317515 -1.106645 -0.1686902 0.05317515 -1.106645 -0.1686902 0.05317515 -1.106645 -0.1686902 0.0686661 -1.103869 -0.001499772 0.0686661 -1.103869 -0.001499772 0.0686661 -1.103869 -0.001499772 0.0686661 -1.103869 -0.001499772 0.08239525 -1.086418 0.1535139 0.08239525 -1.086418 0.1535139 0.08239525 -1.086418 0.1535139 0.08239525 -1.086418 0.1535139 0.1090683 -1.015439 0.2951146 0.1090683 -1.015439 0.2951146 0.1090683 -1.015439 0.2951146 0.1165181 -1.012442 -0.3634786 0.1165181 -1.012442 -0.3634786 0.1165181 -1.012442 -0.3634786 0.1085957 -1.016886 0.2951146 0.1085957 -1.016886 0.2951146 0.1085957 -1.016886 0.2951146 0.1079038 -1.038821 -0.3634786 0.1079038 -1.038821 -0.3634786 0.1079038 -1.038821 -0.3634786 0.1076212 -1.014967 0.2951146 0.1076212 -1.014967 0.2951146 0.1076212 -1.014967 0.2951146 0.09014004 -1.003826 -0.3634786 0.09014004 -1.003826 -0.3634786 0.09014004 -1.003826 -0.3634786 0.1071487 -1.016414 0.2951146 0.1071487 -1.016414 0.2951146 0.1071487 -1.016414 0.2951146 0.08152562 -1.030204 -0.3634786 0.08152562 -1.030204 -0.3634786 0.08152562 -1.030204 -0.3634786 0.1284213 -1.004468 0.173104 0.1284213 -1.004468 0.173104 0.1284213 -1.004468 0.173104 0.1284213 -1.004468 0.173104 0.1484134 -1.030678 7.05462e-4 0.1484134 -1.030678 7.05462e-4 0.1484134 -1.030678 7.05462e-4 0.1484134 -1.030678 7.05462e-4 0.147017 -1.048656 -0.185207 0.147017 -1.048656 -0.185207 0.147017 -1.048656 -0.185207 0.147017 -1.048656 -0.185207 0.1395074 -1.071648 -0.1852069 0.1395074 -1.071648 -0.1852069 0.1395074 -1.071648 -0.1852069 0.1395074 -1.071648 -0.1852069 0.142293 -1.049332 7.23457e-4 0.142293 -1.049332 7.23457e-4 0.142293 -1.049332 7.23457e-4 0.142293 -1.049332 7.23457e-4 0.125782 -1.012594 0.173102 0.125782 -1.012594 0.173102 0.125782 -1.012594 0.173102 0.125782 -1.012594 0.173102 0.1165155 -1.064139 -0.1852069 0.1165155 -1.064139 -0.1852069 0.1165155 -1.064139 -0.1852069 0.1165155 -1.064139 -0.1852069 0.1236377 -1.043266 7.3663e-4 0.1236377 -1.043266 7.3663e-4 0.1236377 -1.043266 7.3663e-4 0.1236377 -1.043266 7.3663e-4 0.1176604 -1.009928 0.1731004 0.1176604 -1.009928 0.1731004 0.1176604 -1.009928 0.1731004 0.1176604 -1.009928 0.1731004 0.1240252 -1.041147 -0.185207 0.1240252 -1.041147 -0.185207 0.1240252 -1.041147 -0.185207 0.1240252 -1.041147 -0.185207 0.1297587 -1.024612 7.18337e-4 0.1297587 -1.024612 7.18337e-4 0.1297587 -1.024612 7.18337e-4 0.1297587 -1.024612 7.18337e-4 0.1202992 -1.001803 0.1731024 0.1202992 -1.001803 0.1731024 0.1202992 -1.001803 0.1731024 0.1202992 -1.001803 0.1731024 -0.06630915 -0.8590738 -0.05917376 -0.06630915 -0.8590738 -0.05917376 -0.06630915 -0.8590738 -0.05917376 -0.01728439 -1.012752 -0.3634786 -0.01728439 -1.012752 -0.3634786 -0.01728439 -1.012752 -0.3634786 -0.0653451 -0.8581807 -0.05868512 -0.0653451 -0.8581807 -0.05868512 -0.0653451 -0.8581807 -0.05868512 -9.84058e-4 -0.9914987 -0.3634786 -9.84058e-4 -0.9914987 -0.3634786 -9.84058e-4 -0.9914987 -0.3634786 -0.06522983 -0.8595925 -0.05982065 -0.06522983 -0.8595925 -0.05982065 -0.06522983 -0.8595925 -0.05982065 0.004178881 -1.029149 -0.3634786 0.004178881 -1.029149 -0.3634786 0.004178881 -1.029149 -0.3634786 -0.06426519 -0.8587012 -0.05932885 -0.06426519 -0.8587012 -0.05932885 -0.06426519 -0.8587012 -0.05932885 0.02047824 -1.007893 -0.3634786 0.02047824 -1.007893 -0.3634786 0.02047824 -1.007893 -0.3634786 -0.07424044 -0.8907877 -0.1008784 -0.07424044 -0.8907877 -0.1008784 -0.07424044 -0.8907877 -0.1008784 -0.07424044 -0.8907877 -0.1008784 -0.05390381 -0.9563859 -0.1251226 -0.05390381 -0.9563859 -0.1251226 -0.05390381 -0.9563859 -0.1251226 -0.05390381 -0.9563859 -0.1251226 -0.01614338 -0.9717285 -0.2265439 -0.01614338 -0.9717285 -0.2265439 -0.01614338 -0.9717285 -0.2265439 -0.01614338 -0.9717285 -0.2265439 -0.001766681 -0.9538483 -0.2250162 -0.001766681 -0.9538483 -0.2250162 -0.001766681 -0.9538483 -0.2250162 -0.001766681 -0.9538483 -0.2250162 -0.04238283 -0.9412422 -0.1251051 -0.04238283 -0.9412422 -0.1251051 -0.04238283 -0.9412422 -0.1251051 -0.04238283 -0.9412422 -0.1251051 -0.06920164 -0.8846389 -0.1003392 -0.06920164 -0.8846389 -0.1003392 -0.06920164 -0.8846389 -0.1003392 -0.06920164 -0.8846389 -0.1003392 0.01706933 -0.9686293 -0.2238497 0.01706933 -0.9686293 -0.2238497 0.01706933 -0.9686293 -0.2238497 0.01706933 -0.9686293 -0.2238497 -0.02722048 -0.9527136 -0.1250923 -0.02722048 -0.9527136 -0.1250923 -0.02722048 -0.9527136 -0.1250923 -0.02722048 -0.9527136 -0.1250923 -0.06321096 -0.8875718 -0.1042911 -0.06321096 -0.8875718 -0.1042911 -0.06321096 -0.8875718 -0.1042911 -0.06321096 -0.8875718 -0.1042911 0.002693533 -0.9865123 -0.2253618 0.002693533 -0.9865123 -0.2253618 0.002693533 -0.9865123 -0.2253618 0.002693533 -0.9865123 -0.2253618 -0.03874218 -0.9678576 -0.12511 -0.03874218 -0.9678576 -0.12511 -0.03874218 -0.9678576 -0.12511 -0.03874218 -0.9678576 -0.12511 -0.06825524 -0.8936952 -0.1048737 -0.06825524 -0.8936952 -0.1048737 -0.06825524 -0.8936952 -0.1048737 -0.06825524 -0.8936952 -0.1048737 0.460202 -1.018194 0.265495 0.460202 -1.018194 0.265495 0.460202 -1.018194 0.265495 0.1761668 -1.114919 -0.3634787 0.1761668 -1.114919 -0.3634787 0.1761668 -1.114919 -0.3634787 0.4619413 -1.020427 0.2643952 0.4619413 -1.020427 0.2643952 0.4619413 -1.020427 0.2643952 0.2145395 -1.147254 -0.3634787 0.2145395 -1.147254 -0.3634787 0.2145395 -1.147254 -0.3634787 0.4589369 -1.0197 0.2669772 0.4589369 -1.0197 0.2669772 0.4589369 -1.0197 0.2669772 0.1436309 -1.153677 -0.3634787 0.1436309 -1.153677 -0.3634787 0.1436309 -1.153677 -0.3634787 0.4606754 -1.02194 0.265845 0.4606754 -1.02194 0.265845 0.4606754 -1.02194 0.265845 0.1820105 -1.186011 -0.3634787 0.1820105 -1.186011 -0.3634787 0.1820105 -1.186011 -0.3634787 0.3926489 -0.9798936 0.3062306 0.3926489 -0.9798936 0.3062306 0.3926489 -0.9798936 0.3062306 0.3926489 -0.9798936 0.3062306 0.2606669 -0.9948942 0.3606824 0.2606669 -0.9948942 0.3606824 0.2606669 -0.9948942 0.3606824 0.2606669 -0.9948942 0.3606824 0.244211 -1.100435 -0.03687936 0.244211 -1.100435 -0.03687936 0.244211 -1.100435 -0.03687936 0.244211 -1.100435 -0.03687936 0.2762988 -1.128557 -0.03216576 0.2762988 -1.128557 -0.03216576 0.2762988 -1.128557 -0.03216576 0.2762988 -1.128557 -0.03216576 0.2880176 -1.017759 0.3607151 0.2880176 -1.017759 0.3607151 0.2880176 -1.017759 0.3607151 0.2880176 -1.017759 0.3607151 0.4043005 -0.9912009 0.2995114 0.4043005 -0.9912009 0.2995114 0.4043005 -0.9912009 0.2995114 0.4043005 -0.9912009 0.2995114 0.2482563 -1.165435 -0.04659324 0.2482563 -1.165435 -0.04659324 0.2482563 -1.165435 -0.04659324 0.2482563 -1.165435 -0.04659324 0.2652433 -1.045149 0.3607391 0.2652433 -1.045149 0.3607391 0.2652433 -1.045149 0.3607391 0.2652433 -1.045149 0.3607391 0.3971079 -0.9993873 0.3080081 0.3971079 -0.9993873 0.3080081 0.3971079 -0.9993873 0.3080081 0.3971079 -0.9993873 0.3080081 0.2161334 -1.137245 -0.05088436 0.2161334 -1.137245 -0.05088436 0.2161334 -1.137245 -0.05088436 0.2161334 -1.137245 -0.05088436 0.2378922 -1.022282 0.3607058 0.2378922 -1.022282 0.3607058 0.2378922 -1.022282 0.3607058 0.2378922 -1.022282 0.3607058 0.3854399 -0.9879228 0.3155029 0.3854399 -0.9879228 0.3155029 0.3854399 -0.9879228 0.3155029 0.3854399 -0.9879228 0.3155029 0.1323499 -1.247263 0.8988881 0.1323499 -1.247263 0.8988881 0.1323499 -1.247263 0.8988881 0.1445273 -1.26181 -0.3634787 0.1445273 -1.26181 -0.3634787 0.1445273 -1.26181 -0.3634787 0.1294702 -1.247696 0.8988881 0.1294702 -1.247696 0.8988881 0.1294702 -1.247696 0.8988881 0.09203827 -1.269761 -0.3634787 0.09203827 -1.269761 -0.3634787 0.09203827 -1.269761 -0.3634787 0.1319164 -1.244383 0.8988881 0.1319164 -1.244383 0.8988881 0.1319164 -1.244383 0.8988881 0.1366307 -1.209346 -0.3634787 0.1366307 -1.209346 -0.3634787 0.1366307 -1.209346 -0.3634787 0.1290366 -1.244816 0.8988881 0.1290366 -1.244816 0.8988881 0.1290366 -1.244816 0.8988881 0.08414161 -1.217295 -0.3634787 0.08414161 -1.217295 -0.3634787 0.08414161 -1.217295 -0.3634787 0.1679201 -1.271047 0.6654564 0.1679201 -1.271047 0.6654564 0.1679201 -1.271047 0.6654564 0.1679201 -1.271047 0.6654564 0.2077042 -1.301683 0.2975423 0.2077042 -1.301683 0.2975423 0.2077042 -1.301683 0.2975423 0.2077042 -1.301683 0.2975423 0.1457067 -1.332 -0.009403765 0.1457067 -1.332 -0.009403765 0.1457067 -1.332 -0.009403765 0.1457067 -1.332 -0.009403765 0.08779281 -1.340427 -0.009379804 0.08779281 -1.340427 -0.009379804 0.08779281 -1.340427 -0.009379804 0.08779281 -1.340427 -0.009379804 0.170863 -1.307938 0.2990447 0.170863 -1.307938 0.2990447 0.170863 -1.307938 0.2990447 0.170863 -1.307938 0.2990447 0.1517619 -1.273507 0.6654525 0.1517619 -1.273507 0.6654525 0.1517619 -1.273507 0.6654525 0.1517619 -1.273507 0.6654525 0.07922554 -1.28299 -0.009384572 0.07922554 -1.28299 -0.009384572 0.07922554 -1.28299 -0.009384572 0.07922554 -1.28299 -0.009384572 0.1652547 -1.271131 0.2989808 0.1652547 -1.271131 0.2989808 0.1652547 -1.271131 0.2989808 0.1652547 -1.271131 0.2989808 0.1493601 -1.257338 0.6654489 0.1493601 -1.257338 0.6654489 0.1493601 -1.257338 0.6654489 0.1493601 -1.257338 0.6654489 0.1371457 -1.274566 -0.009408891 0.1371457 -1.274566 -0.009408891 0.1371457 -1.274566 -0.009408891 0.1371457 -1.274566 -0.009408891 0.2021045 -1.265033 0.2974604 0.2021045 -1.265033 0.2974604 0.2021045 -1.265033 0.2974604 0.2021045 -1.265033 0.2974604 0.1655176 -1.254878 0.6654527 0.1655176 -1.254878 0.6654527 0.1655176 -1.254878 0.6654527 0.1655176 -1.254878 0.6654527 0.1681365 -1.084269 0.6808102 0.1681365 -1.084269 0.6808102 0.1681365 -1.084269 0.6808102 0.1988323 -1.200766 -0.3634787 0.1988323 -1.200766 -0.3634787 0.1988323 -1.200766 -0.3634787 0.1651409 -1.084735 0.6808477 0.1651409 -1.084735 0.6808477 0.1651409 -1.084735 0.6808477 0.1441739 -1.208998 -0.3634787 0.1441739 -1.208998 -0.3634787 0.1441739 -1.208998 -0.3634787 0.1676876 -1.081286 0.6808475 0.1676876 -1.081286 0.6808475 0.1676876 -1.081286 0.6808475 0.1906053 -1.146106 -0.3634787 0.1906053 -1.146106 -0.3634787 0.1906053 -1.146106 -0.3634787 0.1646919 -1.081753 0.6808847 0.1646919 -1.081753 0.6808847 0.1646919 -1.081753 0.6808847 0.1359469 -1.154337 -0.3634787 0.1359469 -1.154337 -0.3634787 0.1359469 -1.154337 -0.3634787 0.239045 -1.077304 0.6058633 0.239045 -1.077304 0.6058633 0.239045 -1.077304 0.6058633 0.239045 -1.077304 0.6058633 0.3190836 -1.187287 0.2743936 0.3190836 -1.187287 0.2743936 0.3190836 -1.187287 0.2743936 0.3190836 -1.187287 0.2743936 0.1931636 -1.182638 -0.009752154 0.1931636 -1.182638 -0.009752154 0.1931636 -1.182638 -0.009752154 0.1931636 -1.182638 -0.009752154 0.1443223 -1.190341 -0.009119451 0.1443223 -1.190341 -0.009119451 0.1443223 -1.190341 -0.009119451 0.1443223 -1.190341 -0.009119451 0.2804978 -1.192701 0.2744496 0.2804978 -1.192701 0.2744496 0.2804978 -1.192701 0.2744496 0.2804978 -1.192701 0.2744496 0.2232863 -1.072557 0.6051915 0.2232863 -1.072557 0.6051915 0.2232863 -1.072557 0.6051915 0.2232863 -1.072557 0.6051915 0.1362608 -1.143092 -0.008650958 0.1362608 -1.143092 -0.008650958 0.1362608 -1.143092 -0.008650958 0.1362608 -1.143092 -0.008650958 0.2745382 -1.154435 0.2744508 0.2745382 -1.154435 0.2744508 0.2745382 -1.154435 0.2744508 0.2745382 -1.154435 0.2744508 0.2192413 -1.064028 0.6024268 0.2192413 -1.064028 0.6024268 0.2192413 -1.064028 0.6024268 0.2192413 -1.064028 0.6024268 0.1850588 -1.135408 -0.009260714 0.1850588 -1.135408 -0.009260714 0.1850588 -1.135408 -0.009260714 0.1850588 -1.135408 -0.009260714 0.3132169 -1.148656 0.2744193 0.3132169 -1.148656 0.2744193 0.3132169 -1.148656 0.2744193 0.3132169 -1.148656 0.2744193 0.23499 -1.069028 0.6030351 0.23499 -1.069028 0.6030351 0.23499 -1.069028 0.6030351 0.23499 -1.069028 0.6030351 0.0997563 -1.190671 0.8173131 0.0997563 -1.190671 0.8173131 0.0997563 -1.190671 0.8173131 0.09370177 -1.20662 -0.3634787 0.09370177 -1.20662 -0.3634787 0.09370177 -1.20662 -0.3634787 0.09814971 -1.188602 0.8173131 0.09814971 -1.188602 0.8173131 0.09814971 -1.188602 0.8173131 0.06438034 -1.168948 -0.3634787 0.06438034 -1.168948 -0.3634787 0.06438034 -1.168948 -0.3634787 0.1018243 -1.189064 0.8173131 0.1018243 -1.189064 0.8173131 0.1018243 -1.189064 0.8173131 0.1313787 -1.177351 -0.3634787 0.1313787 -1.177351 -0.3634787 0.1313787 -1.177351 -0.3634787 0.1002177 -1.186996 0.8173131 0.1002177 -1.186996 0.8173131 0.1002177 -1.186996 0.8173131 0.1020571 -1.139679 -0.3634787 0.1020571 -1.139679 -0.3634787 0.1020571 -1.139679 -0.3634787 0.09674572 -1.22903 0.6074033 0.09674572 -1.22903 0.6074033 0.09674572 -1.22903 0.6074033 0.09674572 -1.22903 0.6074033 0.09011965 -1.273561 0.2759945 0.09011965 -1.273561 0.2759945 0.09011965 -1.273561 0.2759945 0.09011965 -1.273561 0.2759945 0.04010725 -1.230899 5.47573e-4 0.04010725 -1.230899 5.47573e-4 0.04010725 -1.230899 5.47573e-4 0.04010725 -1.230899 5.47573e-4 0.01457041 -1.197692 5.64724e-4 0.01457041 -1.197692 5.64724e-4 0.01457041 -1.197692 5.64724e-4 0.01457041 -1.197692 5.64724e-4 0.06893295 -1.247251 0.2760255 0.06893295 -1.247251 0.2760255 0.06893295 -1.247251 0.2760255 0.06893295 -1.247251 0.2760255 0.08770966 -1.217439 0.6073998 0.08770966 -1.217439 0.6073998 0.08770966 -1.217439 0.6073998 0.08770966 -1.217439 0.6073998 0.04743057 -1.172235 5.61282e-4 0.04743057 -1.172235 5.61282e-4 0.04743057 -1.172235 5.61282e-4 0.04743057 -1.172235 5.61282e-4 0.09517008 -1.226811 0.2760482 0.09517008 -1.226811 0.2760482 0.09517008 -1.226811 0.2760482 0.09517008 -1.226811 0.2760482 0.09933543 -1.208443 0.6073965 0.09933543 -1.208443 0.6073965 0.09933543 -1.208443 0.6073965 0.09933543 -1.208443 0.6073965 0.07296752 -1.205447 5.43937e-4 0.07296752 -1.205447 5.43937e-4 0.07296752 -1.205447 5.43937e-4 0.07296752 -1.205447 5.43937e-4 0.1163733 -1.253109 0.2760167 0.1163733 -1.253109 0.2760167 0.1163733 -1.253109 0.2760167 0.1163733 -1.253109 0.2760167 0.1083715 -1.220034 0.6074001 0.1083715 -1.220034 0.6074001 0.1083715 -1.220034 0.6074001 0.1083715 -1.220034 0.6074001 0.2433379 -1.147051 0.62121 0.2433379 -1.147051 0.62121 0.2433379 -1.147051 0.62121 0.1654657 -1.222365 -0.3634787 0.1654657 -1.222365 -0.3634787 0.1654657 -1.222365 -0.3634787 0.2416546 -1.144906 0.6212437 0.2416546 -1.144906 0.6212437 0.2416546 -1.144906 0.6212437 0.1349695 -1.183115 -0.3634787 0.1349695 -1.183115 -0.3634787 0.1349695 -1.183115 -0.3634787 0.2454797 -1.145387 0.6212436 0.2454797 -1.145387 0.6212436 0.2454797 -1.145387 0.6212436 0.2047188 -1.191872 -0.3634787 0.2047188 -1.191872 -0.3634787 0.2047188 -1.191872 -0.3634787 0.2437957 -1.143243 0.621277 0.2437957 -1.143243 0.621277 0.2437957 -1.143243 0.621277 0.1742226 -1.152621 -0.3634787 0.1742226 -1.152621 -0.3634787 0.1742226 -1.152621 -0.3634787 0.2799876 -1.199604 0.5538153 0.2799876 -1.199604 0.5538153 0.2799876 -1.199604 0.5538153 0.2799876 -1.199604 0.5538153 0.2289271 -1.310753 0.2557463 0.2289271 -1.310753 0.2557463 0.2289271 -1.310753 0.2557463 0.2289271 -1.310753 0.2557463 0.177191 -1.209945 2.32592e-4 0.177191 -1.209945 2.32592e-4 0.177191 -1.209945 2.32592e-4 0.177191 -1.209945 2.32592e-4 0.1496677 -1.175026 8.01489e-4 0.1496677 -1.175026 8.01489e-4 0.1496677 -1.175026 8.01489e-4 0.1496677 -1.175026 8.01489e-4 0.20771 -1.28287 0.2557966 0.20771 -1.28287 0.2557966 0.20771 -1.28287 0.2557966 0.20771 -1.28287 0.2557966 0.27678 -1.185155 0.5532111 0.27678 -1.185155 0.5532111 0.27678 -1.185155 0.5532111 0.27678 -1.185155 0.5532111 0.1831808 -1.147922 0.001222789 0.1831808 -1.147922 0.001222789 0.1831808 -1.147922 0.001222789 0.1831808 -1.147922 0.001222789 0.2351015 -1.261366 0.2557976 0.2351015 -1.261366 0.2557976 0.2351015 -1.261366 0.2557976 0.2351015 -1.261366 0.2557976 0.2816904 -1.178232 0.550725 0.2816904 -1.178232 0.550725 0.2816904 -1.178232 0.550725 0.2816904 -1.178232 0.550725 0.21067 -1.182816 6.74471e-4 0.21067 -1.182816 6.74471e-4 0.21067 -1.182816 6.74471e-4 0.21067 -1.182816 6.74471e-4 0.2566466 -1.289161 0.2557694 0.2566466 -1.289161 0.2557694 0.2566466 -1.289161 0.2557694 0.2566466 -1.289161 0.2557694 0.2846953 -1.192783 0.551272 0.2846953 -1.192783 0.551272 0.2846953 -1.192783 0.551272 0.2846953 -1.192783 0.551272 0.07492434 -1.135507 0.4662148 0.07492434 -1.135507 0.4662148 0.07492434 -1.135507 0.4662148 0.06557375 -1.133493 -0.3634787 0.06557375 -1.133493 -0.3634787 0.06557375 -1.133493 -0.3634787 0.07635611 -1.134394 0.4662148 0.07635611 -1.134394 0.4662148 0.07635611 -1.134394 0.4662148 0.09167414 -1.113214 -0.3634787 0.09167414 -1.113214 -0.3634787 0.09167414 -1.113214 -0.3634787 0.07603675 -1.136938 0.4662148 0.07603675 -1.136938 0.4662148 0.07603675 -1.136938 0.4662148 0.08585119 -1.159596 -0.3634787 0.08585119 -1.159596 -0.3634787 0.08585119 -1.159596 -0.3634787 0.07746857 -1.135826 0.4662148 0.07746857 -1.135826 0.4662148 0.07746857 -1.135826 0.4662148 0.1119515 -1.139316 -0.3634787 0.1119515 -1.139316 -0.3634787 0.1119515 -1.139316 -0.3634787 0.0485087 -1.133418 0.3208863 0.0485087 -1.133418 0.3208863 0.0485087 -1.133418 0.3208863 0.0485087 -1.133418 0.3208863 0.04627108 -1.094218 0.1155402 0.04627108 -1.094218 0.1155402 0.04627108 -1.094218 0.1155402 0.04627108 -1.094218 0.1155402 0.05964446 -1.077411 -0.1059026 0.05964446 -1.077411 -0.1059026 0.05964446 -1.077411 -0.1059026 0.05964446 -1.077411 -0.1059026 0.08239513 -1.059737 -0.1059025 0.08239513 -1.059737 -0.1059025 0.08239513 -1.059737 -0.1059025 0.08239513 -1.059737 -0.1059025 0.06475669 -1.079896 0.1155616 0.06475669 -1.079896 0.1155616 0.06475669 -1.079896 0.1155616 0.06475669 -1.079896 0.1155616 0.05653452 -1.127162 0.320884 0.05653452 -1.127162 0.320884 0.05653452 -1.127162 0.320884 0.05653452 -1.127162 0.320884 0.1000704 -1.082487 -0.1059024 0.1000704 -1.082487 -0.1059024 0.1000704 -1.082487 -0.1059024 0.1000704 -1.082487 -0.1059024 0.07911598 -1.098329 0.1155773 0.07911598 -1.098329 0.1155773 0.07911598 -1.098329 0.1155773 0.07911598 -1.098329 0.1155773 0.06276935 -1.135211 0.320882 0.06276935 -1.135211 0.320882 0.06276935 -1.135211 0.320882 0.06276935 -1.135211 0.320882 0.07731986 -1.100161 -0.1059025 0.07731986 -1.100161 -0.1059025 0.07731986 -1.100161 -0.1059025 0.07731986 -1.100161 -0.1059025 0.0606296 -1.112651 0.1155555 0.0606296 -1.112651 0.1155555 0.0606296 -1.112651 0.1155555 0.0606296 -1.112651 0.1155555 0.05474412 -1.141468 0.3208845 0.05474412 -1.141468 0.3208845 0.05474412 -1.141468 0.3208845 0.05474412 -1.141468 0.3208845 0.06533616 -1.241344 0.5084468 0.06533616 -1.241344 0.5084468 0.06533616 -1.241344 0.5084468 0.05829721 -1.249318 -0.3634787 0.05829721 -1.249318 -0.3634787 0.05829721 -1.249318 -0.3634787 0.06503605 -1.23935 0.5084468 0.06503605 -1.23935 0.5084468 0.06503605 -1.23935 0.5084468 0.0528236 -1.212971 -0.3634787 0.0528236 -1.212971 -0.3634787 0.0528236 -1.212971 -0.3634787 0.06733012 -1.241043 0.5084468 0.06733012 -1.241043 0.5084468 0.06733012 -1.241043 0.5084468 0.09464484 -1.243847 -0.3634787 0.09464484 -1.243847 -0.3634787 0.09464484 -1.243847 -0.3634787 0.06702983 -1.23905 0.5084468 0.06702983 -1.23905 0.5084468 0.06702983 -1.23905 0.5084468 0.08917123 -1.207501 -0.3634787 0.08917123 -1.207501 -0.3634787 0.08917123 -1.207501 -0.3634787 0.04894292 -1.26583 0.3468332 0.04894292 -1.26583 0.3468332 0.04894292 -1.26583 0.3468332 0.04894292 -1.26583 0.3468332 0.009703099 -1.246679 0.1184765 0.009703099 -1.246679 0.1184765 0.009703099 -1.246679 0.1184765 0.009703099 -1.246679 0.1184765 6.75246e-4 -1.224565 -0.1277804 6.75246e-4 -1.224565 -0.1277804 6.75246e-4 -1.224565 -0.1277804 6.75246e-4 -1.224565 -0.1277804 -0.004094243 -1.192885 -0.1277803 -0.004094243 -1.192885 -0.1277803 -0.004094243 -1.192885 -0.1277803 -0.004094243 -1.192885 -0.1277803 0.005866169 -1.220958 0.1185004 0.005866169 -1.220958 0.1185004 0.005866169 -1.220958 0.1185004 0.005866169 -1.220958 0.1185004 0.04723989 -1.254642 0.3468306 0.04723989 -1.254642 0.3468306 0.04723989 -1.254642 0.3468306 0.04723989 -1.254642 0.3468306 0.02758646 -1.188114 -0.1277803 0.02758646 -1.188114 -0.1277803 0.02758646 -1.188114 -0.1277803 0.02758646 -1.188114 -0.1277803 0.03155559 -1.217056 0.1185178 0.03155559 -1.217056 0.1185178 0.03155559 -1.217056 0.1185178 0.03155559 -1.217056 0.1185178 0.05843847 -1.252973 0.3468284 0.05843847 -1.252973 0.3468284 0.05843847 -1.252973 0.3468284 0.05843847 -1.252973 0.3468284 0.0323559 -1.219796 -0.1277803 0.0323559 -1.219796 -0.1277803 0.0323559 -1.219796 -0.1277803 0.0323559 -1.219796 -0.1277803 0.0353921 -1.242778 0.1184936 0.0353921 -1.242778 0.1184936 0.0353921 -1.242778 0.1184936 0.0353921 -1.242778 0.1184936 0.06014186 -1.26416 0.3468311 0.06014186 -1.26416 0.3468311 0.06014186 -1.26416 0.3468311 0.06014186 -1.26416 0.3468311 0.3658603 -1.322266 0.03916132 0.3658603 -1.322266 0.03916132 0.3658603 -1.322266 0.03916132 0.2165185 -1.169457 -0.3634787 0.2165185 -1.169457 -0.3634787 0.2165185 -1.169457 -0.3634787 0.3652496 -1.323896 0.03980857 0.3652496 -1.323896 0.03980857 0.3652496 -1.323896 0.03980857 0.2098477 -1.204302 -0.3634787 0.2098477 -1.204302 -0.3634787 0.2098477 -1.204302 -0.3634787 0.3642743 -1.322293 0.03830444 0.3642743 -1.322293 0.03830444 0.3642743 -1.322293 0.03830444 0.1813665 -1.162796 -0.3634787 0.1813665 -1.162796 -0.3634787 0.1813665 -1.162796 -0.3634787 0.3636618 -1.323921 0.03895592 0.3636618 -1.323921 0.03895592 0.3636618 -1.323921 0.03895592 0.174699 -1.197645 -0.3634787 0.174699 -1.197645 -0.3634787 0.174699 -1.197645 -0.3634787 0.3564081 -1.280008 -0.01607996 0.3564081 -1.280008 -0.01607996 0.3564081 -1.280008 -0.01607996 0.3564081 -1.280008 -0.01607996 0.2933591 -1.214431 -0.04819345 0.2933591 -1.214431 -0.04819345 0.2933591 -1.214431 -0.04819345 0.2933591 -1.214431 -0.04819345 0.2395403 -1.218701 -0.1825346 0.2395403 -1.218701 -0.1825346 0.2395403 -1.218701 -0.1825346 0.2395403 -1.218701 -0.1825346 0.233143 -1.248411 -0.1805111 0.233143 -1.248411 -0.1805111 0.233143 -1.248411 -0.1805111 0.233143 -1.248411 -0.1805111 0.2887169 -1.239204 -0.04817032 0.2887169 -1.239204 -0.04817032 0.2887169 -1.239204 -0.04817032 0.2887169 -1.239204 -0.04817032 0.3540959 -1.290281 -0.01536577 0.3540959 -1.290281 -0.01536577 0.3540959 -1.290281 -0.01536577 0.3540959 -1.290281 -0.01536577 0.2020619 -1.242103 -0.1789661 0.2020619 -1.242103 -0.1789661 0.2020619 -1.242103 -0.1789661 0.2020619 -1.242103 -0.1789661 0.2639512 -1.234631 -0.0481534 0.2639512 -1.234631 -0.0481534 0.2639512 -1.234631 -0.0481534 0.2639512 -1.234631 -0.0481534 0.3452612 -1.290368 -0.02060043 0.3452612 -1.290368 -0.02060043 0.3452612 -1.290368 -0.02060043 0.3452612 -1.290368 -0.02060043 0.2084563 -1.212391 -0.180969 0.2084563 -1.212391 -0.180969 0.2084563 -1.212391 -0.180969 0.2084563 -1.212391 -0.180969 0.268594 -1.209857 -0.04817688 0.268594 -1.209857 -0.04817688 0.268594 -1.209857 -0.04817688 0.268594 -1.209857 -0.04817688 0.347595 -1.280122 -0.02137207 0.347595 -1.280122 -0.02137207 0.347595 -1.280122 -0.02137207 0.347595 -1.280122 -0.02137207 -0.1311469 -1.585639 0.06633907 -0.1311469 -1.585639 0.06633907 -0.1311469 -1.585639 0.06633907 0.02481001 -1.491932 -0.3634786 0.02481001 -1.491932 -0.3634786 0.02481001 -1.491932 -0.3634786 -0.1324637 -1.584538 0.06567227 -0.1324637 -1.584538 0.06567227 -0.1324637 -1.584538 0.06567227 -0.002074718 -1.477681 -0.3634786 -0.002074718 -1.477681 -0.3634786 -0.002074718 -1.477681 -0.3634786 -0.13059 -1.584584 0.06723791 -0.13059 -1.584584 0.06723791 -0.13059 -1.584584 0.06723791 0.03912949 -1.464792 -0.3634786 0.03912949 -1.464792 -0.3634786 0.03912949 -1.464792 -0.3634786 -0.1319072 -1.58348 0.06655138 -0.1319072 -1.58348 0.06655138 -0.1319072 -1.58348 0.06655138 0.01224082 -1.450544 -0.3634786 0.01224082 -1.450544 -0.3634786 0.01224082 -1.450544 -0.3634786 -0.08620315 -1.599687 0.09104007 -0.08620315 -1.599687 0.09104007 -0.08620315 -1.599687 0.09104007 -0.08620315 -1.599687 0.09104007 -0.009899675 -1.573892 0.1240583 -0.009899675 -1.573892 0.1240583 -0.009899675 -1.573892 0.1240583 -0.009899675 -1.573892 0.1240583 -0.01366418 -1.509231 -0.1170126 -0.01366418 -1.509231 -0.1170126 -0.01366418 -1.509231 -0.1170126 -0.01366418 -1.509231 -0.1170126 -0.0362842 -1.496673 -0.1141544 -0.0362842 -1.496673 -0.1141544 -0.0362842 -1.496673 -0.1141544 -0.0362842 -1.496673 -0.1141544 -0.02903884 -1.563843 0.1240781 -0.02903884 -1.563843 0.1240781 -0.02903884 -1.563843 0.1240781 -0.02903884 -1.563843 0.1240781 -0.09455722 -1.594478 0.08696579 -0.09455722 -1.594478 0.08696579 -0.09455722 -1.594478 0.08696579 -0.09455722 -1.594478 0.08696579 -0.02438706 -1.471224 -0.1229029 -0.02438706 -1.471224 -0.1229029 -0.02438706 -1.471224 -0.1229029 -0.02438706 -1.471224 -0.1229029 -0.01904875 -1.544693 0.1240926 -0.01904875 -1.544693 0.1240926 -0.01904875 -1.544693 0.1240926 -0.01904875 -1.544693 0.1240926 -0.09134268 -1.588704 0.09211796 -0.09134268 -1.588704 0.09211796 -0.09134268 -1.588704 0.09211796 -0.09134268 -1.588704 0.09211796 -0.001737475 -1.483818 -0.1255049 -0.001737475 -1.483818 -0.1255049 -0.001737475 -1.483818 -0.1255049 -0.001737475 -1.483818 -0.1255049 9.07555e-5 -1.554742 0.1240724 9.07555e-5 -1.554742 0.1240724 9.07555e-5 -1.554742 0.1240724 9.07555e-5 -1.554742 0.1240724 -0.08295881 -1.594005 0.09666258 -0.08295881 -1.594005 0.09666258 -0.08295881 -1.594005 0.09666258 -0.08295881 -1.594005 0.09666258 0.03382921 -1.40788 0.4504119 0.03382921 -1.40788 0.4504119 0.03382921 -1.40788 0.4504119 0.02474844 -1.400818 -0.3634786 0.02474844 -1.400818 -0.3634786 0.02474844 -1.400818 -0.3634786 0.03548049 -1.407255 0.4504119 0.03548049 -1.407255 0.4504119 0.03548049 -1.407255 0.4504119 0.05484002 -1.389383 -0.3634786 0.05484002 -1.389383 -0.3634786 0.05484002 -1.389383 -0.3634786 0.03445506 -1.409532 0.4504119 0.03445506 -1.409532 0.4504119 0.03445506 -1.409532 0.4504119 0.03614848 -1.430902 -0.3634786 0.03614848 -1.430902 -0.3634786 0.03614848 -1.430902 -0.3634786 0.03610628 -1.408906 0.4504119 0.03610628 -1.408906 0.4504119 0.03610628 -1.408906 0.4504119 0.06624007 -1.419467 -0.3634786 0.06624007 -1.419467 -0.3634786 0.06624007 -1.419467 -0.3634786 0.009700715 -1.398339 0.3088651 0.009700715 -1.398339 0.3088651 0.009700715 -1.398339 0.3088651 0.009700715 -1.398339 0.3088651 -0.01780283 -1.385277 0.08577173 -0.01780283 -1.385277 0.08577173 -0.01780283 -1.385277 0.08577173 -0.01780283 -1.385277 0.08577173 0.01505953 -1.359368 -0.1003522 0.01505953 -1.359368 -0.1003522 0.01505953 -1.359368 -0.1003522 0.01505953 -1.359368 -0.1003522 0.04830533 -1.346956 -0.1003376 0.04830533 -1.346956 -0.1003376 0.04830533 -1.346956 -0.1003376 0.04830533 -1.346956 -0.1003376 0.003231406 -1.376851 0.08668279 0.003231406 -1.376851 0.08668279 0.003231406 -1.376851 0.08668279 0.003231406 -1.376851 0.08668279 0.0189625 -1.394812 0.3088628 0.0189625 -1.394812 0.3088628 0.0189625 -1.394812 0.3088628 0.0189625 -1.394812 0.3088628 0.06073963 -1.379901 -0.1003406 0.06073963 -1.379901 -0.1003406 0.06073963 -1.379901 -0.1003406 0.06073963 -1.379901 -0.1003406 0.01126968 -1.397948 0.08664405 0.01126968 -1.397948 0.08664405 0.01126968 -1.397948 0.08664405 0.01126968 -1.397948 0.08664405 0.022457 -1.404088 0.3088605 0.022457 -1.404088 0.3088605 0.022457 -1.404088 0.3088605 0.022457 -1.404088 0.3088605 0.02748972 -1.392312 -0.1003553 0.02748972 -1.392312 -0.1003553 0.02748972 -1.392312 -0.1003553 0.02748972 -1.392312 -0.1003553 -0.009789764 -1.406282 0.08572214 -0.009789764 -1.406282 0.08572214 -0.009789764 -1.406282 0.08572214 -0.009789764 -1.406282 0.08572214 0.01319569 -1.407615 0.3088629 0.01319569 -1.407615 0.3088629 0.01319569 -1.407615 0.3088629 0.01319569 -1.407615 0.3088629 0.03349512 -1.509069 0.3181752 0.03349512 -1.509069 0.3181752 0.03349512 -1.509069 0.3181752 3.80944e-4 -1.443953 -0.3634786 3.80944e-4 -1.443953 -0.3634786 3.80944e-4 -1.443953 -0.3634786 0.0352109 -1.508409 0.318198 0.0352109 -1.508409 0.318198 0.0352109 -1.508409 0.318198 0.03172224 -1.432074 -0.3634786 0.03172224 -1.432074 -0.3634786 0.03172224 -1.432074 -0.3634786 0.0341432 -1.510779 0.3181979 0.0341432 -1.510779 0.3181979 0.0341432 -1.510779 0.3181979 0.01225787 -1.475296 -0.3634786 0.01225787 -1.475296 -0.3634786 0.01225787 -1.475296 -0.3634786 0.03585892 -1.510119 0.3182204 0.03585892 -1.510119 0.3182204 0.03585892 -1.510119 0.3182204 0.04359924 -1.463417 -0.3634786 0.04359924 -1.463417 -0.3634786 0.04359924 -1.463417 -0.3634786 -0.007639706 -1.522279 0.2727294 -0.007639706 -1.522279 0.2727294 -0.007639706 -1.522279 0.2727294 -0.007639706 -1.522279 0.2727294 -0.06916463 -1.467344 0.07173502 -0.06916463 -1.467344 0.07173502 -0.06916463 -1.467344 0.07173502 -0.06916463 -1.467344 0.07173502 0.006062567 -1.453972 -0.1005634 0.006062567 -1.453972 -0.1005634 0.006062567 -1.453972 -0.1005634 0.006062567 -1.453972 -0.1005634 0.03402376 -1.443151 -0.1001797 0.03402376 -1.443151 -0.1001797 0.03402376 -1.443151 -0.1001797 0.03402376 -1.443151 -0.1001797 -0.04698848 -1.459194 0.07176893 -0.04698848 -1.459194 0.07176893 -0.04698848 -1.459194 0.07176893 -0.04698848 -1.459194 0.07176893 0.002308309 -1.523074 0.2723221 0.002308309 -1.523074 0.2723221 0.002308309 -1.523074 0.2723221 0.002308309 -1.523074 0.2723221 0.04485344 -1.470122 -0.09989565 0.04485344 -1.470122 -0.09989565 0.04485344 -1.470122 -0.09989565 0.04485344 -1.470122 -0.09989565 -0.03855526 -1.48111 0.07176965 -0.03855526 -1.48111 0.07176965 -0.03855526 -1.48111 0.07176965 -0.03855526 -1.48111 0.07176965 0.00579822 -1.527611 0.2706456 0.00579822 -1.527611 0.2706456 0.00579822 -1.527611 0.2706456 0.00579822 -1.527611 0.2706456 0.01691544 -1.480926 -0.1002654 0.01691544 -1.480926 -0.1002654 0.01691544 -1.480926 -0.1002654 0.01691544 -1.480926 -0.1002654 -0.06073951 -1.489489 0.07175058 -0.06073951 -1.489489 0.07175058 -0.06073951 -1.489489 0.07175058 -0.06073951 -1.489489 0.07175058 -0.004176259 -1.526665 0.2710145 -0.004176259 -1.526665 0.2710145 -0.004176259 -1.526665 0.2710145 -0.004176259 -1.526665 0.2710145 0.06039553 -1.437247 0.400947 0.06039553 -1.437247 0.400947 0.06039553 -1.437247 0.400947 0.06194114 -1.427019 -0.3634786 0.06194114 -1.427019 -0.3634786 0.06194114 -1.427019 -0.3634786 0.06161266 -1.438267 0.400947 0.06161266 -1.438267 0.400947 0.06161266 -1.438267 0.400947 0.08414483 -1.445591 -0.3634786 0.08414483 -1.445591 -0.3634786 0.08414483 -1.445591 -0.3634786 0.05937564 -1.438464 0.400947 0.05937564 -1.438464 0.400947 0.05937564 -1.438464 0.400947 0.0433591 -1.449192 -0.3634786 0.0433591 -1.449192 -0.3634786 0.0433591 -1.449192 -0.3634786 0.06059277 -1.439484 0.400947 0.06059277 -1.439484 0.400947 0.06059277 -1.439484 0.400947 0.0655629 -1.467764 -0.3634786 0.0655629 -1.467764 -0.3634786 0.0655629 -1.467764 -0.3634786 0.05726677 -1.414126 0.2736632 0.05726677 -1.414126 0.2736632 0.05726677 -1.414126 0.2736632 0.05726677 -1.414126 0.2736632 0.05549049 -1.386885 0.0727058 0.05549049 -1.386885 0.0727058 0.05549049 -1.386885 0.0727058 0.05549049 -1.386885 0.0727058 0.09059661 -1.405764 -0.09431791 0.09059661 -1.405764 -0.09431791 0.09059661 -1.405764 -0.09431791 0.09059661 -1.405764 -0.09431791 0.1099852 -1.422175 -0.09430754 0.1099852 -1.422175 -0.09430754 0.1099852 -1.422175 -0.09430754 0.1099852 -1.422175 -0.09430754 0.07141739 -1.399765 0.07272452 0.07141739 -1.399765 0.07272452 0.07141739 -1.399765 0.07272452 0.07141739 -1.399765 0.07272452 0.06410694 -1.419839 0.2736611 0.06410694 -1.419839 0.2736611 0.06410694 -1.419839 0.2736611 0.06410694 -1.419839 0.2736611 0.0937699 -1.441472 -0.09430962 0.0937699 -1.441472 -0.09430962 0.0937699 -1.441472 -0.09430962 0.0937699 -1.441472 -0.09430962 0.05848479 -1.41524 0.07273828 0.05848479 -1.41524 0.07273828 0.05848479 -1.41524 0.07273828 0.05848479 -1.41524 0.07273828 0.05836862 -1.42666 0.2736591 0.05836862 -1.42666 0.2736591 0.05836862 -1.42666 0.2736591 0.05836862 -1.42666 0.2736591 0.07438051 -1.425058 -0.09432011 0.07438051 -1.425058 -0.09432011 0.07438051 -1.425058 -0.09432011 0.07438051 -1.425058 -0.09432011 0.04254961 -1.402369 0.07271921 0.04254961 -1.402369 0.07271921 0.04254961 -1.402369 0.07271921 0.04254961 -1.402369 0.07271921 0.05152845 -1.420947 0.2736613 0.05152845 -1.420947 0.2736613 0.05152845 -1.420947 0.2736613 0.05152845 -1.420947 0.2736613 -0.01911723 -1.481491 0.2820352 -0.01911723 -1.481491 0.2820352 -0.01911723 -1.481491 0.2820352 0.01739066 -1.426878 -0.3634786 0.01739066 -1.426878 -0.3634786 0.01739066 -1.426878 -0.3634786 -0.01784491 -1.482546 0.2820557 -0.01784491 -1.482546 0.2820557 -0.01784491 -1.482546 0.2820557 0.04049271 -1.446236 -0.3634786 0.04049271 -1.446236 -0.3634786 0.04049271 -1.446236 -0.3634786 -0.02017354 -1.482751 0.2820556 -0.02017354 -1.482751 0.2820556 -0.02017354 -1.482751 0.2820556 -0.001968681 -1.449979 -0.3634786 -0.001968681 -1.449979 -0.3634786 -0.001968681 -1.449979 -0.3634786 -0.01890087 -1.483806 0.2820759 -0.01890087 -1.483806 0.2820759 -0.01890087 -1.483806 0.2820759 0.0211333 -1.469336 -0.3634786 0.0211333 -1.469336 -0.3634786 0.0211333 -1.469336 -0.3634786 -0.04757022 -1.455037 0.2411689 -0.04757022 -1.455037 0.2411689 -0.04757022 -1.455037 0.2411689 -0.04757022 -1.455037 0.2411689 -0.03154325 -1.382619 0.06042778 -0.03154325 -1.382619 0.06042778 -0.03154325 -1.382619 0.06042778 -0.03154325 -1.382619 0.06042778 0.01203185 -1.435741 -0.09450888 0.01203185 -1.435741 -0.09450888 0.01203185 -1.435741 -0.09450888 0.01203185 -1.435741 -0.09450888 0.03281724 -1.452913 -0.09416395 0.03281724 -1.452913 -0.09416395 0.03281724 -1.452913 -0.09416395 0.03281724 -1.452913 -0.09416395 -0.01539677 -1.396428 0.06045824 -0.01539677 -1.396428 0.06045824 -0.01539677 -1.396428 0.06045824 -0.01539677 -1.396428 0.06045824 -0.04381853 -1.463189 0.2408025 -0.04381853 -1.463189 0.2408025 -0.04381853 -1.463189 0.2408025 -0.04381853 -1.463189 0.2408025 0.01642584 -1.473269 -0.09390848 0.01642584 -1.473269 -0.09390848 0.01642584 -1.473269 -0.09390848 0.01642584 -1.473269 -0.09390848 -0.02887719 -1.412682 0.06045889 -0.02887719 -1.412682 0.06045889 -0.02887719 -1.412682 0.06045889 -0.02887719 -1.412682 0.06045889 -0.04584211 -1.467922 0.239295 -0.04584211 -1.467922 0.239295 -0.04584211 -1.467922 0.239295 -0.04584211 -1.467922 0.239295 -0.004336059 -1.456109 -0.09424096 -0.004336059 -1.456109 -0.09424096 -0.004336059 -1.456109 -0.09424096 -0.004336059 -1.456109 -0.09424096 -0.04520678 -1.398967 0.06044179 -0.04520678 -1.398967 0.06044179 -0.04520678 -1.398967 0.06044179 -0.04520678 -1.398967 0.06044179 -0.04948681 -1.459683 0.2396267 -0.04948681 -1.459683 0.2396267 -0.04948681 -1.459683 0.2396267 -0.04948681 -1.459683 0.2396267 0.08217871 -1.466762 0.1880503 0.08217871 -1.466762 0.1880503 0.08217871 -1.466762 0.1880503 0.0879786 -1.466758 -0.3634786 0.0879786 -1.466758 -0.3634786 0.0879786 -1.466758 -0.3634786 0.08147257 -1.467605 0.1880503 0.08147257 -1.467605 0.1880503 0.08147257 -1.467605 0.1880503 0.07510644 -1.48212 -0.3634786 0.07510644 -1.48212 -0.3634786 0.07510644 -1.48212 -0.3634786 0.08133602 -1.466056 0.1880503 0.08133602 -1.466056 0.1880503 0.08133602 -1.466056 0.1880503 0.07261711 -1.453884 -0.3634786 0.07261711 -1.453884 -0.3634786 0.07261711 -1.453884 -0.3634786 0.08062988 -1.466899 0.1880503 0.08062988 -1.466899 0.1880503 0.08062988 -1.466899 0.1880503 0.05974495 -1.469246 -0.3634786 0.05974495 -1.469246 -0.3634786 0.05974495 -1.469246 -0.3634786 0.0981025 -1.464617 0.09992694 0.0981025 -1.464617 0.09992694 0.0981025 -1.464617 0.09992694 0.0981025 -1.464617 0.09992694 0.1044495 -1.487564 -0.02458941 0.1044495 -1.487564 -0.02458941 0.1044495 -1.487564 -0.02458941 0.1044495 -1.487564 -0.02458941 0.09867584 -1.499238 -0.1588665 0.09867584 -1.499238 -0.1588665 0.09867584 -1.499238 -0.1588665 0.09867584 -1.499238 -0.1588665 0.08745545 -1.512627 -0.1588664 0.08745545 -1.512627 -0.1588664 0.08745545 -1.512627 -0.1588664 0.08745545 -1.512627 -0.1588664 0.09532761 -1.49842 -0.02457642 0.09532761 -1.49842 -0.02457642 0.09532761 -1.49842 -0.02457642 0.09532761 -1.49842 -0.02457642 0.09414696 -1.469352 0.09992551 0.09414696 -1.469352 0.09992551 0.09414696 -1.469352 0.09992551 0.09414696 -1.469352 0.09992551 0.07406562 -1.501407 -0.1588664 0.07406562 -1.501407 -0.1588664 0.07406562 -1.501407 -0.1588664 0.07406562 -1.501407 -0.1588664 0.08445608 -1.489334 -0.02456694 0.08445608 -1.489334 -0.02456694 0.08445608 -1.489334 -0.02456694 0.08445608 -1.489334 -0.02456694 0.08942067 -1.46538 0.09992432 0.08942067 -1.46538 0.09992432 0.08942067 -1.46538 0.09992432 0.08942067 -1.46538 0.09992432 0.08528596 -1.488018 -0.1588664 0.08528596 -1.488018 -0.1588664 0.08528596 -1.488018 -0.1588664 0.08528596 -1.488018 -0.1588664 0.09357845 -1.478478 -0.02458012 0.09357845 -1.478478 -0.02458012 0.09357845 -1.478478 -0.02458012 0.09357845 -1.478478 -0.02458012 0.09337586 -1.460644 0.09992581 0.09337586 -1.460644 0.09992581 0.09337586 -1.460644 0.09992581 0.09337586 -1.460644 0.09992581 0.07430583 -1.402805 0.2136586 0.07430583 -1.402805 0.2136586 0.07430583 -1.402805 0.2136586 0.07745641 -1.397177 -0.3634786 0.07745641 -1.397177 -0.3634786 0.07745641 -1.397177 -0.3634786 0.07473909 -1.403949 0.2136586 0.07473909 -1.403949 0.2136586 0.07473909 -1.403949 0.2136586 0.08535587 -1.418019 -0.3634786 0.08535587 -1.418019 -0.3634786 0.08535587 -1.418019 -0.3634786 0.07316255 -1.403239 0.2136586 0.07316255 -1.403239 0.2136586 0.07316255 -1.403239 0.2136586 0.05661416 -1.405075 -0.3634786 0.05661416 -1.405075 -0.3634786 0.05661416 -1.405075 -0.3634786 0.07359588 -1.404382 0.2136586 0.07359588 -1.404382 0.2136586 0.07359588 -1.404382 0.2136586 0.06451362 -1.425916 -0.3634786 0.06451362 -1.425916 -0.3634786 0.06451362 -1.425916 -0.3634786 0.08088576 -1.386193 0.1156605 0.08088576 -1.386193 0.1156605 0.08088576 -1.386193 0.1156605 0.08088576 -1.386193 0.1156605 0.1065959 -1.392518 -0.0228089 0.1065959 -1.392518 -0.0228089 0.1065959 -1.392518 -0.0228089 0.1065959 -1.392518 -0.0228089 0.1147789 -1.404468 -0.1721326 0.1147789 -1.404468 -0.1721326 0.1147789 -1.404468 -0.1721326 0.1147789 -1.404468 -0.1721326 0.1216634 -1.422634 -0.1721326 0.1216634 -1.422634 -0.1721326 0.1216634 -1.422634 -0.1721326 0.1216634 -1.422634 -0.1721326 0.1121642 -1.40727 -0.02279442 0.1121642 -1.40727 -0.02279442 0.1121642 -1.40727 -0.02279442 0.1121642 -1.40727 -0.02279442 0.08332806 -1.392606 0.1156589 0.08332806 -1.392606 0.1156589 0.08332806 -1.392606 0.1156589 0.08332806 -1.392606 0.1156589 0.1034975 -1.429519 -0.1721326 0.1034975 -1.429519 -0.1721326 0.1034975 -1.429519 -0.1721326 0.1034975 -1.429519 -0.1721326 0.09743809 -1.412873 -0.02278387 0.09743809 -1.412873 -0.02278387 0.09743809 -1.412873 -0.02278387 0.09743809 -1.412873 -0.02278387 0.07690459 -1.395029 0.1156576 0.07690459 -1.395029 0.1156576 0.07690459 -1.395029 0.1156576 0.07690459 -1.395029 0.1156576 0.09661293 -1.411352 -0.1721326 0.09661293 -1.411352 -0.1721326 0.09661293 -1.411352 -0.1721326 0.09661293 -1.411352 -0.1721326 0.09186983 -1.39812 -0.02279853 0.09186983 -1.39812 -0.02279853 0.09186983 -1.39812 -0.02279853 0.09186983 -1.39812 -0.02279853 0.07446211 -1.388617 0.1156592 0.07446211 -1.388617 0.1156592 0.07446211 -1.388617 0.1156592 0.07446211 -1.388617 0.1156592 -0.1141769 -1.393335 -0.07090353 -0.1141769 -1.393335 -0.07090353 -0.1141769 -1.393335 -0.07090353 -0.006091475 -1.464775 -0.3634786 -0.006091475 -1.464775 -0.3634786 -0.006091475 -1.464775 -0.3634786 -0.1140238 -1.39229 -0.0705111 -0.1140238 -1.39229 -0.0705111 -0.1140238 -1.39229 -0.0705111 -0.006600737 -1.443268 -0.3634786 -0.006600737 -1.443268 -0.3634786 -0.006600737 -1.443268 -0.3634786 -0.1132404 -1.393116 -0.07142311 -0.1132404 -1.393116 -0.07142311 -0.1132404 -1.393116 -0.07142311 0.01559597 -1.464221 -0.3634786 0.01559597 -1.464221 -0.3634786 0.01559597 -1.464221 -0.3634786 -0.113086 -1.392072 -0.07102811 -0.113086 -1.392072 -0.07102811 -0.113086 -1.392072 -0.07102811 0.01508426 -1.442712 -0.3634786 0.01508426 -1.442712 -0.3634786 0.01508426 -1.442712 -0.3634786 -0.1031624 -1.41717 -0.1044004 -0.1031624 -1.41717 -0.1044004 -0.1031624 -1.41717 -0.1044004 -0.1031624 -1.41717 -0.1044004 -0.05739444 -1.447962 -0.1238732 -0.05739444 -1.447962 -0.1238732 -0.05739444 -1.447962 -0.1238732 -0.05739444 -1.447962 -0.1238732 -0.02604347 -1.438537 -0.2053341 -0.02604347 -1.438537 -0.2053341 -0.02604347 -1.438537 -0.2053341 -0.02604347 -1.438537 -0.2053341 -0.02605706 -1.42011 -0.2041071 -0.02605706 -1.42011 -0.2041071 -0.02605706 -1.42011 -0.2041071 -0.02605706 -1.42011 -0.2041071 -0.05781602 -1.432684 -0.1238592 -0.05781602 -1.432684 -0.1238592 -0.05781602 -1.432684 -0.1238592 -0.05781602 -1.432684 -0.1238592 -0.1031077 -1.410785 -0.1039674 -0.1031077 -1.410785 -0.1039674 -0.1031077 -1.410785 -0.1039674 -0.1031077 -1.410785 -0.1039674 -0.006827592 -1.419867 -0.2031702 -0.006827592 -1.419867 -0.2031702 -0.006827592 -1.419867 -0.2031702 -0.006827592 -1.419867 -0.2031702 -0.04255193 -1.432222 -0.1238489 -0.04255193 -1.432222 -0.1238489 -0.04255193 -1.432222 -0.1238489 -0.04255193 -1.432222 -0.1238489 -0.09788262 -1.409602 -0.1071415 -0.09788262 -1.409602 -0.1071415 -0.09788262 -1.409602 -0.1071415 -0.09788262 -1.409602 -0.1071415 -0.006811976 -1.438296 -0.2043848 -0.006811976 -1.438296 -0.2043848 -0.006811976 -1.438296 -0.2043848 -0.006811976 -1.438296 -0.2043848 -0.0421307 -1.4475 -0.1238632 -0.0421307 -1.4475 -0.1238632 -0.0421307 -1.4475 -0.1238632 -0.0421307 -1.4475 -0.1238632 -0.09795349 -1.415974 -0.1076094 -0.09795349 -1.415974 -0.1076094 -0.09795349 -1.415974 -0.1076094 -0.09795349 -1.415974 -0.1076094 -0.5089979 -0.8982208 0.1116974 -0.5089979 -0.8982208 0.1116974 -0.5089979 -0.8982208 0.1116974 -0.2845917 -0.929136 -0.3634786 -0.2845917 -0.929136 -0.3634786 -0.2845917 -0.929136 -0.3634786 -0.5094154 -0.8961253 0.1108672 -0.5094154 -0.8961253 0.1108672 -0.5094154 -0.8961253 0.1108672 -0.2995344 -0.8943238 -0.3634786 -0.2995344 -0.8943238 -0.3634786 -0.2995344 -0.8943238 -0.3634786 -0.5076344 -0.8976332 0.1128165 -0.5076344 -0.8976332 0.1128165 -0.5076344 -0.8976332 0.1128165 -0.2495136 -0.9140009 -0.3634786 -0.2495136 -0.9140009 -0.3634786 -0.2495136 -0.9140009 -0.3634786 -0.508049 -0.8955332 0.1119617 -0.508049 -0.8955332 0.1119617 -0.508049 -0.8955332 0.1119617 -0.2644614 -0.8791873 -0.3634786 -0.2644614 -0.8791873 -0.3634786 -0.2644614 -0.8791873 -0.3634786 -0.4763857 -0.9469392 0.1424509 -0.4763857 -0.9469392 0.1424509 -0.4763857 -0.9469392 0.1424509 -0.4763857 -0.9469392 0.1424509 -0.382251 -0.9815093 0.1835595 -0.382251 -0.9815093 0.1835595 -0.382251 -0.9815093 0.1835595 -0.382251 -0.9815093 0.1835595 -0.3354092 -0.9158677 -0.116581 -0.3354092 -0.9158677 -0.116581 -0.3354092 -0.9158677 -0.116581 -0.3354092 -0.9158677 -0.116581 -0.3475376 -0.8860266 -0.1130224 -0.3475376 -0.8860266 -0.1130224 -0.3475376 -0.8860266 -0.1130224 -0.3475376 -0.8860266 -0.1130224 -0.3929635 -0.9568195 0.1835842 -0.3929635 -0.9568195 0.1835842 -0.3929635 -0.9568195 0.1835842 -0.3929635 -0.9568195 0.1835842 -0.4804188 -0.9353641 0.1373783 -0.4804188 -0.9353641 0.1373783 -0.4804188 -0.9353641 0.1373783 -0.4804188 -0.9353641 0.1373783 -0.3161284 -0.8706389 -0.1239145 -0.3161284 -0.8706389 -0.1239145 -0.3161284 -0.8706389 -0.1239145 -0.3161284 -0.8706389 -0.1239145 -0.3683217 -0.9460501 0.1836022 -0.3683217 -0.9460501 0.1836022 -0.3683217 -0.9460501 0.1836022 -0.3683217 -0.9460501 0.1836022 -0.4727934 -0.9322758 0.1437928 -0.4727934 -0.9322758 0.1437928 -0.4727934 -0.9322758 0.1437928 -0.4727934 -0.9322758 0.1437928 -0.303999 -0.9005375 -0.1271541 -0.303999 -0.9005375 -0.1271541 -0.303999 -0.9005375 -0.1271541 -0.303999 -0.9005375 -0.1271541 -0.3576096 -0.970741 0.1835771 -0.3576096 -0.970741 0.1835771 -0.3576096 -0.970741 0.1835771 -0.3576096 -0.970741 0.1835771 -0.4688025 -0.9439626 0.149451 -0.4688025 -0.9439626 0.149451 -0.4688025 -0.9439626 0.149451 -0.4688025 -0.9439626 0.149451 -0.2102118 -0.8546739 0.5898795 -0.2102118 -0.8546739 0.5898795 -0.2102118 -0.8546739 0.5898795 -0.2135024 -0.8407342 -0.3634786 -0.2135024 -0.8407342 -0.3634786 -0.2135024 -0.8407342 -0.3634786 -0.208122 -0.8553565 0.5898795 -0.208122 -0.8553565 0.5898795 -0.208122 -0.8553565 0.5898795 -0.1753932 -0.8531436 -0.3634786 -0.1753932 -0.8531436 -0.3634786 -0.1753932 -0.8531436 -0.3634786 -0.2108945 -0.8567639 0.5898795 -0.2108945 -0.8567639 0.5898795 -0.2108945 -0.8567639 0.5898795 -0.2259397 -0.8788089 -0.3634786 -0.2259397 -0.8788089 -0.3634786 -0.2259397 -0.8788089 -0.3634786 -0.2088044 -0.8574463 0.5898795 -0.2088044 -0.8574463 0.5898795 -0.2088044 -0.8574463 0.5898795 -0.1878306 -0.8912185 -0.3634786 -0.1878306 -0.8912185 -0.3634786 -0.1878306 -0.8912185 -0.3634786 -0.2261589 -0.8265804 0.4136495 -0.2261589 -0.8265804 0.4136495 -0.2261589 -0.8265804 0.4136495 -0.2261589 -0.8265804 0.4136495 -0.2426294 -0.792437 0.1358916 -0.2426294 -0.792437 0.1358916 -0.2426294 -0.792437 0.1358916 -0.2426294 -0.792437 0.1358916 -0.1905305 -0.7929742 -0.09583818 -0.1905305 -0.7929742 -0.09583818 -0.1905305 -0.7929742 -0.09583818 -0.1905305 -0.7929742 -0.09583818 -0.1485995 -0.806899 -0.09582012 -0.1485995 -0.806899 -0.09582012 -0.1485995 -0.806899 -0.09582012 -0.1485995 -0.806899 -0.09582012 -0.2156527 -0.8006916 0.1370259 -0.2156527 -0.8006916 0.1370259 -0.2156527 -0.8006916 0.1370259 -0.2156527 -0.8006916 0.1370259 -0.2144232 -0.8303922 0.4136466 -0.2144232 -0.8303922 0.4136466 -0.2144232 -0.8303922 0.4136466 -0.2144232 -0.8303922 0.4136466 -0.162268 -0.8485558 -0.0958237 -0.162268 -0.8485558 -0.0958237 -0.162268 -0.8485558 -0.0958237 -0.162268 -0.8485558 -0.0958237 -0.224332 -0.8274261 0.1369777 -0.224332 -0.8274261 0.1369777 -0.224332 -0.8274261 0.1369777 -0.224332 -0.8274261 0.1369777 -0.2182778 -0.8421157 0.4136438 -0.2182778 -0.8421157 0.4136438 -0.2182778 -0.8421157 0.4136438 -0.2182778 -0.8421157 0.4136438 -0.2042021 -0.8346266 -0.09584206 -0.2042021 -0.8346266 -0.09584206 -0.2042021 -0.8346266 -0.09584206 -0.2042021 -0.8346266 -0.09584206 -0.2512614 -0.8190628 0.1358299 -0.2512614 -0.8190628 0.1358299 -0.2512614 -0.8190628 0.1358299 -0.2512614 -0.8190628 0.1358299 -0.2300131 -0.8383044 0.4136468 -0.2300131 -0.8383044 0.4136468 -0.2300131 -0.8383044 0.4136468 -0.2300131 -0.8383044 0.4136468 -0.2895519 -0.9525363 0.4252409 -0.2895519 -0.9525363 0.4252409 -0.2895519 -0.9525363 0.4252409 -0.2708156 -0.8635352 -0.3634786 -0.2708156 -0.8635352 -0.3634786 -0.2708156 -0.8635352 -0.3634786 -0.2873727 -0.9532361 0.4252693 -0.2873727 -0.9532361 0.4252693 -0.2873727 -0.9532361 0.4252693 -0.2311473 -0.8764894 -0.3634786 -0.2311473 -0.8764894 -0.3634786 -0.2311473 -0.8764894 -0.3634786 -0.290259 -0.9547007 0.4252691 -0.290259 -0.9547007 0.4252691 -0.290259 -0.9547007 0.4252691 -0.2837734 -0.9032029 -0.3634786 -0.2837734 -0.9032029 -0.3634786 -0.2837734 -0.9032029 -0.3634786 -0.2880795 -0.9554 0.4252972 -0.2880795 -0.9554 0.4252972 -0.2880795 -0.9554 0.4252972 -0.2441052 -0.9161573 -0.3634786 -0.2441052 -0.9161573 -0.3634786 -0.2441052 -0.9161573 -0.3634786 -0.339756 -0.9332246 0.3686595 -0.339756 -0.9332246 0.3686595 -0.339756 -0.9332246 0.3686595 -0.339756 -0.9332246 0.3686595 -0.3565197 -0.8319107 0.1184155 -0.3565197 -0.8319107 0.1184155 -0.3565197 -0.8319107 0.1184155 -0.3565197 -0.8319107 0.1184155 -0.2731292 -0.8776866 -0.09610116 -0.2731292 -0.8776866 -0.09610116 -0.2731292 -0.8776866 -0.09610116 -0.2731292 -0.8776866 -0.09610116 -0.2375649 -0.8890275 -0.09562355 -0.2375649 -0.8890275 -0.09562355 -0.2375649 -0.8890275 -0.09562355 -0.2375649 -0.8890275 -0.09562355 -0.3286507 -0.8413237 0.1184577 -0.3286507 -0.8413237 0.1184577 -0.3286507 -0.8413237 0.1184577 -0.3286507 -0.8413237 0.1184577 -0.3307302 -0.941764 0.3681524 -0.3307302 -0.941764 0.3681524 -0.3307302 -0.941764 0.3681524 -0.3307302 -0.941764 0.3681524 -0.2481248 -0.9236386 -0.09526979 -0.2481248 -0.9236386 -0.09526979 -0.2481248 -0.9236386 -0.09526979 -0.2481248 -0.9236386 -0.09526979 -0.3375868 -0.8691614 0.1184586 -0.3375868 -0.8691614 0.1184586 -0.3375868 -0.8691614 0.1184586 -0.3375868 -0.8691614 0.1184586 -0.330889 -0.9488888 0.3660652 -0.330889 -0.9488888 0.3660652 -0.330889 -0.9488888 0.3660652 -0.330889 -0.9488888 0.3660652 -0.2836533 -0.9122993 -0.09573018 -0.2836533 -0.9122993 -0.09573018 -0.2836533 -0.9122993 -0.09573018 -0.2836533 -0.9122993 -0.09573018 -0.3656424 -0.8599638 0.1184349 -0.3656424 -0.8599638 0.1184349 -0.3656424 -0.8599638 0.1184349 -0.3656424 -0.8599638 0.1184349 -0.3398223 -0.9401821 0.3665243 -0.3398223 -0.9401821 0.3665243 -0.3398223 -0.9401821 0.3665243 -0.3398223 -0.9401821 0.3665243 -0.2073823 -0.9038962 0.5282942 -0.2073823 -0.9038962 0.5282942 -0.2073823 -0.9038962 0.5282942 -0.1978963 -0.8951845 -0.3634786 -0.1978963 -0.8951845 -0.3634786 -0.1978963 -0.8951845 -0.3634786 -0.2069987 -0.9058358 0.5282942 -0.2069987 -0.9058358 0.5282942 -0.2069987 -0.9058358 0.5282942 -0.1908681 -0.9305326 -0.3634786 -0.1908681 -0.9305326 -0.3634786 -0.1908681 -0.9305326 -0.3634786 -0.2093217 -0.90428 0.5282942 -0.2093217 -0.90428 0.5282942 -0.2093217 -0.90428 0.5282942 -0.2332298 -0.9021755 -0.3634786 -0.2332298 -0.9021755 -0.3634786 -0.2332298 -0.9021755 -0.3634786 -0.2089381 -0.9062196 0.5282942 -0.2089381 -0.9062196 0.5282942 -0.2089381 -0.9062196 0.5282942 -0.2262015 -0.9375237 -0.3634786 -0.2262015 -0.9375237 -0.3634786 -0.2262015 -0.9375237 -0.3634786 -0.1923616 -0.8790324 0.3698222 -0.1923616 -0.8790324 0.3698222 -0.1923616 -0.8790324 0.3698222 -0.1923616 -0.8790324 0.3698222 -0.1728119 -0.8512293 0.1196241 -0.1728119 -0.8512293 0.1196241 -0.1728119 -0.8512293 0.1196241 -0.1728119 -0.8512293 0.1196241 -0.1535118 -0.8969504 -0.08832538 -0.1535118 -0.8969504 -0.08832538 -0.1535118 -0.8969504 -0.08832538 -0.1535118 -0.8969504 -0.08832538 -0.1475254 -0.9280042 -0.08831244 -0.1475254 -0.9280042 -0.08831244 -0.1475254 -0.9280042 -0.08831244 -0.1475254 -0.9280042 -0.08831244 -0.1674249 -0.8761557 0.1196475 -0.1674249 -0.8761557 0.1196475 -0.1674249 -0.8761557 0.1196475 -0.1674249 -0.8761557 0.1196475 -0.1901895 -0.8899134 0.3698195 -0.1901895 -0.8899134 0.3698195 -0.1901895 -0.8899134 0.3698195 -0.1901895 -0.8899134 0.3698195 -0.1783183 -0.9340545 -0.08831501 -0.1783183 -0.9340545 -0.08831501 -0.1783183 -0.9340545 -0.08831501 -0.1783183 -0.9340545 -0.08831501 -0.1920498 -0.8810632 0.1196646 -0.1920498 -0.8810632 0.1196646 -0.1920498 -0.8810632 0.1196646 -0.1920498 -0.8810632 0.1196646 -0.2010802 -0.8920465 0.369817 -0.2010802 -0.8920465 0.369817 -0.2010802 -0.8920465 0.369817 -0.2010802 -0.8920465 0.369817 -0.1843031 -0.9029971 -0.08832812 -0.1843031 -0.9029971 -0.08832812 -0.1843031 -0.9029971 -0.08832812 -0.1843031 -0.9029971 -0.08832812 -0.1974518 -0.856139 0.1196408 -0.1974518 -0.856139 0.1196408 -0.1974518 -0.856139 0.1196408 -0.1974518 -0.856139 0.1196408 -0.2032523 -0.8811658 0.3698197 -0.2032523 -0.8811658 0.3698197 -0.2032523 -0.8811658 0.3698197 -0.2032523 -0.8811658 0.3698197 -0.3190349 -0.8847093 0.3802456 -0.3190349 -0.8847093 0.3802456 -0.3190349 -0.8847093 0.3802456 -0.2409876 -0.86026 -0.3634786 -0.2409876 -0.86026 -0.3634786 -0.2409876 -0.86026 -0.3634786 -0.3186253 -0.8867263 0.380271 -0.3186253 -0.8867263 0.380271 -0.3186253 -0.8867263 0.380271 -0.2337011 -0.8970707 -0.3634786 -0.2337011 -0.8970707 -0.3634786 -0.2337011 -0.8970707 -0.3634786 -0.3210436 -0.8851068 0.3802709 -0.3210436 -0.8851068 0.3802709 -0.3210436 -0.8851068 0.3802709 -0.2777994 -0.8675435 -0.3634786 -0.2777994 -0.8675435 -0.3634786 -0.2777994 -0.8675435 -0.3634786 -0.3206334 -0.8871237 0.3802962 -0.3206334 -0.8871237 0.3802962 -0.3206334 -0.8871237 0.3802962 -0.2705129 -0.9043542 -0.3634786 -0.2705129 -0.9043542 -0.3634786 -0.2705129 -0.9043542 -0.3634786 -0.325969 -0.8368388 0.3293657 -0.325969 -0.8368388 0.3293657 -0.325969 -0.8368388 0.3293657 -0.325969 -0.8368388 0.3293657 -0.2538782 -0.7791303 0.1043376 -0.2538782 -0.7791303 0.1043376 -0.2538782 -0.7791303 0.1043376 -0.2538782 -0.7791303 0.1043376 -0.2531048 -0.8646696 -0.08856314 -0.2531048 -0.8646696 -0.08856314 -0.2531048 -0.8646696 -0.08856314 -0.2531048 -0.8646696 -0.08856314 -0.2463579 -0.8975518 -0.08813369 -0.2463579 -0.8975518 -0.08813369 -0.2463579 -0.8975518 -0.08813369 -0.2463579 -0.8975518 -0.08813369 -0.2490037 -0.805129 0.1043756 -0.2490037 -0.805129 0.1043756 -0.2490037 -0.805129 0.1043756 -0.2490037 -0.805129 0.1043756 -0.328697 -0.8476739 0.3289096 -0.328697 -0.8476739 0.3289096 -0.328697 -0.8476739 0.3289096 -0.328697 -0.8476739 0.3289096 -0.2781489 -0.904492 -0.08781558 -0.2781489 -0.904492 -0.08781558 -0.2781489 -0.904492 -0.08781558 -0.2781489 -0.904492 -0.08781558 -0.2747679 -0.8103637 0.1043764 -0.2747679 -0.8103637 0.1043764 -0.2747679 -0.8103637 0.1043764 -0.2747679 -0.8103637 0.1043764 -0.3343549 -0.850683 0.3270327 -0.3343549 -0.850683 0.3270327 -0.3343549 -0.850683 0.3270327 -0.3343549 -0.850683 0.3270327 -0.2848814 -0.8716387 -0.08822953 -0.2848814 -0.8716387 -0.08822953 -0.2848814 -0.8716387 -0.08822953 -0.2848814 -0.8716387 -0.08822953 -0.2798936 -0.7843134 0.104355 -0.2798936 -0.7843134 0.104355 -0.2798936 -0.7843134 0.104355 -0.2798936 -0.7843134 0.104355 -0.3314552 -0.839847 0.3274456 -0.3314552 -0.839847 0.3274456 -0.3314552 -0.839847 0.3274456 -0.3314552 -0.839847 0.3274456 -0.2093066 -0.9495269 0.2632315 -0.2093066 -0.9495269 0.2632315 -0.2093066 -0.9495269 0.2632315 -0.2036791 -0.9540519 -0.3634786 -0.2036791 -0.9540519 -0.3634786 -0.2036791 -0.9540519 -0.3634786 -0.2106494 -0.9497927 0.2632315 -0.2106494 -0.9497927 0.2632315 -0.2106494 -0.9497927 0.2632315 -0.2281574 -0.9588971 -0.3634786 -0.2281574 -0.9588971 -0.3634786 -0.2281574 -0.9588971 -0.3634786 -0.2095724 -0.9481843 0.2632315 -0.2095724 -0.9481843 0.2632315 -0.2095724 -0.9481843 0.2632315 -0.2085225 -0.9295728 -0.3634786 -0.2085225 -0.9295728 -0.3634786 -0.2085225 -0.9295728 -0.3634786 -0.2109152 -0.94845 0.2632315 -0.2109152 -0.94845 0.2632315 -0.2109152 -0.94845 0.2632315 -0.2330007 -0.9344181 -0.3634786 -0.2330007 -0.9344181 -0.3634786 -0.2330007 -0.9344181 -0.3634786 -0.1921897 -0.9598808 0.1535153 -0.1921897 -0.9598808 0.1535153 -0.1921897 -0.9598808 0.1535153 -0.1921897 -0.9598808 0.1535153 -0.2039539 -0.987089 -0.001511335 -0.2039539 -0.987089 -0.001511335 -0.2039539 -0.987089 -0.001511335 -0.2039539 -0.987089 -0.001511335 -0.2186686 -0.9939008 -0.1686903 -0.2186686 -0.9939008 -0.1686903 -0.2186686 -0.9939008 -0.1686903 -0.2186686 -0.9939008 -0.1686903 -0.2400048 -0.9981231 -0.1686902 -0.2400048 -0.9981231 -0.1686902 -0.2400048 -0.9981231 -0.1686902 -0.2400048 -0.9981231 -0.1686902 -0.2212767 -0.9904931 -0.001495182 -0.2212767 -0.9904931 -0.001495182 -0.2212767 -0.9904931 -0.001495182 -0.2212767 -0.9904931 -0.001495182 -0.1997236 -0.9613845 0.1535135 -0.1997236 -0.9613845 0.1535135 -0.1997236 -0.9613845 0.1535135 -0.1997236 -0.9613845 0.1535135 -0.2442276 -0.9767872 -0.1686902 -0.2442276 -0.9767872 -0.1686902 -0.2442276 -0.9767872 -0.1686902 -0.2442276 -0.9767872 -0.1686902 -0.224724 -0.9731932 -0.001483321 -0.224724 -0.9731932 -0.001483321 -0.224724 -0.9731932 -0.001483321 -0.224724 -0.9731932 -0.001483321 -0.2012049 -0.9538421 0.153512 -0.2012049 -0.9538421 0.153512 -0.2012049 -0.9538421 0.153512 -0.2012049 -0.9538421 0.153512 -0.2228915 -0.9725649 -0.1686902 -0.2228915 -0.9725649 -0.1686902 -0.2228915 -0.9725649 -0.1686902 -0.2228915 -0.9725649 -0.1686902 -0.2074006 -0.9697894 -0.001499772 -0.2074006 -0.9697894 -0.001499772 -0.2074006 -0.9697894 -0.001499772 -0.2074006 -0.9697894 -0.001499772 -0.1936715 -0.9523381 0.1535139 -0.1936715 -0.9523381 0.1535139 -0.1936715 -0.9523381 0.1535139 -0.1936715 -0.9523381 0.1535139 -0.1669984 -0.8813599 0.2951146 -0.1669984 -0.8813599 0.2951146 -0.1669984 -0.8813599 0.2951146 -0.1595485 -0.8783627 -0.3634786 -0.1595485 -0.8783627 -0.3634786 -0.1595485 -0.8783627 -0.3634786 -0.167471 -0.8828068 0.2951146 -0.167471 -0.8828068 0.2951146 -0.167471 -0.8828068 0.2951146 -0.168163 -0.9047411 -0.3634786 -0.168163 -0.9047411 -0.3634786 -0.168163 -0.9047411 -0.3634786 -0.1684455 -0.8808873 0.2951146 -0.1684455 -0.8808873 0.2951146 -0.1684455 -0.8808873 0.2951146 -0.1859267 -0.869746 -0.3634786 -0.1859267 -0.869746 -0.3634786 -0.1859267 -0.869746 -0.3634786 -0.168918 -0.8823343 0.2951146 -0.168918 -0.8823343 0.2951146 -0.168918 -0.8823343 0.2951146 -0.194541 -0.8961244 -0.3634786 -0.194541 -0.8961244 -0.3634786 -0.194541 -0.8961244 -0.3634786 -0.1476454 -0.8703886 0.173104 -0.1476454 -0.8703886 0.173104 -0.1476454 -0.8703886 0.173104 -0.1476454 -0.8703886 0.173104 -0.1276534 -0.8965986 7.05462e-4 -0.1276534 -0.8965986 7.05462e-4 -0.1276534 -0.8965986 7.05462e-4 -0.1276534 -0.8965986 7.05462e-4 -0.1290497 -0.9145765 -0.185207 -0.1290497 -0.9145765 -0.185207 -0.1290497 -0.9145765 -0.185207 -0.1290497 -0.9145765 -0.185207 -0.1365593 -0.9375683 -0.1852069 -0.1365593 -0.9375683 -0.1852069 -0.1365593 -0.9375683 -0.1852069 -0.1365593 -0.9375683 -0.1852069 -0.1337737 -0.9152525 7.23457e-4 -0.1337737 -0.9152525 7.23457e-4 -0.1337737 -0.9152525 7.23457e-4 -0.1337737 -0.9152525 7.23457e-4 -0.1502847 -0.8785144 0.173102 -0.1502847 -0.8785144 0.173102 -0.1502847 -0.8785144 0.173102 -0.1502847 -0.8785144 0.173102 -0.1595512 -0.9300592 -0.1852069 -0.1595512 -0.9300592 -0.1852069 -0.1595512 -0.9300592 -0.1852069 -0.1595512 -0.9300592 -0.1852069 -0.1524291 -0.9091866 7.3663e-4 -0.1524291 -0.9091866 7.3663e-4 -0.1524291 -0.9091866 7.3663e-4 -0.1524291 -0.9091866 7.3663e-4 -0.1584063 -0.8758488 0.1731004 -0.1584063 -0.8758488 0.1731004 -0.1584063 -0.8758488 0.1731004 -0.1584063 -0.8758488 0.1731004 -0.1520415 -0.9070673 -0.185207 -0.1520415 -0.9070673 -0.185207 -0.1520415 -0.9070673 -0.185207 -0.1520415 -0.9070673 -0.185207 -0.146308 -0.890532 7.18337e-4 -0.146308 -0.890532 7.18337e-4 -0.146308 -0.890532 7.18337e-4 -0.146308 -0.890532 7.18337e-4 -0.1557675 -0.8677234 0.1731024 -0.1557675 -0.8677234 0.1731024 -0.1557675 -0.8677234 0.1731024 -0.1557675 -0.8677234 0.1731024 -0.3423759 -0.7249941 -0.05917376 -0.3423759 -0.7249941 -0.05917376 -0.3423759 -0.7249941 -0.05917376 -0.2933512 -0.878672 -0.3634786 -0.2933512 -0.878672 -0.3634786 -0.2933512 -0.878672 -0.3634786 -0.3414119 -0.7241011 -0.05868512 -0.3414119 -0.7241011 -0.05868512 -0.3414119 -0.7241011 -0.05868512 -0.2770508 -0.857419 -0.3634786 -0.2770508 -0.857419 -0.3634786 -0.2770508 -0.857419 -0.3634786 -0.3412966 -0.7255129 -0.05982065 -0.3412966 -0.7255129 -0.05982065 -0.3412966 -0.7255129 -0.05982065 -0.2718878 -0.8950697 -0.3634786 -0.2718878 -0.8950697 -0.3634786 -0.2718878 -0.8950697 -0.3634786 -0.340332 -0.7246215 -0.05932885 -0.340332 -0.7246215 -0.05932885 -0.340332 -0.7246215 -0.05932885 -0.2555885 -0.8738132 -0.3634786 -0.2555885 -0.8738132 -0.3634786 -0.2555885 -0.8738132 -0.3634786 -0.3503072 -0.7567081 -0.1008784 -0.3503072 -0.7567081 -0.1008784 -0.3503072 -0.7567081 -0.1008784 -0.3503072 -0.7567081 -0.1008784 -0.3299706 -0.8223062 -0.1251226 -0.3299706 -0.8223062 -0.1251226 -0.3299706 -0.8223062 -0.1251226 -0.3299706 -0.8223062 -0.1251226 -0.2922102 -0.8376489 -0.2265439 -0.2922102 -0.8376489 -0.2265439 -0.2922102 -0.8376489 -0.2265439 -0.2922102 -0.8376489 -0.2265439 -0.2778335 -0.8197687 -0.2250162 -0.2778335 -0.8197687 -0.2250162 -0.2778335 -0.8197687 -0.2250162 -0.2778335 -0.8197687 -0.2250162 -0.3184496 -0.8071625 -0.1251051 -0.3184496 -0.8071625 -0.1251051 -0.3184496 -0.8071625 -0.1251051 -0.3184496 -0.8071625 -0.1251051 -0.3452684 -0.7505593 -0.1003392 -0.3452684 -0.7505593 -0.1003392 -0.3452684 -0.7505593 -0.1003392 -0.3452684 -0.7505593 -0.1003392 -0.2589974 -0.8345496 -0.2238497 -0.2589974 -0.8345496 -0.2238497 -0.2589974 -0.8345496 -0.2238497 -0.2589974 -0.8345496 -0.2238497 -0.3032873 -0.818634 -0.1250923 -0.3032873 -0.818634 -0.1250923 -0.3032873 -0.818634 -0.1250923 -0.3032873 -0.818634 -0.1250923 -0.3392778 -0.7534921 -0.1042911 -0.3392778 -0.7534921 -0.1042911 -0.3392778 -0.7534921 -0.1042911 -0.3392778 -0.7534921 -0.1042911 -0.2733732 -0.8524326 -0.2253618 -0.2733732 -0.8524326 -0.2253618 -0.2733732 -0.8524326 -0.2253618 -0.2733732 -0.8524326 -0.2253618 -0.314809 -0.833778 -0.12511 -0.314809 -0.833778 -0.12511 -0.314809 -0.833778 -0.12511 -0.314809 -0.833778 -0.12511 -0.344322 -0.7596156 -0.1048737 -0.344322 -0.7596156 -0.1048737 -0.344322 -0.7596156 -0.1048737 -0.344322 -0.7596156 -0.1048737 -0.09849917 -0.7764766 0.1116974 -0.09849917 -0.7764766 0.1116974 -0.09849917 -0.7764766 0.1116974 -0.2267117 -0.589727 -0.3634786 -0.2267117 -0.589727 -0.3634786 -0.2267117 -0.589727 -0.3634786 -0.09976768 -0.778196 0.1108672 -0.09976768 -0.778196 0.1108672 -0.09976768 -0.778196 0.1108672 -0.242394 -0.6242123 -0.3634786 -0.242394 -0.6242123 -0.3634786 -0.242394 -0.6242123 -0.3634786 -0.09985154 -0.7758639 0.1128165 -0.09985154 -0.7758639 0.1128165 -0.09985154 -0.7758639 0.1128165 -0.2615183 -0.5739777 -0.3634786 -0.2615183 -0.5739777 -0.3634786 -0.2615183 -0.5739777 -0.3634786 -0.1011254 -0.7775842 0.1119617 -0.1011254 -0.7775842 0.1119617 -0.1011254 -0.7775842 0.1119617 -0.2771983 -0.6084676 -0.3634786 -0.2771983 -0.6084676 -0.3634786 -0.2771983 -0.6084676 -0.3634786 -0.08442926 -0.7195637 0.1424509 -0.08442926 -0.7195637 0.1424509 -0.08442926 -0.7195637 0.1424509 -0.08442926 -0.7195637 0.1424509 -0.1222389 -0.6266828 0.1835595 -0.1222389 -0.6266828 0.1835595 -0.1222389 -0.6266828 0.1835595 -0.1222389 -0.6266828 0.1835595 -0.2023121 -0.6362363 -0.116581 -0.2023121 -0.6362363 -0.116581 -0.2023121 -0.6362363 -0.116581 -0.2023121 -0.6362363 -0.116581 -0.2162131 -0.6652941 -0.1130224 -0.2162131 -0.6652941 -0.1130224 -0.2162131 -0.6652941 -0.1130224 -0.2162131 -0.6652941 -0.1130224 -0.133284 -0.6512256 0.1835842 -0.133284 -0.6512256 0.1835842 -0.133284 -0.6512256 0.1835842 -0.133284 -0.6512256 0.1835842 -0.09027338 -0.7303385 0.1373783 -0.09027338 -0.7303385 0.1373783 -0.09027338 -0.7303385 0.1373783 -0.09027338 -0.7303385 0.1373783 -0.2487365 -0.6524277 -0.1239145 -0.2487365 -0.6524277 -0.1239145 -0.2487365 -0.6524277 -0.1239145 -0.2487365 -0.6524277 -0.1239145 -0.1578366 -0.6402543 0.1836022 -0.1578366 -0.6402543 0.1836022 -0.1578366 -0.6402543 0.1836022 -0.1578366 -0.6402543 0.1836022 -0.09769046 -0.7267789 0.1437928 -0.09769046 -0.7267789 0.1437928 -0.09769046 -0.7267789 0.1437928 -0.09769046 -0.7267789 0.1437928 -0.2347937 -0.6233305 -0.1271541 -0.2347937 -0.6233305 -0.1271541 -0.2347937 -0.6233305 -0.1271541 -0.2347937 -0.6233305 -0.1271541 -0.1467905 -0.615711 0.1835771 -0.1467905 -0.615711 0.1835771 -0.1467905 -0.615711 0.1835771 -0.1467905 -0.615711 0.1835771 -0.09173536 -0.7159602 0.149451 -0.09173536 -0.7159602 0.149451 -0.09173536 -0.7159602 0.149451 -0.09173536 -0.7159602 0.149451 -0.3318462 -0.5848555 0.5898795 -0.3318462 -0.5848555 0.5898795 -0.3318462 -0.5848555 0.5898795 -0.3399385 -0.5966731 -0.3634786 -0.3399385 -0.5966731 -0.3634786 -0.3399385 -0.5966731 -0.3634786 -0.3327482 -0.5828506 0.5898795 -0.3327482 -0.5828506 0.5898795 -0.3327482 -0.5828506 0.5898795 -0.356418 -0.5601391 -0.3634786 -0.356418 -0.5601391 -0.3634786 -0.356418 -0.5601391 -0.3634786 -0.3298411 -0.5839533 0.5898795 -0.3298411 -0.5839533 0.5898795 -0.3298411 -0.5839533 0.5898795 -0.3034113 -0.5802376 -0.3634786 -0.3034113 -0.5802376 -0.3634786 -0.3034113 -0.5802376 -0.3634786 -0.3307435 -0.5819484 0.5898795 -0.3307435 -0.5819484 0.5898795 -0.3307435 -0.5819484 0.5898795 -0.3198904 -0.5437035 -0.3634786 -0.3198904 -0.5437035 -0.3634786 -0.3198904 -0.5437035 -0.3634786 -0.3418841 -0.6155604 0.4136495 -0.3418841 -0.6155604 0.4136495 -0.3418841 -0.6155604 0.4136495 -0.3418841 -0.6155604 0.4136495 -0.3560433 -0.6507253 0.1358916 -0.3560433 -0.6507253 0.1358916 -0.3560433 -0.6507253 0.1358916 -0.3560433 -0.6507253 0.1358916 -0.3907197 -0.6118391 -0.09583818 -0.3907197 -0.6118391 -0.09583818 -0.3907197 -0.6118391 -0.09583818 -0.3907197 -0.6118391 -0.09583818 -0.4086515 -0.5714589 -0.09582012 -0.4086515 -0.5714589 -0.09582012 -0.4086515 -0.5714589 -0.09582012 -0.4086515 -0.5714589 -0.09582012 -0.3681005 -0.6252202 0.1370259 -0.3681005 -0.6252202 0.1370259 -0.3681005 -0.6252202 0.1370259 -0.3681005 -0.6252202 0.1370259 -0.346966 -0.6043164 0.4136466 -0.346966 -0.6043164 0.4136466 -0.346966 -0.6043164 0.4136466 -0.346966 -0.6043164 0.4136466 -0.3686465 -0.5535222 -0.0958237 -0.3686465 -0.5535222 -0.0958237 -0.3686465 -0.5535222 -0.0958237 -0.3686465 -0.5535222 -0.0958237 -0.3424886 -0.6136401 0.1369777 -0.3424886 -0.6136401 0.1369777 -0.3424886 -0.6136401 0.1369777 -0.3424886 -0.6136401 0.1369777 -0.3357021 -0.5992742 0.4136438 -0.3357021 -0.5992742 0.4136438 -0.3357021 -0.5992742 0.4136438 -0.3357021 -0.5992742 0.4136438 -0.3507159 -0.5939077 -0.09584206 -0.3507159 -0.5939077 -0.09584206 -0.3507159 -0.5939077 -0.09584206 -0.3507159 -0.5939077 -0.09584206 -0.3305438 -0.6391834 0.1358299 -0.3305438 -0.6391834 0.1358299 -0.3305438 -0.6391834 0.1358299 -0.3305438 -0.6391834 0.1358299 -0.3306201 -0.6105177 0.4136468 -0.3306201 -0.6105177 0.4136468 -0.3306201 -0.6105177 0.4136468 -0.3306201 -0.6105177 0.4136468 -0.2060691 -0.5776414 0.4252409 -0.2060691 -0.5776414 0.4252409 -0.2060691 -0.5776414 0.4252409 -0.2844945 -0.6237034 -0.3634786 -0.2844945 -0.6237034 -0.3634786 -0.2844945 -0.6237034 -0.3634786 -0.2070187 -0.575559 0.4252693 -0.2070187 -0.575559 0.4252693 -0.2070187 -0.575559 0.4252693 -0.3016207 -0.5856499 -0.3634786 -0.3016207 -0.5856499 -0.3634786 -0.3016207 -0.5856499 -0.3634786 -0.2039926 -0.5767071 0.4252691 -0.2039926 -0.5767071 0.4252691 -0.2039926 -0.5767071 0.4252691 -0.2464388 -0.6065803 -0.3634786 -0.2464388 -0.6065803 -0.3634786 -0.2464388 -0.6065803 -0.3634786 -0.2049428 -0.5746247 0.4252972 -0.2049428 -0.5746247 0.4252972 -0.2049428 -0.5746247 0.4252972 -0.2635648 -0.5685266 -0.3634786 -0.2635648 -0.5685266 -0.3634786 -0.2635648 -0.5685266 -0.3634786 -0.1865512 -0.6277657 0.3686595 -0.1865512 -0.6277657 0.3686595 -0.1865512 -0.6277657 0.3686595 -0.1865512 -0.6277657 0.3686595 -0.2501823 -0.7083673 0.1184155 -0.2501823 -0.7083673 0.1184155 -0.2501823 -0.7083673 0.1184155 -0.2501823 -0.7083673 0.1184155 -0.2724727 -0.6158873 -0.09610116 -0.2724727 -0.6158873 -0.09610116 -0.2724727 -0.6158873 -0.09610116 -0.2724727 -0.6158873 -0.09610116 -0.2880288 -0.5819545 -0.09562355 -0.2880288 -0.5819545 -0.09562355 -0.2880288 -0.5819545 -0.09562355 -0.2880288 -0.5819545 -0.09562355 -0.2619836 -0.6814226 0.1184577 -0.2619836 -0.6814226 0.1184577 -0.2619836 -0.6814226 0.1184577 -0.2619836 -0.6814226 0.1184577 -0.186313 -0.6153428 0.3681524 -0.186313 -0.6153428 0.3681524 -0.186313 -0.6153428 0.3681524 -0.186313 -0.6153428 0.3681524 -0.2553267 -0.5664624 -0.09526979 -0.2553267 -0.5664624 -0.09526979 -0.2553267 -0.5664624 -0.09526979 -0.2553267 -0.5664624 -0.09526979 -0.235383 -0.6692898 0.1184586 -0.235383 -0.6692898 0.1184586 -0.235383 -0.6692898 0.1184586 -0.235383 -0.6692898 0.1184586 -0.1809376 -0.6106637 0.3660652 -0.1809376 -0.6106637 0.3660652 -0.1809376 -0.6106637 0.3660652 -0.1809376 -0.6106637 0.3660652 -0.2397933 -0.6003677 -0.09573018 -0.2397933 -0.6003677 -0.09573018 -0.2397933 -0.6003677 -0.09573018 -0.2397933 -0.6003677 -0.09573018 -0.2232969 -0.6962274 0.1184349 -0.2232969 -0.6962274 0.1184349 -0.2232969 -0.6962274 0.1184349 -0.2232969 -0.6962274 0.1184349 -0.1813618 -0.6231308 0.3665243 -0.1813618 -0.6231308 0.3665243 -0.1813618 -0.6231308 0.3665243 -0.1813618 -0.6231308 0.3665243 -0.2973535 -0.5496262 0.5282942 -0.2973535 -0.5496262 0.5282942 -0.2973535 -0.5496262 0.5282942 -0.3101816 -0.5484766 -0.3634786 -0.3101816 -0.5484766 -0.3634786 -0.3101816 -0.5484766 -0.3634786 -0.2961776 -0.5480368 0.5282942 -0.2961776 -0.5480368 0.5282942 -0.2961776 -0.5480368 0.5282942 -0.2887748 -0.5194829 -0.3634786 -0.2887748 -0.5194829 -0.3634786 -0.2887748 -0.5194829 -0.3634786 -0.2957641 -0.5508019 0.5282942 -0.2957641 -0.5508019 0.5282942 -0.2957641 -0.5508019 0.5282942 -0.281225 -0.5698975 -0.3634786 -0.281225 -0.5698975 -0.3634786 -0.281225 -0.5698975 -0.3634786 -0.2945882 -0.5492125 0.5282942 -0.2945882 -0.5492125 0.5282942 -0.2945882 -0.5492125 0.5282942 -0.2598183 -0.5409037 -0.3634786 -0.2598183 -0.5409037 -0.3634786 -0.2598183 -0.5409037 -0.3634786 -0.3258512 -0.5552577 0.3698222 -0.3258512 -0.5552577 0.3698222 -0.3258512 -0.5552577 0.3698222 -0.3258512 -0.5552577 0.3698222 -0.3595713 -0.559519 0.1196241 -0.3595713 -0.559519 0.1196241 -0.3595713 -0.559519 0.1196241 -0.3595713 -0.559519 0.1196241 -0.3387559 -0.5144677 -0.08832538 -0.3387559 -0.5144677 -0.08832538 -0.3387559 -0.5144677 -0.08832538 -0.3387559 -0.5144677 -0.08832538 -0.3198232 -0.4891352 -0.08831244 -0.3198232 -0.4891352 -0.08831244 -0.3198232 -0.4891352 -0.08831244 -0.3198232 -0.4891352 -0.08831244 -0.344766 -0.5387549 0.1196475 -0.344766 -0.5387549 0.1196475 -0.344766 -0.5387549 0.1196475 -0.344766 -0.5387549 0.1196475 -0.3192675 -0.5463263 0.3698195 -0.3192675 -0.5463263 0.3698195 -0.3192675 -0.5463263 0.3698195 -0.3192675 -0.5463263 0.3698195 -0.2946192 -0.5078319 -0.08831501 -0.2946192 -0.5078319 -0.08831501 -0.2946192 -0.5078319 -0.08831501 -0.2946192 -0.5078319 -0.08831501 -0.3245594 -0.55366 0.1196646 -0.3245594 -0.55366 0.1196646 -0.3245594 -0.55366 0.1196646 -0.3245594 -0.55366 0.1196646 -0.3103585 -0.5529434 0.369817 -0.3103585 -0.5529434 0.369817 -0.3103585 -0.5529434 0.369817 -0.3103585 -0.5529434 0.369817 -0.3135555 -0.5331655 -0.08832812 -0.3135555 -0.5331655 -0.08832812 -0.3135555 -0.5331655 -0.08832812 -0.3135555 -0.5331655 -0.08832812 -0.3393529 -0.5744338 0.1196408 -0.3393529 -0.5744338 0.1196408 -0.3393529 -0.5744338 0.1196408 -0.3393529 -0.5744338 0.1196408 -0.3169419 -0.5618747 0.3698197 -0.3169419 -0.5618747 0.3698197 -0.3169419 -0.5618747 0.3698197 -0.3169419 -0.5618747 0.3698197 -0.2363755 -0.6451046 0.3802456 -0.2363755 -0.6451046 0.3802456 -0.2363755 -0.6451046 0.3802456 -0.3069968 -0.603852 -0.3634786 -0.3069968 -0.603852 -0.3634786 -0.3069968 -0.603852 -0.3634786 -0.2351598 -0.6434438 0.380271 -0.2351598 -0.6434438 0.380271 -0.2351598 -0.6434438 0.380271 -0.2846825 -0.5736827 -0.3634786 -0.2846825 -0.5736827 -0.3634786 -0.2846825 -0.5736827 -0.3634786 -0.2347293 -0.6463223 0.3802709 -0.2347293 -0.6463223 0.3802709 -0.2347293 -0.6463223 0.3802709 -0.276829 -0.6261692 -0.3634786 -0.276829 -0.6261692 -0.3634786 -0.276829 -0.6261692 -0.3634786 -0.233514 -0.6446611 0.3802962 -0.233514 -0.6446611 0.3802962 -0.233514 -0.6446611 0.3802962 -0.2545146 -0.5959998 -0.3634786 -0.2545146 -0.5959998 -0.3634786 -0.2545146 -0.5959998 -0.3634786 -0.2671052 -0.6824589 0.3293657 -0.2671052 -0.6824589 0.3293657 -0.2671052 -0.6824589 0.3293657 -0.2671052 -0.6824589 0.3293657 -0.3583102 -0.6680014 0.1043376 -0.3583102 -0.6680014 0.1043376 -0.3583102 -0.6680014 0.1043376 -0.3583102 -0.6680014 0.1043376 -0.2955788 -0.6098434 -0.08856314 -0.2955788 -0.6098434 -0.08856314 -0.2955788 -0.6098434 -0.08856314 -0.2955788 -0.6098434 -0.08856314 -0.2758061 -0.5827178 -0.08813369 -0.2758061 -0.5827178 -0.08813369 -0.2758061 -0.5827178 -0.08813369 -0.2758061 -0.5827178 -0.08813369 -0.3423669 -0.6468943 0.1043756 -0.3423669 -0.6468943 0.1043756 -0.3423669 -0.6468943 0.1043756 -0.3423669 -0.6468943 0.1043756 -0.2572567 -0.6771818 0.3289096 -0.2572567 -0.6771818 0.3289096 -0.2572567 -0.6771818 0.3289096 -0.2572567 -0.6771818 0.3289096 -0.2492721 -0.6015534 -0.08781558 -0.2492721 -0.6015534 -0.08781558 -0.2492721 -0.6015534 -0.08781558 -0.2492721 -0.6015534 -0.08781558 -0.3211514 -0.6624217 0.1043764 -0.3211514 -0.6624217 0.1043764 -0.3211514 -0.6624217 0.1043764 -0.3211514 -0.6624217 0.1043764 -0.2512227 -0.6793398 0.3270327 -0.2512227 -0.6793398 0.3270327 -0.2512227 -0.6793398 0.3270327 -0.2512227 -0.6793398 0.3270327 -0.2690331 -0.6286491 -0.08822953 -0.2690331 -0.6286491 -0.08822953 -0.2690331 -0.6286491 -0.08822953 -0.2690331 -0.6286491 -0.08822953 -0.3369636 -0.6837491 0.104355 -0.3369636 -0.6837491 0.104355 -0.3369636 -0.6837491 0.104355 -0.3369636 -0.6837491 0.104355 -0.2611874 -0.6844905 0.3274456 -0.2611874 -0.6844905 0.3274456 -0.2611874 -0.6844905 0.3274456 -0.2611874 -0.6844905 0.3274456 -0.2623165 -0.52033 0.2632315 -0.2623165 -0.52033 0.2632315 -0.2623165 -0.52033 0.2632315 -0.262759 -0.5131225 -0.3634786 -0.262759 -0.5131225 -0.3634786 -0.262759 -0.5131225 -0.3634786 -0.2612159 -0.521144 0.2632315 -0.2612159 -0.521144 0.2632315 -0.2612159 -0.521144 0.2632315 -0.2426971 -0.5279611 -0.3634786 -0.2426971 -0.5279611 -0.3634786 -0.2426971 -0.5279611 -0.3634786 -0.2631303 -0.5214304 0.2632315 -0.2631303 -0.5214304 0.2632315 -0.2631303 -0.5214304 0.2632315 -0.2775994 -0.5331836 -0.3634786 -0.2775994 -0.5331836 -0.3634786 -0.2775994 -0.5331836 -0.3634786 -0.2620298 -0.5222445 0.2632315 -0.2620298 -0.5222445 0.2632315 -0.2620298 -0.5222445 0.2632315 -0.2575375 -0.5480221 -0.3634786 -0.2575375 -0.5480221 -0.3634786 -0.2575375 -0.5480221 -0.3634786 -0.2661835 -0.5007025 0.1535153 -0.2661835 -0.5007025 0.1535153 -0.2661835 -0.5007025 0.1535153 -0.2661835 -0.5007025 0.1535153 -0.2381446 -0.4910847 -0.001511335 -0.2381446 -0.4910847 -0.001511335 -0.2381446 -0.4910847 -0.001511335 -0.2381446 -0.4910847 -0.001511335 -0.2232015 -0.4973797 -0.1686903 -0.2232015 -0.4973797 -0.1686903 -0.2232015 -0.4973797 -0.1686903 -0.2232015 -0.4973797 -0.1686903 -0.2057157 -0.5103143 -0.1686902 -0.2057157 -0.5103143 -0.1686902 -0.2057157 -0.5103143 -0.1686902 -0.2057157 -0.5103143 -0.1686902 -0.2239655 -0.5016024 -0.001495182 -0.2239655 -0.5016024 -0.001495182 -0.2239655 -0.5016024 -0.001495182 -0.2239655 -0.5016024 -0.001495182 -0.2599998 -0.5052613 0.1535135 -0.2599998 -0.5052613 0.1535135 -0.2599998 -0.5052613 0.1535135 -0.2599998 -0.5052613 0.1535135 -0.2186496 -0.5278003 -0.1686902 -0.2186496 -0.5278003 -0.1686902 -0.2186496 -0.5278003 -0.1686902 -0.2186496 -0.5278003 -0.1686902 -0.2344372 -0.515798 -0.001483321 -0.2344372 -0.515798 -0.001483321 -0.2344372 -0.515798 -0.001483321 -0.2344372 -0.515798 -0.001483321 -0.2645798 -0.5114343 0.153512 -0.2645798 -0.5114343 0.153512 -0.2645798 -0.5114343 0.153512 -0.2645798 -0.5114343 0.153512 -0.2361354 -0.5148659 -0.1686902 -0.2361354 -0.5148659 -0.1686902 -0.2361354 -0.5148659 -0.1686902 -0.2361354 -0.5148659 -0.1686902 -0.2486165 -0.5052797 -0.001499772 -0.2486165 -0.5052797 -0.001499772 -0.2486165 -0.5052797 -0.001499772 -0.2486165 -0.5052797 -0.001499772 -0.2707635 -0.5068761 0.1535139 -0.2707635 -0.5068761 0.1535139 -0.2707635 -0.5068761 0.1535139 -0.2707635 -0.5068761 0.1535139 -0.341205 -0.534936 0.2951146 -0.341205 -0.534936 0.2951146 -0.341205 -0.534936 0.2951146 -0.3484365 -0.531445 -0.3634786 -0.3484365 -0.531445 -0.3634786 -0.3484365 -0.531445 -0.3634786 -0.3398169 -0.5343114 0.2951146 -0.3398169 -0.5343114 0.2951146 -0.3398169 -0.5343114 0.2951146 -0.3231317 -0.5200567 -0.3634786 -0.3231317 -0.5200567 -0.3634786 -0.3231317 -0.5200567 -0.3634786 -0.3405801 -0.5363242 0.2951146 -0.3405801 -0.5363242 0.2951146 -0.3405801 -0.5363242 0.2951146 -0.3370501 -0.5567511 -0.3634786 -0.3370501 -0.5567511 -0.3634786 -0.3370501 -0.5567511 -0.3634786 -0.3391921 -0.5356995 0.2951146 -0.3391921 -0.5356995 0.2951146 -0.3391921 -0.5356995 0.2951146 -0.3117452 -0.5453628 -0.3634786 -0.3117452 -0.5453628 -0.3634786 -0.3117452 -0.5453628 -0.3634786 -0.3623463 -0.5280114 0.173104 -0.3623463 -0.5280114 0.173104 -0.3623463 -0.5280114 0.173104 -0.3623463 -0.5280114 0.173104 -0.3564242 -0.4955834 7.05462e-4 -0.3564242 -0.4955834 7.05462e-4 -0.3564242 -0.4955834 7.05462e-4 -0.3564242 -0.4955834 7.05462e-4 -0.3421903 -0.4845131 -0.185207 -0.3421903 -0.4845131 -0.185207 -0.3421903 -0.4845131 -0.185207 -0.3421903 -0.4845131 -0.185207 -0.3201336 -0.4745876 -0.1852069 -0.3201336 -0.4745876 -0.1852069 -0.3201336 -0.4745876 -0.1852069 -0.3201336 -0.4745876 -0.1852069 -0.3385103 -0.487551 7.23457e-4 -0.3385103 -0.487551 7.23457e-4 -0.3385103 -0.487551 7.23457e-4 -0.3385103 -0.487551 7.23457e-4 -0.3545609 -0.5244928 0.173102 -0.3545609 -0.5244928 0.173102 -0.3545609 -0.5244928 0.173102 -0.3545609 -0.5244928 0.173102 -0.3102077 -0.4966442 -0.1852069 -0.3102077 -0.4966442 -0.1852069 -0.3102077 -0.4966442 -0.1852069 -0.3102077 -0.4966442 -0.1852069 -0.3304367 -0.5054295 7.3663e-4 -0.3304367 -0.5054295 7.3663e-4 -0.3304367 -0.5054295 7.3663e-4 -0.3304367 -0.5054295 7.3663e-4 -0.3510644 -0.5322927 0.1731004 -0.3510644 -0.5322927 0.1731004 -0.3510644 -0.5322927 0.1731004 -0.3510644 -0.5322927 0.1731004 -0.3322647 -0.5065696 -0.185207 -0.3322647 -0.5065696 -0.185207 -0.3322647 -0.5065696 -0.185207 -0.3322647 -0.5065696 -0.185207 -0.3483516 -0.5134617 7.18337e-4 -0.3483516 -0.5134617 7.18337e-4 -0.3483516 -0.5134617 7.18337e-4 -0.3483516 -0.5134617 7.18337e-4 -0.3588492 -0.5358116 0.1731024 -0.3588492 -0.5358116 0.1731024 -0.3588492 -0.5358116 0.1731024 -0.3588492 -0.5358116 0.1731024 -0.3387635 -0.7698861 -0.05917376 -0.3387635 -0.7698861 -0.05917376 -0.3387635 -0.7698861 -0.05917376 -0.2581304 -0.6301771 -0.3634786 -0.2581304 -0.6301771 -0.3634786 -0.2581304 -0.6301771 -0.3634786 -0.3400728 -0.7697744 -0.05868512 -0.3400728 -0.7697744 -0.05868512 -0.3400728 -0.7697744 -0.05868512 -0.2848195 -0.6324315 -0.3634786 -0.2848195 -0.6324315 -0.3634786 -0.2848195 -0.6324315 -0.3634786 -0.3391065 -0.7687388 -0.05982065 -0.3391065 -0.7687388 -0.05982065 -0.3391065 -0.7687388 -0.05982065 -0.2604544 -0.603267 -0.3634786 -0.2604544 -0.603267 -0.3634786 -0.2604544 -0.603267 -0.3634786 -0.340415 -0.7686255 -0.05932885 -0.340415 -0.7686255 -0.05932885 -0.340415 -0.7686255 -0.05932885 -0.2871455 -0.6055245 -0.3634786 -0.2871455 -0.6055245 -0.3634786 -0.2871455 -0.6055245 -0.3634786 -0.3099731 -0.7544007 -0.1008784 -0.3099731 -0.7544007 -0.1008784 -0.3099731 -0.7544007 -0.1008784 -0.3099731 -0.7544007 -0.1008784 -0.2751574 -0.6952014 -0.1251226 -0.2751574 -0.6952014 -0.1251226 -0.2751574 -0.6952014 -0.1251226 -0.2751574 -0.6952014 -0.1251226 -0.2892331 -0.6569506 -0.2265439 -0.2892331 -0.6569506 -0.2265439 -0.2892331 -0.6569506 -0.2265439 -0.2892331 -0.6569506 -0.2265439 -0.3121331 -0.6583569 -0.2250162 -0.3121331 -0.6583569 -0.2250162 -0.3121331 -0.6583569 -0.2250162 -0.3121331 -0.6583569 -0.2250162 -0.2941115 -0.6968771 -0.1251051 -0.2941115 -0.6968771 -0.1251051 -0.2941115 -0.6968771 -0.1251051 -0.2941115 -0.6968771 -0.1251051 -0.3179121 -0.7548142 -0.1003392 -0.3179121 -0.7548142 -0.1003392 -0.3179121 -0.7548142 -0.1003392 -0.3179121 -0.7548142 -0.1003392 -0.3138841 -0.6344779 -0.2238497 -0.3138841 -0.6344779 -0.2238497 -0.3138841 -0.6344779 -0.2238497 -0.3138841 -0.6344779 -0.2238497 -0.2958364 -0.6779426 -0.1250923 -0.2958364 -0.6779426 -0.1250923 -0.2958364 -0.6779426 -0.1250923 -0.2958364 -0.6779426 -0.1250923 -0.3197763 -0.74841 -0.1042911 -0.3197763 -0.74841 -0.1042911 -0.3197763 -0.74841 -0.1042911 -0.3197763 -0.74841 -0.1042911 -0.2909825 -0.633069 -0.2253618 -0.2909825 -0.633069 -0.2253618 -0.2909825 -0.633069 -0.2253618 -0.2909825 -0.633069 -0.2253618 -0.2768816 -0.6762672 -0.12511 -0.2768816 -0.6762672 -0.12511 -0.2768816 -0.6762672 -0.12511 -0.2768816 -0.6762672 -0.12511 -0.3118525 -0.7480176 -0.1048737 -0.3118525 -0.7480176 -0.1048737 -0.3118525 -0.7480176 -0.1048737 -0.3118525 -0.7480176 -0.1048737</float_array>
          <technique_common>
            <accessor source="#Cube_007-mesh-positions-array" count="8064" stride="3">
              <param name="X" type="float"/>
              <param name="Y" type="float"/>
              <param name="Z" type="float"/>
            </accessor>
          </technique_common>
        </source>
        <source id="Cube_007-mesh-normals">
          <float_array id="Cube_007-mesh-normals-array" count="22113">-0.620814 -0.7724904 0.1335996 -0.6207992 -0.7725021 0.1335997 -0.6207882 -0.7725108 0.1336011 -0.6208164 -0.7724883 0.1336 -0.8090145 0.5800922 0.09480839 -0.8089953 0.5801215 0.09479331 -0.8090115 0.5800971 0.09480398 -0.8090071 0.5801036 0.09480202 0.6197338 0.7705171 -0.1491091 0.6197023 0.7705444 -0.149099 0.619725 0.770525 -0.1491051 0.6197349 0.7705158 -0.1491107 0.8083062 -0.5775015 -0.1146003 0.8083072 -0.5774998 -0.1146019 0.808288 -0.5775261 -0.1146038 0.808323 -0.5774769 -0.1146056 -0.6586992 -0.1781927 -0.7310012 -0.6586991 -0.1782087 -0.7309973 -0.6587004 -0.1781489 -0.7310108 -0.658699 -0.1781817 -0.7310041 0 0 1 -0.5986199 -0.3127938 -0.7374376 -0.5986263 -0.3128319 -0.7374163 -0.5986197 -0.3127969 -0.7374365 -0.5986255 -0.3128108 -0.7374259 -0.3437433 0.0300548 -0.9385827 -0.3437116 0.03004807 -0.9385945 -0.3436976 0.03002709 -0.9386002 -0.3437246 0.03005421 -0.9385895 0.7860169 -0.6029336 0.1365598 0.7858558 -0.6031355 0.1365955 -0.5569043 -0.04579186 -0.8293135 -0.556905 -0.04579061 -0.829313 -0.5569069 -0.04579859 -0.8293113 -0.5569063 -0.04579722 -0.8293117 -0.2894963 -0.1406775 -0.946785 -0.289475 -0.1407514 -0.9467806 -0.289505 -0.1407217 -0.9467757 -0.2895151 -0.1406742 -0.9467798 0.613484 0.7525141 -0.2394993 0.6135001 0.7525007 -0.2395004 0.6134948 0.7525044 -0.2395023 0.6135092 0.7524936 -0.2394993 0.5850269 0.2830272 0.7600257 0.585025 0.2829988 0.7600379 0.5850253 0.2830144 0.7600319 0.5850248 0.2830089 0.7600342 0.4580478 -0.1531882 0.8756287 0.4581186 -0.1531571 0.8755972 0.458123 -0.1531149 0.8756022 0.4581211 -0.153094 0.8756068 -0.7817032 0.6038549 -0.1558828 -0.7816988 0.60386 -0.1558856 -0.7816767 0.6038855 -0.1558966 -0.7816864 0.6038743 -0.1558915 0.531313 0.06006437 0.8450437 0.5313205 0.06009036 0.8450372 0.5313169 0.06008231 0.84504 0.5313086 0.06008183 0.8450452 0.3636339 0.266149 0.8927123 0.3635817 0.2662492 0.8927036 0.3635749 0.2662378 0.8927099 0.3636266 0.2661615 0.8927115 -0.6158691 -0.7555995 0.2231024 -0.6159108 -0.7555696 0.2230886 -0.6158939 -0.755582 0.2230934 -0.6158754 -0.755595 0.2231002 -0.1827881 0.9703742 0.1579948 -0.18278 0.9703758 0.1579942 -0.1828226 0.9703672 0.1579986 -0.1828244 0.9703668 0.1579984 0.9818909 0.1864296 0.0336802 0.9818886 0.1864411 0.03368359 0.9818575 0.1865965 0.03372818 0.9818761 0.186504 0.03370153 0.1830863 -0.9720605 -0.1468946 0.183073 -0.9720625 -0.1468968 0.1830919 -0.9720595 -0.1468936 0.1830546 -0.9720657 -0.1468992 -0.9822268 -0.1864975 -0.0212 -0.9821946 -0.1866667 -0.02119868 -0.9822149 -0.1865599 -0.02119952 -0.9822095 -0.1865872 -0.0212062 1.86674e-5 0 -1 -3.73308e-5 0 -1 -0.9736664 -0.1840873 -0.1344829 -0.9736664 -0.1840873 -0.1344829 -0.9736664 -0.1840873 -0.1344828 -0.9736865 -0.1839676 -0.1345012 -0.9736865 -0.1839676 -0.1345012 -0.9736865 -0.1839676 -0.1345012 -0.9777574 -0.187551 -0.09388887 -0.9777708 -0.187476 -0.09389954 -0.9777763 -0.1874449 -0.09390437 -0.9777646 -0.187511 -0.09389472 -0.9605566 -0.1829714 0.2094101 -0.9605735 -0.1828998 0.2093951 -0.9605723 -0.1829052 0.2093959 -0.9605705 -0.1829122 0.2093979 0.1881906 -0.9799121 0.06600606 0.1881906 -0.979912 0.066006 0.1881906 -0.979912 0.06600606 0.1883325 -0.9798849 0.06600564 0.1883325 -0.9798848 0.06600558 0.1883325 -0.9798849 0.0660057 0.1987836 -0.9790733 0.04359626 0.1988022 -0.9790693 0.04360014 0.1988297 -0.9790636 0.04360407 0.198776 -0.9790748 0.04359614 0.1898117 -0.9818166 -0.002800762 0.1897955 -0.9818196 -0.002798736 0.1898107 -0.9818167 -0.002800583 0.1898334 -0.9818124 -0.002802848 0.979672 0.1848334 0.0779711 0.9796166 0.1851144 0.0780006 0.9796166 0.1851144 0.07800036 0.9796166 0.1851144 0.07800066 0.9814823 0.1878868 0.03729933 0.9814963 0.1878139 0.03729546 0.9814708 0.1879463 0.03730171 0.9814804 0.1878967 0.03729939 0.9455364 0.1800173 -0.2712099 0.9455524 0.1799126 -0.2712238 0.9455311 0.1800535 -0.2712044 0.9455288 0.1800648 -0.271205 -0.1871855 0.9746311 -0.1227023 -0.1869912 0.9746704 -0.1226865 -0.1874477 0.9745782 -0.1227228 -0.1872146 0.9746253 -0.1227039 -0.202301 0.9741942 -0.1001002 -0.2023103 0.9741923 -0.1000995 -0.2023194 0.9741905 -0.100099 -0.2022805 0.9741985 -0.1000987 -0.1921095 0.9792588 -0.06439006 -0.1920652 0.9792663 -0.06440901 -0.1920919 0.9792618 -0.06439852 -0.1920998 0.9792605 -0.06439352 -0.1907232 0.9807105 -0.04279816 -0.1907361 0.9807081 -0.04279655 -0.1907086 0.9807132 -0.04279994 -0.1907026 0.9807144 -0.04280048 0.9805401 0.1962277 -0.00599879 0.9805406 0.1962253 -0.005998969 0.9805452 0.1962017 -0.006001532 0.9805461 0.1961975 -0.006000995 0.1905003 -0.9813455 0.02590018 0.1905078 -0.9813439 0.0259009 0.1904941 -0.9813467 0.02589917 0.1905459 -0.9813364 0.0259056 -0.9804536 -0.1966074 -0.007496178 -0.9804526 -0.196613 -0.007496416 -0.9804522 -0.1966148 -0.007496535 -0.9804562 -0.1965951 -0.007498681 -0.01437056 0.009731233 -0.9998495 -0.01457554 0.009833037 -0.9998455 -0.6304963 -0.4419575 -0.6380816 -0.6304723 -0.442013 -0.6380667 -0.6304751 -0.4419904 -0.6380798 -0.6305018 -0.4419577 -0.638076 -0.9530678 -0.25101 -0.1692807 -0.9530739 -0.2509701 -0.1693053 -0.9530684 -0.2509946 -0.1692993 -0.953063 -0.251042 -0.1692603 -0.897763 -0.1846991 0.3998848 -0.8977595 -0.1847158 0.399885 -0.8977611 -0.1847082 0.3998849 -0.8977643 -0.1846957 0.3998835 -0.1752968 -0.9237775 -0.3404504 -0.1753137 -0.9237563 -0.3404987 -0.1753123 -0.9237547 -0.3405039 -0.1752701 -0.9237611 -0.3405081 0.04887896 -0.9662865 0.2527868 0.0489118 -0.9662816 0.2527997 0.04892385 -0.9662796 0.2528049 0.04884183 -0.9662942 0.2527648 0.1885226 -0.9755105 -0.1133081 0.1885059 -0.9755142 -0.1133025 0.1885227 -0.9755105 -0.1133075 0.1884965 -0.9755165 -0.1132994 0.6794147 0.4379811 0.5887006 0.6793934 0.4380083 0.5887049 0.6793876 0.4380224 0.5887011 0.6794351 0.4379596 0.5886931 0.9629557 0.2513453 0.09768348 0.9629745 0.2512657 0.09770268 0.9629694 0.2512881 0.097696 0.9628496 0.2514963 0.09833794 0.8849898 0.1831108 -0.428093 0.8849868 0.1831387 -0.4280871 0.8849921 0.1830896 -0.4280971 0.8849924 0.1830801 -0.4281004 0.1667695 0.9414644 0.2929723 0.1668207 0.9414458 0.2930029 0.166805 0.9414507 0.2929959 0.1667488 0.9414557 0.2930119 -0.0445407 0.943031 -0.3297102 -0.04461497 0.9430288 -0.3297064 -0.04464447 0.9430255 -0.3297118 -0.04454791 0.9430399 -0.3296836 -0.1856051 0.9793457 0.08020466 -0.1856032 0.9793462 0.08020347 -0.1855962 0.9793478 0.08020007 -0.185562 0.9793561 0.08017802 0.760096 0.6371609 0.1275941 0.7600366 0.6372302 0.1276018 0.7600418 0.6372241 0.127601 0.7600991 0.6371572 0.1275941 0.6430041 -0.7656625 0.0175153 0.6431925 -0.7655024 0.0175988 0.6432002 -0.7654958 0.01760035 0.643176 -0.7655164 0.01759064 -0.7587066 -0.6359677 -0.1411012 -0.7586876 -0.6359912 -0.1410975 -0.7586717 -0.6360109 -0.141094 -0.7587198 -0.6359515 -0.1411037 -0.6428427 0.765383 -0.03069442 -0.6432376 0.7650504 -0.03071409 -0.6429952 0.7652547 -0.03069996 -0.6429952 0.7652547 -0.03069943 2.30825e-5 0 -1 -2.30825e-5 0 -1 -2.22422e-6 0 1 1.11211e-6 0 1 -0.6367452 0.7592549 -0.134491 -0.6365272 0.7594296 -0.1345356 -0.6365395 0.7594197 -0.1345335 -0.6367383 0.7592605 -0.134492 -0.6411294 0.761739 -0.09331053 -0.6412749 0.7616196 -0.0932849 -0.6412398 0.7616485 -0.09329068 -0.6411556 0.7617175 -0.09330552 -0.6268243 0.7452358 0.2274094 -0.6268626 0.7452006 0.2274187 -0.6268494 0.7452128 0.2274156 -0.6268481 0.7452143 0.2274139 -0.7626478 -0.6434507 0.06587612 -0.7626478 -0.6434507 0.06587606 -0.7626478 -0.6434507 0.06587606 -0.7625762 -0.6435326 0.06590479 -0.7625762 -0.6435327 0.06590479 -0.7625762 -0.6435327 0.06590467 -0.7559141 -0.6531975 0.0438981 -0.7559062 -0.6532064 0.04390066 -0.7559127 -0.6531989 0.04389917 -0.7559026 -0.6532106 0.04390126 -0.7616553 -0.6477972 0.01549673 -0.7616903 -0.6477559 0.01550287 -0.7616853 -0.6477618 0.01550143 -0.7616826 -0.6477651 0.0155006 0.6406419 -0.7638672 0.07800573 0.6406419 -0.7638673 0.07800567 0.6405825 -0.7639175 0.07800215 0.6405825 -0.7639175 0.07800215 0.6405825 -0.7639175 0.07800197 0.6436084 -0.7645033 0.03610008 0.643604 -0.7645069 0.03610014 0.6436092 -0.7645025 0.0361005 0.6436061 -0.764505 0.03610014 0.6226422 -0.7400368 -0.2542877 0.6225117 -0.7401409 -0.2543045 0.6226356 -0.7400428 -0.2542867 0.6226163 -0.7400578 -0.2542904 0.7585673 0.6399393 -0.1226924 0.7585673 0.6399393 -0.1226925 0.7585673 0.6399393 -0.1226925 0.7585142 0.6400005 -0.1227008 0.7585144 0.6400005 -0.1227009 0.7585142 0.6400005 -0.1227008 0.7531782 0.6502638 -0.0993964 0.753158 0.6502873 -0.09939599 0.7531598 0.6502852 -0.09939604 0.7531781 0.6502642 -0.09939569 0.7611126 0.6470149 -0.04559868 0.7611065 0.6470224 -0.04559636 0.7611248 0.6470001 -0.04560685 0.7611145 0.6470128 -0.04559993 0.7623249 0.6460955 -0.03770279 0.7623197 0.6461017 -0.0377016 0.7623214 0.6460996 -0.03770178 0.7622957 0.6461302 -0.03769737 0.6507242 -0.7592965 -0.005198419 0.6507099 -0.7593086 -0.005200028 0.6507129 -0.7593061 -0.005199432 0.6507066 -0.7593114 -0.005199968 -0.7628119 -0.6462218 0.0227015 -0.7627903 -0.6462474 0.02270436 -0.7628413 -0.6461874 0.02269697 -0.7628282 -0.6462028 0.02269876 -0.6510367 0.7590177 -0.006598055 -0.6510247 0.759028 -0.006600677 -0.650996 0.7590525 -0.006605744 -0.6510131 0.7590379 -0.006601691 0.001456022 0.01733922 -0.9998486 0.00149846 0.0174883 -0.9998461 1.02521e-6 0 1 -0.6938503 0.333728 -0.6381203 -0.693902 0.3336889 -0.6380844 -0.6939136 0.3336683 -0.6380826 -0.693853 0.3337349 -0.6381137 -0.6851418 0.7084728 -0.1692544 -0.685095 0.7085055 -0.169307 -0.6850789 0.7085207 -0.1693089 -0.6851385 0.7084709 -0.1692757 -0.6001973 0.6927071 0.3999003 -0.6002097 0.6926953 0.3999021 -0.6002039 0.6927005 0.3999018 -0.6001942 0.6927092 0.399901 -0.8914805 -0.2989231 -0.3404521 -0.8914773 -0.298871 -0.3405058 -0.8914781 -0.2988708 -0.3405041 -0.8914712 -0.2988864 -0.3405086 -0.8189042 -0.5152601 0.2527905 -0.8188576 -0.5153229 0.252813 -0.8188769 -0.5152958 0.2528061 -0.8189015 -0.5152696 0.2527801 -0.7586783 -0.6415405 -0.1132842 -0.7586637 -0.6415566 -0.113291 -0.7586517 -0.6415697 -0.1132957 -0.7586652 -0.6415549 -0.1132901 0.7143809 -0.3783259 0.5886676 0.7144008 -0.3782625 0.588684 0.7143846 -0.3782922 0.5886848 0.7143553 -0.3783405 0.5886892 0.6902277 -0.7169646 0.09771209 0.6901936 -0.7169991 0.0976997 0.6901762 -0.7170152 0.09770375 0.6903044 -0.7168052 0.09833765 0.5926051 -0.6823086 -0.4281055 0.5926263 -0.6822938 -0.4280996 0.5926244 -0.682295 -0.4281004 0.5925799 -0.6823263 -0.428112 0.9027122 0.3150557 0.2930027 0.902729 0.3149839 0.2930284 0.9027298 0.3149954 0.2930135 0.9027127 0.3150517 0.293006 0.8007236 0.5001385 -0.329702 0.8006879 0.5002008 -0.329694 0.8006717 0.500226 -0.329695 0.8007243 0.5001457 -0.3296893 0.7633957 0.6409307 0.08021742 0.7634257 0.6408985 0.08019095 0.7634025 0.6409235 0.08021217 0.7634256 0.6408987 0.08019024 0.6374634 -0.7575415 0.1406112 0.6374252 -0.7575737 0.1406108 -0.7630239 -0.6419699 0.07529413 -0.7629844 -0.6420152 0.07530862 -0.6363018 0.7561604 -0.1527798 -0.6362649 0.7561897 -0.1527879 0.762244 0.6413146 -0.08774864 0.7622038 0.6413619 -0.08775228 -2.40788e-5 0 -1 2.40788e-5 0 -1 0.7591755 0.6370067 -0.1336973 0.7590417 0.6371634 -0.1337104 0.7590417 0.6371635 -0.1337103 0.7590417 0.6371634 -0.1337103 0.7603481 0.6404583 0.108093 0.7602418 0.64058 0.1081189 0.7603656 0.6404381 0.1080888 0.7603292 0.6404796 0.1080994 0.7615717 0.6412639 0.0937522 0.7615716 0.6412639 0.09375214 0.7615717 0.6412639 0.09375214 0.7613616 0.6415061 0.09380054 0.7613617 0.6415061 0.09380054 0.7613617 0.6415061 0.0938006 -0.6437057 0.7624755 0.06537663 -0.6434832 0.7626703 0.06529587 -0.6434832 0.7626703 0.06529593 -0.6434832 0.7626703 0.06529581 -0.6408019 0.7620772 0.09279739 -0.640738 0.7621306 0.09280109 -0.6408032 0.7620761 0.09279781 -0.640798 0.7620804 0.09279781 -0.6433035 0.7656096 -0.00159657 -0.6434572 0.7654806 -0.001591444 -0.6433917 0.7655356 -0.001597106 -0.6432972 0.7656149 -0.001596808 -0.7638114 -0.6408155 0.07712131 -0.7636451 -0.6410167 0.0770955 -0.7636451 -0.6410167 0.07709544 -0.7636452 -0.6410167 0.07709544 -0.7536459 -0.634781 -0.1705022 -0.753552 -0.6348909 -0.1705086 -0.7536064 -0.6348271 -0.1705046 -0.75361 -0.634823 -0.1705043 -0.7593316 -0.6399523 -0.1177993 -0.759463 -0.6397937 -0.1178134 -0.7595546 -0.6396799 -0.1178416 -0.7593226 -0.6399634 -0.117797 0.6402124 -0.7584238 -0.1221538 0.6399697 -0.7586375 -0.1220994 0.6399696 -0.7586374 -0.1220994 0.6399696 -0.7586374 -0.1220993 0.6357142 -0.7561002 -0.1554988 0.6356692 -0.7561359 -0.1555098 0.635742 -0.7560781 -0.1554933 0.6357286 -0.7560891 -0.1554946 0.6431612 -0.7653852 -0.02300429 0.6432201 -0.7653363 -0.02298808 0.643221 -0.7653355 -0.02298814 0.6432185 -0.7653376 -0.02298557 0.9685769 0.1847355 0.1665282 0.9685853 0.1846918 0.1665278 0.1865211 -0.978372 0.0894317 0.1865778 -0.9783598 0.08944815 -0.9661034 -0.1842637 -0.1808069 -0.9661108 -0.1842151 -0.1808166 -0.1862522 0.9769631 -0.1041798 -0.1862981 0.9769539 -0.1041828 0 0 -1 -1.40607e-6 0 1 -0.184638 0.9736698 -0.1337015 -0.184638 0.9736698 -0.1337015 -0.1844976 0.9736967 -0.1336997 -0.1844976 0.9736967 -0.1336997 -0.1844976 0.9736966 -0.1336997 -0.18665 0.9764627 0.1080851 -0.1866893 0.9764543 0.1080946 -0.1867842 0.9764345 0.1081085 -0.1866343 0.9764662 0.1080815 -0.1872162 0.9778293 0.09380811 -0.1872356 0.9778246 0.0938186 -0.1870443 0.9778642 0.0937879 -0.1871358 0.9778455 0.09380024 -0.9798876 -0.1885363 0.06537932 -0.9799444 -0.1882693 0.06529796 -0.9799444 -0.1882693 0.06529808 -0.9799444 -0.1882693 0.06529796 -0.9781376 -0.1861028 0.09280377 -0.978138 -0.1861009 0.09280365 -0.9781401 -0.1860904 0.09280401 -0.9781384 -0.1860988 0.09280407 -0.982428 -0.1866359 -0.001597046 -0.9824083 -0.1867391 -0.001597464 -0.9823796 -0.1868899 -0.001584947 -0.9824295 -0.1866279 -0.001597225 0.1853538 -0.9796411 0.07711875 0.1856191 -0.9795925 0.07709872 0.1856191 -0.9795925 0.07709866 0.1856191 -0.9795925 0.07709878 0.185061 -0.9678233 -0.1705009 0.1850607 -0.9678234 -0.1705006 0.1851195 -0.9678117 -0.1705034 0.1850683 -0.9678218 -0.1705011 0.1866004 -0.9753472 -0.1178057 0.1866728 -0.9753348 -0.1177936 0.1864361 -0.9753745 -0.1178399 0.186521 -0.9753619 -0.1178095 0.9747042 0.1871989 -0.1221004 0.9747456 0.187008 -0.1220613 0.9747182 0.1871347 -0.1220867 0.974698 0.1872302 -0.1221014 0.9704107 0.1847277 -0.155496 0.9704138 0.1847063 -0.1555017 0.9704293 0.1846118 -0.1555172 0.9704148 0.1847002 -0.1555027 0.9821615 0.1866259 -0.02301442 0.9821298 0.1867975 -0.02297592 0.9821467 0.186706 -0.02299547 0.9821311 0.1867906 -0.02297484 -0.9791562 0.1626142 0.1216956 -0.979161 0.1625859 0.1216949 -0.979158 0.1626031 0.1216957 -0.9791606 0.1625875 0.1216956 0.1554024 0.9772394 0.1444069 0.1553784 0.9772422 0.1444134 0.1553837 0.9772417 0.1444116 0.1553917 0.9772408 0.1444094 0.9772806 -0.1624844 -0.136094 0.9772757 -0.1625094 -0.1360989 0.97728 -0.1624882 -0.1360936 0.9772801 -0.1624872 -0.1360947 -0.1554939 -0.9740948 -0.1641988 -0.1554902 -0.9740953 -0.1641988 -0.1554768 -0.9740974 -0.1641988 -0.1554966 -0.9740942 -0.1641987 0.4429056 -0.4513989 -0.7746443 0.4429084 -0.4514223 -0.7746291 0.44296 -0.4513565 -0.7746378 0.4429045 -0.4514256 -0.7746294 -9.97669e-7 0 1 0.3937951 -0.693269 -0.6035757 0.3937948 -0.6932694 -0.6035754 0.393776 -0.6932775 -0.6035783 0.3937776 -0.6932772 -0.6035776 0.1210918 -0.2923082 -0.9486268 0.1210683 -0.2923108 -0.948629 0.1210547 -0.2923411 -0.9486214 0.1211116 -0.2923002 -0.9486268 -0.1491997 -0.9832375 0.1048029 -0.1492186 -0.9832342 0.1048071 -0.1492158 -0.9832347 0.1048059 -0.1491981 -0.9832378 0.104802 0.8757389 -0.2317283 -0.423537 0.8757699 -0.2316985 -0.4234892 0.8757811 -0.2316803 -0.4234759 0.8757545 -0.2317366 -0.4234998 0.2695822 -0.0645231 -0.9608134 0.2696219 -0.06447696 -0.9608053 0.2696035 -0.06449979 -0.9608089 0.2695856 -0.06451809 -0.9608128 0.8996796 -0.1609762 -0.4057873 0.899675 -0.1609961 -0.4057898 0.899676 -0.1609902 -0.4057898 0.8996787 -0.1609819 -0.405787 -0.3531077 0.7649196 0.5387141 -0.35312 0.7649139 0.5387141 -0.3530958 0.7649262 0.5387126 -0.3531175 0.7649137 0.5387161 -0.1046605 0.3902908 0.9147236 -0.1046828 0.390344 0.9146985 -0.1046751 0.3903483 0.9146974 -0.1046995 0.3903484 0.9146946 0.1472849 0.9785128 -0.144291 0.1473132 0.9785059 -0.1443089 0.1472901 0.9785117 -0.1442937 0.1472998 0.9785093 -0.1443002 -0.9101563 0.2256528 0.3474137 -0.9101814 0.2255876 0.3473905 -0.9101846 0.2255821 0.3473855 -0.9101668 0.2256242 0.3474051 -0.3826953 0.07982325 0.9204199 -0.3827195 0.079782 0.9204133 -0.3827005 0.07981204 0.9204186 -0.3826876 0.07983392 0.9204221 -0.9173606 0.1624714 0.3633906 -0.9173585 0.1625133 0.3633773 -0.9173596 0.1624848 0.3633871 -0.9173598 0.1624751 0.3633906 -0.4539275 -0.8755907 0.1651997 -0.4538961 -0.8756067 0.1652016 -0.4539194 -0.8755946 0.1652013 -0.4539016 -0.8756036 0.1652022 -0.907426 0.4032159 0.1183004 -0.9074216 0.4032273 0.1182955 -0.9074216 0.4032267 0.1182981 -0.9074376 0.4031871 0.1183097 0.4526456 0.8721361 -0.185717 0.4525994 0.8721631 -0.1857023 0.4526101 0.872157 -0.1857048 0.452643 0.8721373 -0.1857172 0.9053931 -0.3996972 -0.1431975 0.9053962 -0.3996887 -0.1432017 0.9053937 -0.3996948 -0.1432011 0.9053995 -0.3996822 -0.1431998 -0.6100324 -0.3056865 -0.7310379 -0.6100279 -0.3057065 -0.7310332 -0.6100136 -0.3057787 -0.731015 -0.6100257 -0.3057151 -0.7310315 1.28712e-6 0 1 -0.5244047 -0.4256907 -0.7374193 -0.5244061 -0.4257212 -0.7374006 -0.5244066 -0.4257273 -0.7373968 -0.5244079 -0.4257079 -0.737407 -0.3428473 -0.03896278 -0.9385828 -0.3428167 -0.03896492 -0.9385939 -0.3428115 -0.03893738 -0.938597 -0.3428288 -0.03895807 -0.9385898 0.8902991 -0.434418 0.1365597 0.8901808 -0.4346491 0.1365957 -0.536621 -0.1556914 -0.8293361 -0.5366227 -0.1557256 -0.8293285 -0.5366203 -0.1556879 -0.829337 -0.5366204 -0.1556992 -0.8293349 -0.2557194 -0.1954412 -0.9467895 -0.2556865 -0.1955109 -0.946784 -0.2556827 -0.1955236 -0.9467824 -0.2557183 -0.1954863 -0.9467806 0.4515116 0.8595198 -0.239506 0.4515311 0.85951 -0.2395046 0.4515253 0.8595128 -0.2395048 0.4514975 0.8595268 -0.2395074 0.5170103 0.3938005 0.7600141 0.5170058 0.3938224 0.760006 0.5170026 0.3938376 0.7600003 0.5170124 0.393781 0.7600229 0.4795037 -0.05895495 0.8755573 0.4794822 -0.05893146 0.8755707 0.479501 -0.05892634 0.8755607 0.4794647 -0.05891185 0.8755815 -0.8862318 0.4362182 -0.1559063 -0.8862294 0.4362227 -0.1559081 -0.8862129 0.4362522 -0.1559193 -0.8862414 0.4362012 -0.1558997 0.5087217 0.1646867 0.8450329 0.5087192 0.1646961 0.8450326 0.5087207 0.164734 0.8450242 0.5087153 0.1647028 0.8450336 0.3033237 0.3332821 0.8927026 0.3032842 0.333328 0.8926989 0.3032796 0.3333159 0.892705 0.3033433 0.3332521 0.8927071 -0.4531924 -0.8630469 0.2230845 -0.4531961 -0.8630455 0.2230826 -0.453177 -0.863054 0.2230881 -0.4531573 -0.8630628 0.2230948 -0.3700206 0.9089232 0.1922069 -0.3700084 0.9089284 0.1922055 -0.3700439 0.908913 0.1922101 -0.3700136 0.9089263 0.1922062 0.9248661 0.378056 0.04119032 0.9248619 0.378066 0.04119122 0.9249176 0.3779357 0.04113358 0.924811 0.3781861 0.04123073 0.3709053 -0.911296 -0.1787986 0.3709439 -0.9112818 -0.178791 0.3709476 -0.9112804 -0.1787902 0.3708695 -0.9113092 -0.1788058 -0.925378 -0.3781596 -0.02590066 -0.9252837 -0.3783897 -0.02591007 -0.925333 -0.3782696 -0.02590405 -0.9254235 -0.3780487 -0.02589851 2.40859e-5 0 -1 1.16029e-6 0 1 -0.9176623 -0.373893 -0.1345366 -0.9175164 -0.3742713 -0.13448 -0.9175163 -0.3742713 -0.1344798 -0.9175164 -0.3742713 -0.1344799 -0.9208804 -0.3783674 -0.09390026 -0.9208724 -0.3783881 -0.0938971 -0.9208318 -0.3784908 -0.09387993 -0.9208781 -0.3783736 -0.0938996 -0.9048984 -0.3705472 0.2094129 -0.9049103 -0.3705217 0.2094063 -0.904908 -0.3705269 0.209407 -0.9049041 -0.3705347 0.2094101 0.3797792 -0.9227209 0.06598621 0.3795604 -0.9228104 0.06599223 0.3795604 -0.9228104 0.06599223 0.3795604 -0.9228104 0.06599217 0.3896827 -0.9199168 0.04359757 0.3897005 -0.919909 0.04360014 0.3896828 -0.9199167 0.04359728 0.3897193 -0.919901 0.04360252 0.3814816 -0.9243723 -0.002799272 0.3815103 -0.9243605 -0.002801477 0.3814804 -0.9243727 -0.00279963 0.381502 -0.9243639 -0.002801239 0.9232802 0.3761308 0.07796996 0.9231732 0.3763877 0.0779978 0.9231733 0.3763877 0.07799786 0.9231733 0.3763877 0.07799762 0.9244463 0.3794839 0.03729766 0.924456 0.3794602 0.03729701 0.9244595 0.3794521 0.03729653 0.9244425 0.3794932 0.03729766 0.8907895 0.364618 -0.2711972 0.8907938 0.3646073 -0.2711977 0.8908899 0.3643397 -0.2712414 0.8908233 0.3645292 -0.2712059 -0.3772544 0.9179503 -0.1226637 -0.3772544 0.9179503 -0.1226637 -0.3772544 0.9179503 -0.1226637 -0.3775449 0.9178264 -0.1226975 -0.3775449 0.9178264 -0.1226976 -0.3775449 0.9178264 -0.1226974 -0.3922049 0.9144151 -0.1001017 -0.3922152 0.9144108 -0.1001018 -0.3922236 0.9144071 -0.1001012 -0.3921856 0.9144233 -0.1001025 -0.3832307 0.9214057 -0.0643897 -0.3831862 0.9214227 -0.06440991 -0.3832116 0.9214128 -0.0643993 -0.3832219 0.9214091 -0.0643934 -0.3818829 0.9227239 -0.0524044 -0.3818956 0.9227187 -0.05240249 -0.381905 0.9227148 -0.05240118 -0.38191 0.9227129 -0.05240005 0.9218455 0.3874889 -0.007297873 0.9218624 0.3874488 -0.007303357 0.9218478 0.3874835 -0.007299721 0.9218379 0.3875072 -0.007296323 0.3820391 -0.9236022 0.03170531 0.3819912 -0.9236223 0.03169763 0.3820025 -0.9236176 0.03169983 0.382031 -0.9236056 0.0317043 -0.9216912 -0.3878156 -0.009196639 -0.9217069 -0.3877779 -0.009204566 -0.9217031 -0.387787 -0.009203016 -0.9216929 -0.3878117 -0.009197115 -0.01603865 0.006668984 -0.9998492 -0.01619315 0.006739735 -0.9998462 -5.34807e-7 0 1 -0.5298923 -0.5586152 -0.6380934 -0.5298512 -0.5586944 -0.6380583 -0.529867 -0.5586765 -0.6380608 -0.529897 -0.5586162 -0.6380887 -0.884036 -0.4356869 -0.169285 -0.8840669 -0.4356093 -0.169323 -0.8840599 -0.4356294 -0.1693081 -0.8840419 -0.4356757 -0.1692822 -0.8430278 -0.3596913 0.3999078 -0.8430212 -0.3597055 0.3999091 -0.8430241 -0.3596984 0.3999094 -0.8430289 -0.3596879 0.399909 0.01201933 -0.9401831 -0.3404576 0.01199752 -0.9401729 -0.3404867 0.01199722 -0.9401723 -0.340488 0.01201677 -0.9401678 -0.3404999 0.2401932 -0.9372358 0.2527775 0.2402591 -0.9372078 0.2528185 0.2402275 -0.9372179 0.2528108 0.2401878 -0.9372286 0.2528092 0.3788778 -0.9184859 -0.1132929 0.3789046 -0.9184738 -0.1133017 0.3788783 -0.9184857 -0.1132932 0.3788533 -0.9184972 -0.1132846 0.5786318 0.5644534 0.5887085 0.5785877 0.5645102 0.5886974 0.5785789 0.5645228 0.5886939 0.5786244 0.5644721 0.5886977 0.8936331 0.4380356 0.09769707 0.8936702 0.4379576 0.09770882 0.8936613 0.4379779 0.09769839 0.8935058 0.438156 0.09832119 0.8308239 0.3555988 -0.4281134 0.8308163 0.3556246 -0.4281069 0.8308167 0.3556222 -0.428108 0.8308193 0.3556141 -0.4281097 -0.02400863 0.9558146 0.2929881 -0.023974 0.9558058 0.2930198 -0.02398771 0.9558098 0.2930057 -0.02402609 0.955801 0.2930313 -0.2313509 0.9152973 -0.3297086 -0.2314239 0.9152798 -0.3297059 -0.2314085 0.9152874 -0.3296952 -0.2313596 0.9153046 -0.329682 -0.3768183 0.9228079 0.08021003 -0.3768174 0.9228084 0.08020907 -0.3768109 0.9228113 0.08020532 -0.3768154 0.9228093 0.08020764 0.6156986 0.7726293 0.1547874 0.6156556 0.7726626 0.1547925 0.6156429 0.7726725 0.154794 0.6156902 0.772636 0.1547883 0.7826919 -0.6220409 0.02141219 0.7826982 -0.6220332 0.02141219 0.7826918 -0.6220411 0.02140933 0.7826207 -0.6221317 0.02137571 -0.6140492 -0.7705185 -0.1710119 -0.6140152 -0.7705469 -0.1710054 -0.6140177 -0.770545 -0.1710058 -0.6140212 -0.7705419 -0.1710068 -0.7821568 0.621959 -0.03738766 -0.7823173 0.6217564 -0.03740072 -0.7824086 0.6216412 -0.03740429 -0.78227 0.621816 -0.0373978 2.97814e-5 0 -1 -2.9785e-5 0 -1 -0.774946 0.6175424 -0.1345368 -0.7751291 0.6173198 -0.1345043 -0.775129 0.6173197 -0.1345044 -0.775129 0.6173198 -0.1345043 -0.7799761 0.6188149 -0.09330326 -0.7800068 0.6187772 -0.09329611 -0.7799782 0.6188126 -0.09330213 -0.7799375 0.6188623 -0.0933119 -0.7626159 0.6055614 0.2274034 -0.7625928 0.6055926 0.2273977 -0.7625268 0.6056837 0.2273769 -0.7625784 0.6056122 0.2273944 -0.6190596 -0.782567 0.06598752 -0.6192736 -0.7824048 0.06590181 -0.6192736 -0.7824048 0.06590187 -0.6192736 -0.7824048 0.06590175 -0.6107736 -0.7905876 0.04389989 -0.6107652 -0.7905939 0.04390227 -0.6107731 -0.7905878 0.04390066 -0.6107972 -0.7905694 0.04389643 -0.6175134 -0.7864077 0.01550072 -0.6175189 -0.7864034 0.01550143 -0.6175127 -0.7864083 0.01550036 -0.6175089 -0.7864112 0.01550072 0.7796621 -0.6213274 0.0779708 0.7798373 -0.6211038 0.07800078 0.7798372 -0.6211038 0.0780009 0.7798373 -0.6211038 0.0780009 0.7828714 -0.6211355 0.03610044 0.7828952 -0.6211056 0.03609973 0.7828993 -0.6211003 0.03609997 0.7828996 -0.6211 0.03609991 0.7574791 -0.6012924 -0.2543088 0.7574343 -0.6013457 -0.254316 0.757444 -0.6013342 -0.2543147 0.757427 -0.6013545 -0.2543172 0.6157482 0.7783268 -0.1227259 0.6159437 0.7781765 -0.1226984 0.6159436 0.7781764 -0.1226983 0.6159436 0.7781764 -0.1226984 0.6086771 0.7871676 -0.09939581 0.6086546 0.787185 -0.09939581 0.6086568 0.7871833 -0.09939581 0.6086765 0.7871679 -0.09939664 0.6170994 0.7855625 -0.04560685 0.6170893 0.7855707 -0.0456025 0.617077 0.7855807 -0.04559665 0.6170672 0.7855887 -0.04559057 0.6181647 0.7847135 -0.04579496 0.6181942 0.78469 -0.04579973 0.6181833 0.7846987 -0.04579788 0.6181827 0.7846993 -0.04579776 0.7888461 -0.6145576 -0.006399631 0.7888437 -0.6145606 -0.006399929 0.7888286 -0.61458 -0.006402611 0.788834 -0.6145731 -0.006401002 -0.6188079 -0.7850537 0.02770477 -0.6188299 -0.7850365 0.02770107 -0.6188485 -0.785022 0.0276978 -0.618813 -0.7850497 0.027704 -0.7890989 0.6142141 -0.008002221 -0.7890995 0.6142134 -0.0080024 -0.789108 0.6142023 -0.008000195 -0.7891077 0.6142028 -0.00799942 -0.001995265 0.01761257 -0.999843 -0.001995265 0.01761257 -0.999843 -0.001995265 0.01761257 -0.999843 -0.002043843 0.01743686 -0.9998459 -0.7463911 0.1889519 -0.6381204 -0.7464246 0.1888792 -0.6381027 -0.7464119 0.1888989 -0.6381117 -0.7463948 0.1889571 -0.6381145 -0.8124224 0.5579574 -0.1692733 -0.8123804 0.5580087 -0.1693063 -0.8123958 0.5579881 -0.1693002 -0.8124169 0.5579665 -0.1692699 -0.7260715 0.5593851 0.3998857 -0.7260816 0.5593718 0.3998861 -0.7260765 0.5593777 0.3998868 -0.7260691 0.5593878 0.3998861 -0.8141046 -0.4704237 -0.3404926 -0.8141154 -0.4703899 -0.3405137 -0.8141164 -0.4703891 -0.3405127 -0.8140914 -0.4704242 -0.3405237 -0.7000268 -0.6678861 0.252766 -0.6999691 -0.6679243 0.252825 -0.6999931 -0.6679088 0.2527994 -0.7000239 -0.6678775 0.2527967 -0.6158055 -0.7797092 -0.1133017 -0.6157894 -0.779721 -0.1133074 -0.6157749 -0.7797318 -0.1133124 -0.6158266 -0.7796937 -0.1132934 0.7753567 -0.2286442 0.5886798 0.7753695 -0.2285834 0.5886864 0.7753757 -0.2285701 0.5886836 0.7753738 -0.2286319 0.5886621 0.8191214 -0.5652422 0.09768116 0.8190696 -0.5653117 0.09771168 0.8190825 -0.5652961 0.09769558 0.8191671 -0.565062 0.09833735 0.7165227 -0.5507334 -0.4281215 0.7165405 -0.5507145 -0.428116 0.716539 -0.5507161 -0.4281165 0.7165338 -0.5507217 -0.428118 0.8219615 0.488412 0.2929727 0.8219828 0.4883533 0.2930108 0.821978 0.4883671 0.2930014 0.8219732 0.4884013 0.292958 0.6851514 0.6495035 -0.3297163 0.6850988 0.6495528 -0.3297286 0.685114 0.6495454 -0.3297114 0.685153 0.6495156 -0.3296893 0.6206231 0.779998 0.08018898 0.6205926 0.7800199 0.08021175 0.620598 0.780016 0.08020782 0.6206254 0.7799963 0.08018666 0.7701027 -0.6112226 0.1826167 0.7700704 -0.6112638 0.1826151 -0.6187335 -0.7794301 0.09827375 -0.6186826 -0.7794681 0.09829199 -0.7677385 0.6093482 -0.1981723 -0.7677089 0.6093824 -0.1981827 0.6176569 0.7780758 -0.1144468 0.6176071 0.7781146 -0.1144518 3.10655e-5 0 -1 -1.49569e-6 0 1 0.6171987 0.7753649 -0.1336979 0.6169818 0.7755378 -0.1336963 0.6169818 0.7755378 -0.1336964 0.6169818 0.7755378 -0.1336963 0.6176979 0.7789519 0.108089 0.6177152 0.7789384 0.108088 0.6175264 0.7790833 0.1081231 0.6176755 0.7789688 0.1080955 0.6184505 0.7802053 0.09380143 0.6184315 0.7802196 0.09380829 0.6185114 0.7801583 0.09379154 0.6185157 0.7801547 0.09379357 -0.7823933 0.619353 0.06528985 -0.7823933 0.619353 0.06528991 -0.7824066 0.6193351 0.06529885 -0.7824068 0.6193351 0.06529879 -0.7824068 0.6193351 0.06529891 -0.7796052 0.6193568 0.09280651 -0.7796142 0.6193457 0.09280455 -0.7796671 0.6192796 0.0928018 -0.779662 0.6192862 0.09280031 -0.7830356 0.6219749 -0.001581311 -0.7830357 0.6219749 -0.001581311 -0.7830356 0.6219749 -0.001581311 -0.782876 0.6221759 -0.001600027 -0.782876 0.6221759 -0.001600027 -0.782876 0.6221759 -0.001600027 -0.6209862 -0.7800182 0.07712179 -0.620771 -0.7801919 0.07709747 -0.620771 -0.780192 0.07709759 -0.620771 -0.7801919 0.07709753 -0.6122267 -0.7720807 -0.170499 -0.6121029 -0.7721772 -0.1705064 -0.6120182 -0.7722432 -0.1705118 -0.6122215 -0.7720848 -0.1704992 -0.6169099 -0.7781682 -0.1177984 -0.6169209 -0.7781584 -0.1178058 -0.6169247 -0.7781551 -0.1178074 -0.6168987 -0.7781772 -0.1177982 0.778359 -0.6158214 -0.1221528 0.7782077 -0.6160226 -0.122102 0.7782078 -0.6160226 -0.1221021 0.7782078 -0.6160227 -0.122102 0.7735192 -0.6144006 -0.1554995 0.7734541 -0.6144779 -0.1555173 0.7734531 -0.6144794 -0.1555172 0.7735307 -0.6143872 -0.1554953 0.782756 -0.6219046 -0.02297455 0.7827431 -0.6219207 -0.02298015 0.7827732 -0.621883 -0.02296978 0.7825689 -0.6221376 -0.02304285 0.9026449 0.3698179 0.220152 0.90266 0.369781 0.2201524 0.3763458 -0.9187874 0.1191377 0.3763985 -0.9187629 0.1191591 -0.8986268 -0.3681745 -0.2385739 -0.8986424 -0.3681275 -0.2385877 -0.3753866 0.9164425 -0.1386298 -0.3754291 0.9164243 -0.1386347 2.51231e-5 0 -1 -1.81416e-6 0 1 -0.3744323 0.917565 -0.133698 -0.3745083 0.9175315 -0.1337147 -0.3745083 0.9175314 -0.1337146 -0.3745083 0.9175315 -0.1337146 -0.3772698 0.9197738 0.1080917 -0.3773126 0.9197553 0.1081002 -0.3773142 0.9197546 0.1081002 -0.3772546 0.9197804 0.108088 -0.3781034 0.9209983 0.09380835 -0.3780319 0.9210281 0.09380388 -0.3775046 0.9212538 0.09371107 -0.3781159 0.920993 0.09381031 -0.9228848 -0.3795046 0.06526798 -0.9228529 -0.3795775 0.06529617 -0.9228528 -0.3795775 0.06529641 -0.9228528 -0.3795775 0.06529629 -0.9215084 -0.377108 0.09280073 -0.9215063 -0.377113 0.09280061 -0.9214923 -0.3771474 0.09279936 -0.9215101 -0.3771036 0.09280085 -0.9256576 -0.3783588 -0.001593291 -0.9255459 -0.3786323 -0.001590311 -0.9253972 -0.3789955 -0.001558959 -0.925697 -0.3782626 -0.001590669 0.3767675 -0.9230937 0.07709985 0.3769448 -0.9230231 0.07707864 0.3766458 -0.9231418 0.07711875 0.3768243 -0.9230707 0.07709717 0.3739963 -0.9116225 -0.1705029 0.3739508 -0.9116416 -0.1705005 0.3740503 -0.9115999 -0.1705055 0.3740032 -0.9116196 -0.1705031 0.3770018 -0.918691 -0.1177989 0.3770698 -0.9186651 -0.1177837 0.3768461 -0.9187504 -0.1178337 0.3771044 -0.9186495 -0.1177947 0.9179638 0.3774117 -0.122078 0.9179638 0.3774116 -0.1220779 0.9179638 0.3774117 -0.1220779 0.9179045 0.3775475 -0.1221041 0.9179045 0.3775475 -0.1221041 0.9179045 0.3775475 -0.1221041 0.9142069 0.3742281 -0.1554967 0.9142305 0.374165 -0.1555095 0.9141972 0.3742523 -0.155495 0.9142004 0.3742455 -0.1554921 0.925363 0.3783835 -0.02301079 0.9252969 0.3785474 -0.02297317 0.9252789 0.3785916 -0.02296417 0.9254049 0.378279 -0.02303773 -0.984204 -0.03370231 0.1738009 -0.9842039 -0.03369849 0.1738017 -0.9842039 -0.03370654 0.173801 -0.9842046 -0.03368318 0.1738008 -0.04041469 0.9780738 0.2043001 -0.04041111 0.9780741 0.2042989 -0.04041868 0.978073 0.2043025 -0.04037123 0.9780787 0.2042852 0.9805623 0.03307884 -0.1933999 0.980563 0.03309798 -0.1933932 0.9805632 0.03310477 -0.1933906 0.9805622 0.03308737 -0.1933989 0.0392813 -0.9718762 -0.2321937 0.03930664 -0.9718751 -0.2321935 0.03933227 -0.9718739 -0.2321943 0.03928685 -0.9718759 -0.2321938 0.5238816 -0.3541948 -0.7746575 0.5238565 -0.3542076 -0.7746686 0.5239274 -0.3541424 -0.7746504 0.5238433 -0.3542218 -0.774671 -4.82712e-7 0 1 0.5239038 -0.6009945 -0.6035979 0.5239334 -0.6009747 -0.6035919 0.5239166 -0.6009863 -0.6035951 0.5238888 -0.6010059 -0.6035997 0.1769444 -0.2624202 -0.9485918 0.1768612 -0.2624495 -0.9485992 0.1768589 -0.2624264 -0.9486061 0.1769107 -0.2624316 -0.9485949 0.04949045 -0.9932614 0.1047976 0.04947072 -0.9932619 0.1048017 0.04947364 -0.9932619 0.1048008 0.04949194 -0.9932615 0.1047963 0.9043548 -0.05273896 -0.4235106 0.9043691 -0.05269593 -0.4234851 0.9043753 -0.05267691 -0.4234743 0.9043607 -0.05272614 -0.4234997 0.2769997 -0.009611248 -0.9608219 0.2770054 -0.009598314 -0.9608204 0.277017 -0.00958389 -0.9608173 0.2770013 -0.009605646 -0.9608216 0.913711 0.0213204 -0.405805 0.913711 0.02129906 -0.405806 0.9137114 0.02130508 -0.4058049 0.913712 0.02131474 -0.4058033 -0.4983263 0.6793076 0.5387133 -0.4983422 0.6792939 0.5387161 -0.4983208 0.6793106 0.5387148 -0.498297 0.6793302 0.538712 -0.1802547 0.3616447 0.9147248 -0.1803007 0.3616567 0.914711 -0.1802934 0.3616647 0.9147092 -0.1802697 0.3616353 0.9147256 -0.05042517 0.9882494 -0.1442931 -0.050399 0.9882484 -0.1443094 -0.05042231 0.9882494 -0.1442944 -0.05040937 0.9882487 -0.1443029 -0.9368667 0.03993093 0.3473995 -0.9368788 0.03986537 0.3473746 -0.936871 0.03990101 0.3473914 -0.9368617 0.03994381 0.3474116 -0.3909097 0.001999557 0.9204269 -0.3909116 0.001998126 0.9204261 -0.3909142 0.001986443 0.920425 -0.3909078 0.00201255 0.9204276 -0.9313317 -0.02341473 0.3634188 -0.9313322 -0.02341747 0.363417 -0.931334 -0.02340036 0.3634136 -0.9313319 -0.02341133 0.3634183 0.2667842 0.9494925 0.1651982 0.2667975 0.9494886 0.1651986 0.2667766 0.9494946 0.1651982 0.2668022 0.9494871 0.1651993 0.9703732 -0.2106664 0.118303 0.9703708 -0.2106799 0.1182987 0.9703633 -0.2107233 0.1182835 0.9703707 -0.210681 0.1182978 -0.2663252 -0.9458237 -0.1857109 -0.2663215 -0.9458254 -0.1857073 -0.2662881 -0.9458361 -0.1857004 -0.2663221 -0.9458244 -0.1857114 -0.9676589 0.2076826 -0.1431925 -0.9676504 0.2077208 -0.1431948 -0.9676588 0.2076804 -0.1431966 -0.9676625 0.2076667 -0.1431926 0.5353361 0.4231157 -0.7310187 0.5352981 0.4231995 -0.7309981 0.5352947 0.4232085 -0.7309954 0.5352928 0.4232118 -0.7309949 -1.6089e-6 0 1 1.28686e-6 0 1 0.4270977 0.5232841 -0.7374018 0.4270953 0.5233046 -0.7373886 0.4270941 0.5233107 -0.7373851 0.4270933 0.5233029 -0.7373909 0.3278329 0.1076738 -0.9385798 0.3278008 0.1076688 -0.9385916 0.3278138 0.1076481 -0.9385895 0.3278164 0.1076647 -0.9385865 -0.9598319 0.2450571 0.136637 -0.959832 0.2450571 0.136637 -0.959832 0.2450571 0.136637 -0.9598542 0.2449932 0.1365956 0.4938949 0.261416 -0.8292946 0.4938967 0.2614122 -0.8292948 0.4939027 0.2613744 -0.8293032 0.4939012 0.2613762 -0.8293034 0.2108128 0.2432436 -0.946779 0.2107745 0.243312 -0.94677 0.2107759 0.2433269 -0.9467659 0.2108333 0.2432534 -0.946772 -0.2676801 -0.9332693 -0.2394905 -0.2677001 -0.9332637 -0.2394906 -0.2676939 -0.9332652 -0.2394914 -0.2676652 -0.9332733 -0.2394921 -0.4264085 -0.4904777 0.760005 -0.4264004 -0.4904939 0.7599989 -0.4264114 -0.490467 0.7600102 -0.426397 -0.4905013 0.7599962 -0.4813919 -0.0395075 0.8756147 -0.4814445 -0.039559 0.8755835 -0.4814095 -0.03957688 0.8756018 -0.4813612 -0.03955715 0.8756293 0.9563195 -0.2472848 -0.1558951 0.956304 -0.2473338 -0.1559123 0.9563076 -0.2473226 -0.1559086 0.9563254 -0.247266 -0.1558886 -0.4647201 -0.2645018 0.8450291 -0.4647186 -0.2644912 0.8450333 -0.4647138 -0.2645284 0.8450242 -0.4647144 -0.2644692 0.8450424 -0.2294277 -0.3878589 0.8927085 -0.2293936 -0.3879122 0.8926942 -0.2293959 -0.3879033 0.8926973 -0.2294171 -0.3878665 0.892708 0.2685616 0.937071 0.2230979 0.2686124 0.9370596 0.2230848 0.2685917 0.9370645 0.223089 0.2685695 0.9370688 0.2230973 0.5467407 -0.8149413 0.1922123 0.5467298 -0.8149488 0.1922109 0.5467615 -0.8149265 0.1922156 0.5467343 -0.8149456 0.1922114 -0.8289221 -0.5578461 0.04118448 -0.8288645 -0.5579292 0.04121756 -0.8289451 -0.5578137 0.04115802 -0.8289464 -0.5578108 0.04117161 -0.5480905 0.8170855 -0.1787969 -0.5480462 0.8171132 -0.178806 -0.5480896 0.817086 -0.178797 -0.5480979 0.8170809 -0.1787952 0.8294023 0.5580511 -0.02589899 0.8294247 0.5580179 -0.02589535 0.8293367 0.5581485 -0.02590322 0.8294157 0.5580313 -0.02589845 -2.40854e-5 0 -1 1.16028e-6 0 1 0.8227113 0.5523102 -0.1345357 0.8225487 0.5525637 -0.1344885 0.8225488 0.5525636 -0.1344884 0.8225488 0.5525636 -0.1344885 0.824927 0.5573844 -0.09390497 0.8248649 0.5574793 -0.09388709 0.8248563 0.5574924 -0.09388417 0.8249493 0.5573505 -0.09391051 0.8108943 0.5464407 0.2094117 0.8109101 0.5464195 0.2094057 0.8109068 0.5464239 0.2094063 0.8109024 0.5464295 0.2094088 -0.5590972 0.8264722 0.06598526 -0.5589798 0.826549 0.06601732 -0.5589799 0.8265491 0.06601727 -0.5589798 0.826549 0.06601744 -0.5682251 0.8217172 0.04360222 -0.568241 0.8217059 0.04360562 -0.5681862 0.8217444 0.04359632 -0.5682188 0.8217216 0.04360109 -0.5610991 0.827744 -0.002802848 -0.5610855 0.8277531 -0.002800524 -0.5610588 0.8277714 -0.002798616 -0.5610778 0.8277584 -0.002799868 -0.8277595 -0.555639 0.07797127 -0.8275426 -0.5559592 0.07799202 -0.8275426 -0.5559592 0.07799208 -0.8275426 -0.5559592 0.07799214 -0.8282479 -0.559119 0.03730189 -0.8282632 -0.5590965 0.0373004 -0.8282681 -0.5590893 0.03729987 -0.8282423 -0.5591274 0.03730195 -0.7982807 -0.5377718 -0.2711998 -0.7983375 -0.5376816 -0.2712117 -0.7984364 -0.5375198 -0.2712413 -0.7983062 -0.5377319 -0.271204 0.5560463 -0.8220412 -0.1227228 0.555796 -0.8222138 -0.1227005 0.555796 -0.8222138 -0.1227006 0.555796 -0.8222138 -0.1227004 0.5695784 -0.8158189 -0.1001014 0.5696255 -0.8157861 -0.1001 0.5695938 -0.8158082 -0.1001 0.5696006 -0.8158035 -0.1000996 0.5622085 -0.824485 -0.06439203 0.5622078 -0.8244853 -0.06439369 0.5621932 -0.8244946 -0.06440126 0.5622004 -0.82449 -0.06439661 0.5611973 -0.8260216 -0.05240309 0.5611693 -0.8260402 -0.05240792 0.5612173 -0.8260083 -0.05239951 0.5612216 -0.8260054 -0.05239838 -0.82405 -0.5664703 -0.007299065 -0.8240488 -0.5664718 -0.007299304 -0.8240545 -0.5664635 -0.007299721 -0.8240388 -0.5664867 -0.0072968 -0.5614891 0.8268768 0.03169977 -0.5614864 0.8268787 0.03169924 -0.5614965 0.8268716 0.03170138 -0.5614817 0.8268819 0.03169864 0.8238327 0.5667586 -0.00919497 0.8238565 0.566724 -0.009203076 0.8238508 0.5667322 -0.009201049 0.8238351 0.5667552 -0.009195029 0.01704466 -0.003276169 -0.9998494 0.01726412 -0.003310859 -0.9998456 -1.06961e-6 0 1 -1.06962e-6 0 1 0.405526 0.6544886 -0.6381171 0.4054802 0.654532 -0.6381017 0.4055018 0.6545179 -0.6381025 0.4055277 0.6544893 -0.6381154 0.7772486 0.6059929 -0.1692851 0.7772707 0.6059603 -0.1692998 0.7772827 0.6059433 -0.1693058 0.7772316 0.6060202 -0.169265 0.7524888 0.5233011 0.3998959 0.7524791 0.5233142 0.3998969 0.7524836 0.5233078 0.399897 0.7524905 0.5232979 0.3998969 -0.2026022 0.9181839 -0.340427 -0.2025724 0.9181646 -0.340497 -0.2025706 0.9181646 -0.3404982 -0.2026228 0.9181591 -0.3404819 -0.4253581 0.8690087 0.2527734 -0.4254184 0.8689665 0.2528171 -0.4254357 0.8689617 0.2528046 -0.4253668 0.8690074 0.2527632 -0.5573575 0.8225078 -0.1132859 -0.5573807 0.8224908 -0.1132946 -0.5574318 0.8224537 -0.113313 -0.55741 0.8224695 -0.113305 -0.4520731 -0.6700943 0.5887305 -0.4519986 -0.6701471 0.5887277 -0.4519883 -0.6701582 0.5887228 -0.4520623 -0.6701095 0.5887216 -0.7861695 -0.6102394 0.09770089 -0.7862218 -0.6101707 0.09770995 -0.786209 -0.6101887 0.09769958 -0.7860199 -0.6103318 0.09832555 -0.7414006 -0.5167751 -0.4280989 -0.7413873 -0.5167998 -0.4280923 -0.7413883 -0.5167977 -0.428093 -0.7413925 -0.516789 -0.4280962 0.2174232 -0.9310716 0.2929728 0.217387 -0.9310743 0.2929908 0.2173609 -0.9310758 0.2930056 0.2174168 -0.9310731 0.2929723 0.4122513 -0.8493174 -0.3297104 0.4123196 -0.8492861 -0.3297057 0.4123063 -0.8492966 -0.329695 0.4122614 -0.8493227 -0.3296839 0.5561804 -0.8271835 0.08019369 0.5561777 -0.8271853 0.08019179 0.5561724 -0.8271894 0.08018791 0.5561779 -0.8271853 0.08019179 -0.4460855 -0.8815014 0.1548002 -0.4460797 -0.8815042 0.1548011 -0.4460651 -0.8815112 0.1548027 -0.4461188 -0.8814851 0.1547969 -0.8925825 0.4503772 0.02137684 -0.8927304 0.4500796 0.02146816 -0.8926228 0.4502962 0.02140396 -0.8926125 0.4503167 0.02139759 0.4449418 0.8790809 -0.1710075 0.4449019 0.8791026 -0.1710004 0.444863 0.8791234 -0.170994 0.4449099 0.8790981 -0.1710021 0.8920809 -0.4503263 -0.0373885 0.8921976 -0.4500944 -0.03740072 0.892199 -0.4500914 -0.0374006 0.8920768 -0.4503345 -0.03738826 -7.17447e-7 0 1 0.8841281 -0.4474573 -0.1345352 0.8843186 -0.4470964 -0.1344822 0.8843187 -0.4470965 -0.1344823 0.8893114 -0.447684 -0.09329742 0.8892884 -0.4477282 -0.09330403 0.8892894 -0.4477263 -0.09330379 0.889327 -0.447654 -0.09329229 0.8696408 -0.4381882 0.2274116 0.8696426 -0.4381838 0.2274135 0.869577 -0.4383291 0.2273842 0.8696343 -0.4382022 0.2274095 0.4474033 0.8918946 0.06598848 0.4475921 0.8918063 0.06590127 0.4475921 0.8918063 0.06590139 0.4475921 0.8918063 0.06590127 0.4377052 0.8980465 0.04389315 0.4376513 0.8980724 0.04390197 0.4376603 0.898068 0.04390108 0.4376894 0.8980541 0.04389637 0.4450658 0.8953638 0.01549834 0.4450727 0.8953604 0.01549941 0.4450657 0.8953639 0.01549762 0.4450609 0.8953663 0.01549726 -0.8896074 0.4500159 0.07800203 -0.8897188 0.4497905 0.07803183 -0.8895151 0.450204 0.07797026 -0.8896216 0.4499884 0.07799947 -0.8926554 0.4492921 0.03609848 -0.8926963 0.4492105 0.03610068 -0.8926564 0.4492902 0.03609806 -0.8926541 0.4492947 0.03609877 -0.8637064 0.4351416 -0.2542896 -0.8636728 0.4352043 -0.2542961 -0.8636345 0.4352748 -0.2543055 -0.8636906 0.4351711 -0.2542923 -0.4450228 -0.8870701 -0.122725 -0.445253 -0.8869589 -0.1226941 -0.445253 -0.8869589 -0.1226943 -0.445253 -0.886959 -0.122694 -0.4363054 -0.8942915 -0.09940052 -0.4362754 -0.8943063 -0.09939944 -0.436321 -0.894284 -0.09939944 -0.4363052 -0.8942916 -0.09940034 -0.4448285 -0.894454 -0.04560357 -0.4448195 -0.8944587 -0.04560011 -0.4448453 -0.8944453 -0.0456106 -0.4448314 -0.8944526 -0.04560434 -0.4462199 -0.8937506 -0.04580307 -0.4462112 -0.8937549 -0.04580271 -0.4461988 -0.8937612 -0.04580074 -0.4461552 -0.8937832 -0.04579436 -0.8971302 0.4417201 -0.006399989 -0.8971288 0.4417229 -0.006401002 -0.8971178 0.4417452 -0.006403565 -0.8971425 0.441695 -0.006397962 0.4466949 0.8942576 0.02769726 0.4467198 0.8942453 0.02769315 0.4466983 0.8942559 0.02769625 0.4466579 0.8942759 0.02770245 0.8972865 -0.4413763 -0.007997572 0.8972865 -0.4413763 -0.007997632 0.8972718 -0.4414062 -0.008003234 0.8972719 -0.4414057 -0.00800234 0.005511105 -0.01651632 -0.9998485 0.005496382 -0.01665025 -0.9998463 -1.32278e-6 0 1 1.32277e-6 0 1 0.7691918 -0.03354221 -0.6381371 0.7692244 -0.033454 -0.6381025 0.7692247 -0.03348124 -0.6381007 0.7691957 -0.03354334 -0.6381324 0.9087118 -0.3815693 -0.169257 0.9086813 -0.3816184 -0.169309 0.9086923 -0.3815969 -0.1692994 0.9087085 -0.3815699 -0.1692736 0.8244854 -0.4003872 0.3998923 0.8244923 -0.4003725 0.3998932 0.8244889 -0.4003795 0.3998929 0.8244839 -0.4003905 0.3998923 0.7017672 0.6257821 -0.3404697 0.7017709 0.6257705 -0.3404835 0.7017661 0.6257714 -0.3404916 0.7017568 0.625777 -0.3405004 0.5499166 0.7960497 0.2527776 0.5498483 0.7960895 0.2528011 0.5498372 0.7960955 0.2528062 0.5499114 0.7960567 0.2527672 0.4447991 0.8884341 -0.1133084 0.4448218 0.8884236 -0.1133009 0.4448056 0.8884311 -0.1133059 0.4447812 0.8884422 -0.113314 -0.8056121 0.06653261 0.5886957 -0.8056133 0.0664637 0.5887017 -0.8056033 0.06649434 0.5887121 -0.805593 0.06655704 0.5887191 -0.9167902 0.3872346 0.09769892 -0.9167716 0.3872793 0.09769666 -0.9167618 0.3873019 0.09769904 -0.9167976 0.3870587 0.09832465 -0.8133693 0.3939102 -0.4280949 -0.8133835 0.3938875 -0.4280889 -0.8133822 0.3938894 -0.4280894 -0.8133778 0.3938965 -0.4280913 -0.705761 -0.645017 0.2930093 -0.7058046 -0.6449711 0.2930054 -0.7057951 -0.6449849 0.2929981 -0.7057625 -0.6450147 0.293011 -0.5391557 -0.7749848 -0.3297115 -0.5390998 -0.7750262 -0.3297058 -0.539075 -0.7750435 -0.3297058 -0.5391551 -0.7749968 -0.3296843 -0.4494118 -0.8897175 0.08019953 -0.4494143 -0.8897162 0.08019852 -0.4494205 -0.8897135 0.08019447 -0.4494148 -0.8897162 0.08019763 -0.8780996 0.4422584 0.1826161 -0.8780776 0.4423024 0.1826156 0.4477182 0.8887581 0.09827369 0.4476639 0.8887832 0.09829264 0.8754054 -0.4409005 -0.1981722 0.8753818 -0.4409427 -0.1981824 -0.4469398 -0.8872129 -0.1144477 -0.446882 -0.8872414 -0.1144512 -1.55328e-5 0 -1 1.49568e-6 0 1 -0.4467383 -0.8846185 -0.1336982 -0.4467381 -0.8846184 -0.1336994 -0.4467382 -0.8846185 -0.1336982 -0.4467326 -0.884623 -0.1336867 -0.4467326 -0.8846231 -0.1336868 -0.4467326 -0.8846231 -0.1336868 -0.4468 -0.8880794 0.1080957 -0.4466975 -0.8881289 0.1081134 -0.4467819 -0.8880881 0.1080994 -0.4468164 -0.8880718 0.1080914 -0.4472028 -0.889499 0.09381514 -0.4473483 -0.8894276 0.09379899 -0.4473541 -0.8894247 0.0937975 -0.4472773 -0.8894623 0.09380859 0.8917247 -0.4478489 0.06525719 0.8917247 -0.4478489 0.06525713 0.8917247 -0.447849 0.06525719 0.8918075 -0.4476774 0.06530243 0.8918074 -0.4476774 0.06530249 0.8918074 -0.4476774 0.06530243 0.8890781 -0.4482516 0.09279388 0.8890187 -0.448368 0.09280043 0.8890572 -0.4482924 0.09279656 0.8890975 -0.4482135 0.09279114 0.8928326 -0.4503859 -0.001601159 0.8928803 -0.4502916 -0.001590907 0.8928416 -0.4503681 -0.001596331 0.8927858 -0.4504788 -0.001597285 0.4493708 0.8900144 0.07707393 0.4493708 0.8900144 0.07707399 0.4493708 0.8900144 0.07707399 0.4496593 0.8898662 0.07710254 0.4496593 0.8898661 0.07710266 0.4496593 0.8898662 0.0771026 0.4427438 0.8802892 -0.1704956 0.4428713 0.8802266 -0.1704884 0.4428606 0.8802319 -0.1704889 0.4427373 0.8802925 -0.1704959 0.4461904 0.887152 -0.1177946 0.4461231 0.8871876 -0.1177816 0.4461278 0.8871852 -0.1177816 0.4461774 0.8871586 -0.1177943 -0.8870215 0.4452908 -0.1221024 -0.8871203 0.4450806 -0.1221519 -0.8871149 0.4450913 -0.1221513 -0.8869929 0.4453484 -0.1221004 -0.8821136 0.4446359 -0.1554818 -0.8821086 0.4446439 -0.1554875 -0.8820854 0.4446868 -0.1554961 -0.8820998 0.444661 -0.1554887 -0.8925702 0.450321 -0.02300763 -0.8926059 0.4502514 -0.02299034 -0.8926063 0.4502505 -0.02299034 -0.8925617 0.4503379 -0.02301222 -0.8088335 -0.5452717 0.2201523 -0.8088583 -0.5452352 0.2201521 -0.5549378 0.8233166 0.1191379 -0.5549843 0.8232823 0.1191585 0.8052349 0.5428438 -0.2385737 0.8052586 0.5428026 -0.2385876 0.5535211 -0.8212165 -0.1386293 0.5535594 -0.8211898 -0.138634 -1.20944e-6 0 1 0.5528173 -0.8225073 -0.1336966 0.5530143 -0.8223754 -0.1336941 0.5530143 -0.8223753 -0.1336942 0.5530143 -0.8223754 -0.1336941 0.5560442 -0.8240948 0.1080858 0.55631 -0.8239087 0.1081382 0.5560785 -0.8240705 0.1080958 0.5560693 -0.8240771 0.1080929 0.5572208 -0.8250466 0.09382426 0.5568855 -0.8252784 0.09377729 0.5569583 -0.8252276 0.09379136 0.5569565 -0.8252286 0.09379488 0.8265001 0.5591273 0.06537955 0.8266543 0.5589084 0.06530058 0.8266543 0.5589084 0.06530058 0.8266543 0.5589084 0.0653004 0.8258229 0.5562414 0.0928024 0.8258241 0.5562393 0.09280318 0.8257767 0.5563102 0.09280067 0.8258516 0.5561982 0.09280592 0.8296374 0.5583003 -0.001593112 0.829471 0.5585476 -0.00159043 0.8292519 0.5588729 -0.001558423 0.8295887 0.5583729 -0.001597464 -0.5561051 0.8275263 0.07711887 -0.5563619 0.8273558 0.07709628 -0.5563619 0.8273558 0.07709616 -0.5563619 0.8273558 0.07709616 -0.5511837 0.8167789 -0.1704953 -0.5512232 0.8167518 -0.1704979 -0.5511543 0.8167993 -0.1704933 -0.5511108 0.8168288 -0.1704921 -0.5556412 0.8230354 -0.1177947 -0.555622 0.8230495 -0.1177874 -0.555539 0.8231028 -0.1178072 -0.5555739 0.8230805 -0.1177967 -0.8221018 -0.5560818 -0.1221545 -0.8222693 -0.5558461 -0.1221003 -0.8222692 -0.5558461 -0.1221002 -0.8222693 -0.5558461 -0.1221001 -0.819287 -0.5518964 -0.1554969 -0.8194001 -0.5517182 -0.155533 -0.8192994 -0.5518768 -0.155501 -0.8192771 -0.5519124 -0.1554924 -0.8292908 -0.5583443 -0.02299034 -0.8292449 -0.5584131 -0.02297461 -0.829036 -0.5587263 -0.02289843 -0.8294047 -0.5581729 -0.0230394 0.9568949 0.2326932 0.1737992 0.9568954 0.2326903 0.1737998 0.9568936 0.2326981 0.1737993 0.9568992 0.2326745 0.1738007 0.2379751 -0.9495429 0.2042939 0.2380131 -0.9495301 0.2043094 0.2380208 -0.9495276 0.2043123 0.237977 -0.9495425 0.204294 -0.953446 -0.2313907 -0.1933885 -0.9534432 -0.2314085 -0.1933808 -0.9534496 -0.2313709 -0.1933945 -0.9534446 -0.2313987 -0.1933858 -0.2356557 0.9436905 -0.2321951 -0.2357262 0.9436728 -0.2321956 -0.2357048 0.9436783 -0.2321953 -0.2357077 0.9436774 -0.2321957 -0.5848534 0.2405366 -0.7746539 -0.5848675 0.2404887 -0.7746582 -0.5848864 0.2404765 -0.7746477 -0.5848308 0.2405541 -0.7746655 -2.57497e-6 0 1 -0.6349685 0.4821889 -0.6035801 -0.6349797 0.4821781 -0.6035769 -0.6349983 0.4821589 -0.6035727 -0.6349549 0.4822042 -0.6035822 -0.2264004 0.2210182 -0.9486274 -0.2263833 0.2210314 -0.9486283 -0.2263604 0.2210553 -0.9486282 -0.2264146 0.2210021 -0.9486277 -0.2500391 0.9625474 0.1048005 -0.2500212 0.9625515 0.1048042 -0.250024 0.9625509 0.1048036 -0.2499948 0.9625579 0.1048095 -0.8962303 -0.1318761 -0.4235329 -0.8962343 -0.1319108 -0.4235136 -0.8962354 -0.131932 -0.4235048 -0.8962324 -0.1318482 -0.423537 -0.2732007 -0.04678678 -0.9608186 -0.2732051 -0.04679977 -0.9608168 -0.2732118 -0.04681676 -0.9608141 -0.2732021 -0.0467922 -0.9608179 -0.890376 -0.2063137 -0.4057898 -0.89038 -0.2062934 -0.4057915 -0.8903793 -0.2062994 -0.4057897 -0.8903774 -0.2063079 -0.4057895 0.6257863 -0.5640963 0.53869 0.625788 -0.5640935 0.5386909 0.6258015 -0.5640769 0.5386926 0.6257936 -0.5640856 0.5386928 0.249883 -0.3175474 0.9147252 0.2499022 -0.3175371 0.9147235 0.2499237 -0.3175463 0.9147145 0.249897 -0.3175371 0.914725 0.2498936 -0.9574619 -0.1442918 0.2498646 -0.9574665 -0.1443108 0.2498883 -0.9574626 -0.1442958 0.249879 -0.9574642 -0.1443017 0.9254884 0.1509298 0.3474068 0.9254827 0.1510068 0.3473884 0.9254822 0.1510145 0.3473866 0.9254941 0.1509508 0.3473825 0.3832041 0.07740134 0.920415 0.3832072 0.07740318 0.9204135 0.3832062 0.07741516 0.920413 0.3831996 0.07738894 0.920418 0.9072141 0.2118973 0.3634039 0.9072133 0.2119013 0.3634031 0.9072188 0.211885 0.3633989 0.907215 0.2118936 0.3634037 0.1873638 -0.9682667 0.1653918 0.1874154 -0.9682564 0.1653939 0.1873846 -0.9682626 0.1653928 0.1873866 -0.968262 0.1653938 -0.9617767 -0.2469136 0.1184031 -0.96178 -0.2469028 0.1183984 -0.9617881 -0.2468748 0.1183917 -0.9617739 -0.2469238 0.1184042 -0.1861835 0.9647458 -0.1860143 -0.186208 0.9647425 -0.1860071 -0.1862351 0.9647386 -0.1859995 -0.1861776 0.9647464 -0.186017 0.9579852 0.2483967 -0.1433993 0.9579828 0.2484073 -0.1433969 0.9579934 0.2483671 -0.1433961 0.9579781 0.2484259 -0.1433973 -0.2886375 -0.6182921 -0.731029 -0.2886211 -0.6183056 -0.731024 -0.2886011 -0.6183226 -0.7310176 -0.2886152 -0.6183101 -0.7310226 -3.66799e-7 0 1 -0.1470032 -0.6592764 -0.7373905 -0.1470021 -0.6592776 -0.7373897 -0.1469991 -0.6592826 -0.7373858 -0.146994 -0.6592912 -0.7373791 -0.2446445 -0.243273 -0.9385986 -0.2446218 -0.2432568 -0.9386088 -0.2446484 -0.2432521 -0.938603 -0.2446568 -0.2432971 -0.9385892 0.9677227 0.2118114 0.13656 0.9677729 0.2115599 0.136595 -0.3242089 -0.4551032 -0.8293188 -0.3242202 -0.4550901 -0.8293216 -0.3241872 -0.4551356 -0.8293095 -0.3242046 -0.4551102 -0.8293166 -0.07920944 -0.311968 -0.946785 -0.07914131 -0.3120094 -0.9467771 -0.07917797 -0.3120035 -0.9467759 -0.07923591 -0.3120015 -0.9467718 -0.1794042 0.9541788 -0.2394932 -0.1793839 0.9541824 -0.2394942 -0.17939 0.9541806 -0.2394966 -0.1794192 0.9541756 -0.2394949 0.1611207 0.629601 0.7600282 0.1611211 0.6296014 0.7600278 0.1611089 0.6296119 0.7600216 0.1610996 0.62962 0.7600169 0.4125292 0.251226 0.8756171 0.4125469 0.2512717 0.8755957 0.4125586 0.251281 0.8755874 0.4124831 0.2512565 0.87563 -0.9656522 -0.2078753 -0.1558965 -0.9656462 -0.2079132 -0.1558838 -0.9656441 -0.2079251 -0.1558803 -0.9656491 -0.2078949 -0.1558898 0.2967336 0.4447948 0.8450485 0.2967123 0.4448267 0.8450391 0.296716 0.4448187 0.8450419 0.296719 0.4448028 0.8450494 0.0311436 0.4495766 0.8926988 0.03108763 0.4496015 0.8926881 0.03109192 0.4495876 0.892695 0.03113436 0.4495943 0.8926902 0.1802218 -0.9579896 0.2231053 0.1801726 -0.9580021 0.2230919 0.1801931 -0.9579972 0.2230962 0.1802141 -0.9579915 0.2231037 -0.8541525 0.4831163 0.1924118 -0.8541468 0.4831269 0.1924107 -0.8541646 0.4830934 0.1924155 -0.8541485 0.4831237 0.1924108 0.4906606 0.8703727 0.04127633 0.4904155 0.8705062 0.0413711 0.4905431 0.8704367 0.04132246 0.4906979 0.8703523 0.04126143 0.8563201 -0.4844295 -0.179009 0.8563174 -0.4844341 -0.1790094 0.8563435 -0.4843911 -0.1790005 0.8563243 -0.4844226 -0.1790074 -0.4909895 -0.8707804 -0.02590471 -0.4907727 -0.8709021 -0.0259158 -0.4908021 -0.8708856 -0.02591419 -0.4910101 -0.8707687 -0.02590429 -1.32261e-6 0 1 -0.4875833 -0.8626489 -0.1345345 -0.4872514 -0.8628429 -0.1344927 -0.4872515 -0.8628429 -0.1344927 -0.4872515 -0.8628429 -0.1344926 -0.4873294 -0.8681544 -0.09390425 -0.4871907 -0.8682348 -0.09387964 -0.4872589 -0.8681953 -0.09389227 -0.4873235 -0.8681579 -0.09390342 -0.4796544 -0.852104 0.2094051 -0.4797205 -0.8520702 0.2093916 -0.4796736 -0.8520947 0.209399 -0.4796669 -0.8520977 0.2094021 0.8704 -0.4879036 0.06598472 0.8702835 -0.48811 0.06599617 0.8702835 -0.48811 0.06599628 0.8702834 -0.48811 0.06599617 0.8764055 -0.4795963 0.04359996 0.8764132 -0.4795817 0.04360347 0.8764042 -0.4795987 0.04360067 0.8764019 -0.4796028 0.04359912 0.872714 -0.4882239 -0.002799212 0.8727293 -0.4881964 -0.00280106 0.8727135 -0.4882247 -0.002798736 0.8727248 -0.4882045 -0.002800405 0.490602 0.8678884 0.07797026 0.4903008 0.8680558 0.07800167 0.4903008 0.8680558 0.07800161 0.4894782 0.8712176 0.03729957 0.4894589 0.8712282 0.03730213 0.4895084 0.8712006 0.03729987 0.4895112 0.8711989 0.03730028 0.4722693 0.838699 -0.2711932 0.4723613 0.8386424 -0.2712078 0.4723612 0.8386423 -0.2712084 0.4722279 0.8387238 -0.2711886 -0.8656873 0.4853081 -0.1227252 -0.8655699 0.4855251 -0.1226959 -0.8655699 0.4855252 -0.1226959 -0.8655698 0.4855251 -0.122696 -0.8749892 0.4736817 -0.1000978 -0.8749727 0.4737122 -0.1000985 -0.8749999 0.4736619 -0.1000978 -0.8749791 0.4737004 -0.1000981 -0.8722646 0.484776 -0.06439584 -0.8722655 0.4847745 -0.06439566 -0.8722563 0.48479 -0.06440234 -0.8722594 0.4847849 -0.06439894 -0.8720738 0.4865511 -0.05249267 -0.8720572 0.4865801 -0.05249804 -0.8720628 0.4865705 -0.05249673 -0.8720653 0.486566 -0.0524953 0.4823905 0.8759258 -0.007297873 0.4824284 0.875905 -0.007302761 0.4823936 0.8759242 -0.00729835 0.4824129 0.8759135 -0.007300257 0.8727227 -0.4871858 0.03170394 0.8726755 -0.4872712 0.03168892 0.8727049 -0.4872182 0.03169804 0.8727188 -0.4871928 0.03170275 -0.482066 -0.8760867 -0.009195685 -0.4821024 -0.8760665 -0.009203433 -0.4820915 -0.8760727 -0.009201526 -0.4820674 -0.876086 -0.009195148 -0.01675534 -0.004735708 -0.9998485 -0.01685416 -0.004779994 -0.9998466 -0.06892085 -0.7668539 -0.6381105 -0.06888753 -0.7668821 -0.6380804 -0.06886732 -0.7668919 -0.6380707 -0.06892079 -0.7668557 -0.6381084 -0.4228709 -0.8902381 -0.1692821 -0.4229052 -0.8902176 -0.1693046 -0.422922 -0.8902072 -0.1693163 -0.4228827 -0.8902331 -0.1692792 -0.4379172 -0.8051792 0.3998937 -0.4379029 -0.8051866 0.3998948 -0.4378672 -0.8052051 0.3998964 -0.4379204 -0.8051776 0.3998935 0.5928937 -0.7297729 -0.3404537 0.5928767 -0.729772 -0.3404849 0.5928753 -0.7297735 -0.3404844 0.5928873 -0.7297636 -0.3404847 0.7699469 -0.585906 0.2527766 0.7699897 -0.5858397 0.2527999 0.7699707 -0.5858677 0.2527931 0.769954 -0.5859012 0.2527661 0.8670891 -0.4850983 -0.1132978 0.8671022 -0.4850727 -0.1133061 0.8671102 -0.4850575 -0.1133111 0.8670768 -0.4851222 -0.1132892 0.1034437 0.8017049 0.5887008 0.1033529 0.8017124 0.5887066 0.1033859 0.8017084 0.5887063 0.1034279 0.8017151 0.5886897 0.4289421 0.8980335 0.09769713 0.429018 0.8979958 0.09770888 0.4289985 0.8980063 0.09769845 0.4287675 0.8980488 0.09832125 0.4308385 0.794412 -0.4281215 0.430817 0.794427 -0.428115 0.4308189 0.7944256 -0.4281156 0.4308253 0.7944209 -0.428118 -0.6119042 0.7346648 0.2929862 -0.6118715 0.7346868 0.2929994 -0.6118853 0.7346781 0.2929926 -0.6118924 0.7346814 0.2929694 -0.7494617 0.5741094 -0.3297054 -0.7495092 0.574051 -0.3296989 -0.7495016 0.5740665 -0.3296893 -0.7494691 0.5741069 -0.329693 -0.8681336 0.4898065 0.08020967 -0.8681335 0.489807 0.08020889 -0.8681302 0.4898133 0.08020508 -0.8681324 0.4898093 0.08020699 0.003317832 0.9879089 0.1549996 0.003309905 0.9879089 0.1550006 0.003294348 0.9879087 0.1550021 0.003307819 0.9879088 0.1550005 0.9997685 -0.001989781 0.02142822 0.9997687 -0.00207293 0.02140784 0.9997688 -0.002083122 0.02140468 0.9997689 -0.002107083 0.02139735 -0.003282189 -0.9852304 -0.1712026 -0.003285169 -0.9852304 -0.1712029 -0.003288984 -0.9852303 -0.1712033 -0.003293752 -0.98523 -0.1712044 -0.9992978 0.002264142 -0.03740042 -0.9992979 0.002098143 -0.0374093 -0.9992978 0.002094984 -0.03741037 -0.9992978 0.00227344 -0.0374 1.25982e-6 0 -1 -2.26019e-7 0 1 -0.9909033 0.003366112 -0.1345342 -0.9909087 0.003093838 -0.1345005 -0.9909087 0.003093838 -0.1345004 -0.9909088 0.003093838 -0.1345003 -0.9956372 0.001192748 -0.09330254 -0.9956372 0.001193046 -0.09330248 -0.9956385 0.001096069 -0.09328919 -0.995637 0.001206457 -0.09330433 -0.9738024 0.00166887 0.22739 -0.9737989 0.001569747 0.2274053 -0.9737997 0.001587569 0.2274022 -0.9737982 0.001541912 0.2274087 1.66083e-4 -0.9978205 0.065988 -8.94223e-5 -0.997826 0.065903 -8.94019e-5 -0.997826 0.06590282 -8.94135e-5 -0.997826 0.06590294 0.01159298 -0.9989688 0.04389661 0.01160657 -0.9989686 0.04389953 0.01164418 -0.9989679 0.04390442 0.01161038 -0.9989684 0.04390007 0.003813147 -0.9998726 0.01549798 0.003805875 -0.9998727 0.01549875 0.003813862 -0.9998726 0.01549816 0.003818631 -0.9998726 0.01549696 0.9969499 -0.003413081 0.07797068 0.996949 -0.003097414 0.07799571 0.9969489 -0.003097414 0.07799571 0.9969489 -0.003097414 0.07799583 0.9993475 -0.001225411 0.03610187 0.9993475 -0.00113523 0.03610324 0.9993475 -0.001224458 0.03610104 0.9993473 -0.001276254 0.03610259 0.9671237 -0.001464486 -0.2543023 0.9671216 -0.001537799 -0.2543097 0.9671234 -0.001474797 -0.2543036 0.9671227 -0.001497626 -0.2543057 1.98752e-4 0.9924442 -0.1226966 1.98756e-4 0.9924443 -0.1226967 1.98756e-4 0.9924443 -0.1226967 1.45509e-4 0.9924435 -0.1227027 1.45499e-4 0.9924435 -0.1227026 1.4551e-4 0.9924435 -0.1227027 -0.01121443 0.9949846 -0.09939813 -0.0111947 0.9949848 -0.09939843 -0.01119202 0.9949849 -0.09939825 -0.01121503 0.9949846 -0.09939771 -0.003612518 0.9989536 -0.0455932 -0.003577709 0.9989532 -0.04560655 -0.003593683 0.9989534 -0.04560035 -0.003609418 0.9989536 -0.04559397 -0.002113342 0.9989438 -0.04590034 -0.002122521 0.9989438 -0.04589921 -0.002089798 0.9989437 -0.04590338 -0.002091467 0.9989438 -0.04590296 0.9999507 0.007593929 -0.006400048 0.9999507 0.00759232 -0.006400644 0.999951 0.007569193 -0.006402492 0.9999508 0.007576048 -0.00640136 0.001913785 -0.9996144 0.02770256 0.001934111 -0.9996144 0.02770441 0.001911222 -0.9996145 0.02770155 0.001908183 -0.9996145 0.02770161 -0.999936 -0.008017003 -0.007997155 -0.9999362 -0.007972717 -0.008005142 -0.9999362 -0.007988512 -0.008002579 -0.9999362 -0.007986366 -0.008001863 -0.01227372 0.01228207 -0.9998493 -0.0124371 0.01241201 -0.9998456 3.961e-7 0 1 -0.7025678 -0.3150508 -0.6380764 -0.7025538 -0.3151229 -0.6380563 -0.7025628 -0.3150991 -0.6380581 -0.7025771 -0.3150481 -0.6380674 -0.9833163 -0.06665462 -0.1692522 -0.9833108 -0.0665977 -0.1693066 -0.983312 -0.0665763 -0.1693083 -0.9833126 -0.06665378 -0.1692739 -0.9164844 -0.01190513 0.3998932 -0.9164854 -0.01187801 0.3998918 -0.9164839 -0.01191776 0.3998942 -0.9164842 -0.01190102 0.3998938 -0.3464857 -0.8740812 -0.3404846 -0.3465158 -0.87406 -0.3405086 -0.3465136 -0.8740606 -0.3405091 -0.3464744 -0.8740741 -0.3405146 -0.1344444 -0.958138 0.2527776 -0.1343706 -0.9581374 0.2528185 -0.1343582 -0.9581381 0.2528228 -0.1344368 -0.9581417 0.2527673 9.97363e-4 -0.993561 -0.1132947 9.73189e-4 -0.9935619 -0.1132876 9.90857e-4 -0.9935612 -0.1132926 0.001016855 -0.9935603 -0.1133005 0.7498948 0.3018372 0.5886867 0.7498735 0.3018911 0.5886864 0.74987 0.3019059 0.5886832 0.7498982 0.3018563 0.5886727 0.9930896 0.06505215 0.09768044 0.9930919 0.06496685 0.09771263 0.9930914 0.06498843 0.09770435 0.9930137 0.0652213 0.09833586 0.9036344 0.01281255 -0.4281131 0.9036328 0.01279002 -0.4281172 0.9036322 0.01278799 -0.4281182 0.9036316 0.01278209 -0.4281198 0.3414406 0.8930734 0.2929821 0.341486 0.8930528 0.2929915 0.3415096 0.8930398 0.2930036 0.3414444 0.8930715 0.2929831 0.134225 0.9344946 -0.3297022 0.134159 0.9345006 -0.3297119 0.1341754 0.934504 -0.3296957 0.1342195 0.9345 -0.3296892 0.002600908 0.9967757 0.08019661 0.002602994 0.9967758 0.08019572 0.002609968 0.9967761 0.08019191 0.002604842 0.9967758 0.08019572 0.9831274 -0.001422166 0.1829165 0.9831275 -0.001471698 0.1829157 -0.001519978 -0.9951419 0.09843862 -0.001459896 -0.9951401 0.09845888 -0.9801006 0.001416087 -0.1984962 -0.9800989 0.001464247 -0.1985048 0.001517295 0.9934059 -0.1146398 0.00145334 0.9934056 -0.1146437 -1.32117e-5 0 -1 -1.70494e-6 0 1 9.35721e-7 0 1 0.002836585 0.9910184 -0.1336961 0.002585113 0.9910185 -0.1337001 0.002585113 0.9910185 -0.1337 0.002585113 0.9910185 -0.1337001 0.001004934 0.9941392 0.1081029 0.001028656 0.9941396 0.1081003 8.85133e-4 0.9941376 0.1081194 9.76653e-4 0.9941386 0.1081097 8.1789e-4 0.9955902 0.09380602 9.84052e-4 0.9955921 0.09378415 0.00103724 0.995593 0.09377342 8.04928e-4 0.9955901 0.09380769 -0.9978672 1.61931e-4 0.06527876 -0.9978671 1.61948e-4 0.06527882 -0.9978671 1.61936e-4 0.06527876 -0.9978659 1.00478e-4 0.06529766 -0.9978659 1.00494e-4 0.06529778 -0.9978659 1.00488e-4 0.06529772 -0.9956831 0.001899242 0.09279853 -0.9956821 0.002079844 0.09280616 -0.9956825 0.001995027 0.09280228 -0.9956835 0.001856327 0.09279543 -0.9999964 0.002172291 -0.001596927 -0.9999967 0.002067089 -0.001597642 -0.999997 0.001913607 -0.001585364 -0.9999968 0.001988768 -0.001603841 -0.002580881 -0.9970209 0.0770905 -0.002580881 -0.9970209 0.0770905 -0.002580881 -0.9970209 0.0770905 -0.002810895 -0.9970189 0.07710665 -0.002810895 -0.9970189 0.07710683 -0.002810895 -0.9970189 0.07710665 -8.75731e-4 -0.9853584 -0.1704937 -7.2846e-4 -0.9853569 -0.1705033 -8.12275e-4 -0.9853577 -0.1704983 -9.16444e-4 -0.9853586 -0.1704921 -8.76186e-4 -0.9930362 -0.1178072 -8.89061e-4 -0.9930348 -0.1178191 -7.99479e-4 -0.9930365 -0.1178042 -8.61696e-4 -0.9930361 -0.1178073 0.9925177 -1.16404e-4 -0.1221016 0.9925216 -2.23903e-4 -0.1220696 0.9925112 8.8726e-5 -0.1221541 0.9925175 -8.41668e-5 -0.1221026 0.987832 -0.001835346 -0.1555138 0.9878348 -0.001752138 -0.1554974 0.9878335 -0.001801013 -0.1555054 0.9878346 -0.001770913 -0.1554981 0.9997311 -0.002366244 -0.02306634 0.9997323 -0.002246618 -0.02303057 0.999733 -0.002151429 -0.02301102 0.9997329 -0.002152144 -0.02301341 0.4782956 0.8500559 0.2205411 0.4783338 0.8500345 0.2205406 0.8652452 -0.4869347 0.119355 0.8652712 -0.4868825 0.1193781 -0.4761584 -0.8462601 -0.238992 -0.4761993 -0.8462334 -0.2390049 -0.8630294 0.485687 -0.1388826 -0.8630521 0.4856457 -0.138886 -2.86385e-5 0 -1 -2.86344e-5 0 -1 -1.37865e-6 0 1 1.37866e-6 0 1 -0.8630093 0.4871761 -0.1336953 -0.863138 0.4869493 -0.133691 -0.863138 0.4869493 -0.1336911 -0.863138 0.4869494 -0.133691 -0.8666046 0.4871471 0.1080937 -0.8666681 0.4870293 0.1081162 -0.8666691 0.4870273 0.1081157 -0.8665972 0.487161 0.1080901 -0.867923 0.4877612 0.09380131 -0.8679332 0.4877431 0.09380084 -0.8679752 0.4876654 0.09381717 -0.8679756 0.487666 0.09381049 -0.4881949 -0.8702904 0.06527346 -0.4881949 -0.8702904 0.06527346 -0.4881948 -0.8702904 0.06527346 -0.4881222 -0.8703289 0.06530183 -0.4881222 -0.870329 0.06530165 -0.4885591 -0.867582 0.09279942 -0.4886451 -0.8675328 0.09280544 -0.4887377 -0.8674803 0.09280848 -0.4886455 -0.8675325 0.09280645 -0.4909192 -0.8712037 -0.001599431 -0.4909116 -0.871208 -0.001600444 -0.4907778 -0.8712834 -0.00158745 -0.4909262 -0.8711997 -0.001599192 0.8682001 -0.4901851 0.07711821 0.868291 -0.4900268 0.07710164 0.868291 -0.4900268 0.07710152 0.8682909 -0.4900268 0.07710164 0.8589807 -0.4827871 -0.1704961 0.8589807 -0.4827868 -0.1704961 0.8589635 -0.4828183 -0.1704941 0.8589843 -0.4827806 -0.1704963 0.8657698 -0.4863796 -0.1178039 0.8656635 -0.4865617 -0.1178331 0.8656371 -0.4866058 -0.1178442 0.8657773 -0.4863665 -0.1178027 0.4853473 0.8657462 -0.1221543 0.4856429 0.8655881 -0.1220998 0.4856429 0.8655881 -0.1220998 0.4856429 0.8655881 -0.1220997 0.4847095 0.8607413 -0.1555033 0.484727 0.8607305 -0.1555078 0.4847282 0.8607299 -0.1555078 0.4846936 0.860751 -0.1554987 0.4907575 0.8709928 -0.02299129 0.4908509 0.8709396 -0.02301484 0.4906463 0.8710561 -0.02296602 0.490774 0.8709834 -0.02299588 -0.7508267 -0.6371122 0.1742054 -0.7508202 -0.6371202 0.1742042 -0.7508201 -0.6371201 0.1742054 -0.7508138 -0.6371272 0.1742059 -0.6386172 0.7417974 0.2047066 -0.6385942 0.7418199 0.2046967 -0.6386255 0.7417886 0.2047124 -0.6386115 0.7418029 0.2047044 0.7483022 0.6344179 -0.193798 0.7483031 0.6344171 -0.1937975 0.7483064 0.6344122 -0.1938008 0.7483068 0.6344116 -0.1938015 0.6338229 -0.7376109 -0.2328063 0.633819 -0.7376143 -0.232806 0.6337968 -0.7376335 -0.2328055 0.6338213 -0.7376126 -0.2328053 0.6306119 0.04732352 -0.7746543 0.6305801 0.04739415 -0.7746759 0.6306153 0.04739314 -0.7746472 0.630582 0.04742693 -0.7746722 0.7837808 -0.1461938 -0.6035854 0.7837938 -0.1461527 -0.6035784 0.7837741 -0.1462177 -0.6035882 0.783775 -0.1462119 -0.6035884 0.3015418 -0.09598112 -0.9486097 0.3015108 -0.09605419 -0.948612 0.301486 -0.0960378 -0.9486216 0.3014922 -0.09601122 -0.9486224 0.6552461 -0.7481109 0.1047986 0.6552309 -0.7481237 0.1048023 0.6551972 -0.748152 0.1048111 0.6552473 -0.7481099 0.1047978 0.7418836 0.5198501 -0.4235146 0.7418767 0.5198848 -0.4234843 0.7418689 0.5199054 -0.4234727 0.741913 0.5198233 -0.4234959 0.2232054 0.164403 -0.9608075 0.223199 0.1644183 -0.9608063 0.2232059 0.1643896 -0.9608097 0.2232125 0.1643615 -0.9608129 0.7032781 0.5837197 -0.4057973 0.7032913 0.583703 -0.4057984 0.7032878 0.5837078 -0.4057973 0.7032821 0.5837156 -0.4057959 -0.8123087 0.2234963 0.5387059 -0.8123101 0.2234917 0.5387058 -0.8123149 0.2234699 0.5387076 -0.8123028 0.2235236 0.5387035 -0.3657659 0.171742 0.9147241 -0.3658117 0.1717165 0.9147105 -0.3658097 0.1717244 0.9147098 -0.3658344 0.171748 0.9146955 -0.6527609 0.743692 -0.1443104 -0.6527712 0.7436844 -0.1443027 -0.6527904 0.7436704 -0.1442881 -0.6527816 0.7436769 -0.1442949 -0.7594233 -0.5500814 0.3474001 -0.7594013 -0.550113 0.3473982 -0.7593984 -0.550119 0.3473953 -0.7594252 -0.5500686 0.3474165 -0.30782 -0.2409754 0.9204227 -0.3078013 -0.2410184 0.9204177 -0.3077958 -0.2410292 0.9204167 -0.3078046 -0.2410067 0.9204196 -0.7157939 -0.5963045 0.3634008 -0.715793 -0.5963054 0.3634011 -0.7158049 -0.5962938 0.3633965 -0.7157961 -0.5963011 0.363402 -0.3911045 0.910598 0.1335992 -0.3910791 0.9106088 0.1335995 -0.3910918 0.9106032 0.1336008 -0.3911016 0.9105992 0.1335995 0.8917399 0.442507 0.09480345 0.8917574 0.442474 0.09479278 0.8917651 0.4424591 0.09478962 0.8917466 0.4424942 0.09480029 0.3899126 -0.9087012 -0.1490989 0.3899071 -0.9087035 -0.1490998 0.3899229 -0.9086972 -0.1490959 0.3899111 -0.9087015 -0.1491004 -0.8890992 -0.4431354 -0.1146018 -0.889118 -0.4430976 -0.1146024 -0.8891109 -0.4431113 -0.1146052 -0.8891071 -0.4431186 -0.1146063 0.1515434 0.6653019 -0.7310322 0.151535 0.665305 -0.7310312 0.1514558 0.6653491 -0.7310073 0.1515011 0.6653226 -0.7310221 0.004420042 0.6753991 -0.7374392 0.004394412 0.6754238 -0.7374168 0.004390239 0.6754281 -0.7374129 0.004408121 0.6754129 -0.7374266 0.1877564 0.2895012 -0.9385823 0.1877376 0.2894737 -0.9385946 0.1877173 0.2894847 -0.9385951 0.1877456 0.2894853 -0.9385893 -0.9011495 -0.4114379 0.1365594 -0.9012522 -0.4112011 0.1365951 0.2207006 0.5133245 -0.8293306 0.2207171 0.5133119 -0.829334 0.2207086 0.5133197 -0.8293314 0.2207232 0.5133051 -0.8293366 0.01163554 0.3216724 -0.9467796 0.01155585 0.3216929 -0.9467735 0.01155018 0.3217163 -0.9467657 0.01164543 0.3216919 -0.9467729 0.3769009 -0.8947572 -0.23949 0.3768823 -0.8947648 -0.2394905 0.376888 -0.8947621 -0.2394915 0.3768711 -0.8947701 -0.2394883 -0.02442258 -0.6494153 0.7600418 -0.02437961 -0.6494396 0.7600223 -0.02440458 -0.6494255 0.7600336 -0.02439838 -0.6494287 0.760031 -0.3501592 -0.3328121 0.8755711 -0.3501229 -0.3327812 0.8755974 -0.3501335 -0.3327956 0.8755877 -0.3501034 -0.332809 0.8755946 0.8999796 0.4071047 -0.1558927 0.8999971 0.4070596 -0.1559092 0.8999763 0.4071127 -0.1558904 0.899989 0.4070806 -0.1559016 -0.1961023 -0.4973779 0.8450794 -0.1960715 -0.4974077 0.845069 -0.1960785 -0.4974019 0.8450708 -0.1960962 -0.4973875 0.8450751 0.06456798 -0.4459839 0.8927091 0.06463205 -0.4460068 0.892693 0.06462454 -0.4460012 0.8926963 0.06458091 -0.445983 0.8927086 -0.3785061 0.8983086 0.2231026 -0.3785009 0.8983113 0.2231011 -0.3784782 0.8983225 0.2230944 -0.3784987 0.898312 0.2231022 0.9427763 -0.2936161 0.1579951 0.9427876 -0.2935776 0.1579991 0.9427998 -0.293536 0.1580038 0.9427734 -0.2936264 0.1579939 -0.2959795 -0.9546018 0.03364181 -0.2957475 -0.9546713 0.03371024 -0.2956839 -0.9546902 0.03372871 -0.2958627 -0.9546368 0.03367632 -0.9443759 0.2942337 -0.1469037 -0.9443866 0.2942018 -0.1468992 -0.9444079 0.2941389 -0.1468882 -0.9443959 0.2941742 -0.1468948 0.2958534 0.9549981 -0.02120262 0.2958709 0.9549927 -0.0211994 0.2959749 0.9549605 -0.02120113 0.295949 0.9549686 -0.02119618 2.79955e-5 0 -1 8.99274e-7 0 1 0.2943717 0.9461743 -0.1345348 0.2940588 0.9462777 -0.1344911 0.2940588 0.9462777 -0.1344912 0.2940588 0.9462777 -0.1344912 0.2929589 0.951502 -0.09390938 0.2928068 0.9515513 -0.09388488 0.2928367 0.9515416 -0.09388977 0.2929523 0.9515042 -0.09390854 0.2889387 0.9341691 0.2093858 0.288829 0.9341988 0.2094053 0.2888695 0.9341877 0.2093991 0.2889067 0.9341775 0.2093931 -0.9537203 0.2933626 0.0660001 -0.9537203 0.2933626 0.0660001 -0.9537203 0.2933626 0.0660001 -0.9537627 0.2932236 0.06600701 -0.9537627 0.2932236 0.06600695 -0.9537627 0.2932236 0.06600689 -0.9579461 0.2836164 0.04360157 -0.9579517 0.2835969 0.04360502 -0.9579464 0.2836155 0.04360187 -0.957944 0.2836238 0.04360044 -0.9561761 0.2927791 -0.002800822 -0.956171 0.2927957 -0.002799451 -0.9561755 0.2927808 -0.002801358 -0.9561685 0.2928037 -0.002799093 -0.2962207 -0.9519317 0.07797074 -0.2958639 -0.9520404 0.07799816 -0.2958639 -0.9520404 0.07799839 -0.2958639 -0.9520404 0.07799834 -0.2944619 -0.9549351 0.03729975 -0.2943484 -0.9549701 0.03730016 -0.2942652 -0.9549955 0.03730446 -0.2944065 -0.9549521 0.03729879 -0.284462 -0.9195281 -0.2712 -0.2844285 -0.9195407 -0.2711925 -0.2844734 -0.9195248 -0.2711992 -0.2845069 -0.9195129 -0.2712043 0.9486631 -0.2915081 -0.1227248 0.9486069 -0.291701 -0.1227009 0.948607 -0.291701 -0.1227011 0.9486069 -0.291701 -0.1227009 0.9552877 -0.2782183 -0.1001003 0.9552898 -0.2782115 -0.1000991 0.9552924 -0.2782025 -0.1000992 0.9552953 -0.2781922 -0.1001005 0.9549813 -0.2895924 -0.06439763 0.9549809 -0.2895933 -0.06439882 0.9549754 -0.28961 -0.06440585 0.9549782 -0.2896015 -0.06440144 0.9555852 -0.2915912 -0.04279869 0.9555876 -0.2915831 -0.0427978 0.9555935 -0.2915641 -0.042795 0.955579 -0.2916109 -0.04280108 -0.2866064 -0.9580296 -0.005999386 -0.2866085 -0.958029 -0.00600028 -0.2866317 -0.9580221 -0.006002008 -0.2865901 -0.9580345 -0.005998194 -0.9560834 0.2919479 0.02590441 -0.9560707 0.2919902 0.02589917 -0.9560667 0.2920033 0.0258972 -0.9560695 0.2919941 0.02589887 0.2861855 0.9581449 -0.007495224 0.2862238 0.9581335 -0.007502496 0.2862222 0.958134 -0.007502377 0.2861977 0.9581413 -0.007497489 0.01533991 0.0081501 -0.9998492 0.01548409 0.008233726 -0.9998463 1.24352e-6 0 1 -0.09465873 0.7640886 -0.6381288 -0.09471374 0.7641078 -0.6380976 -0.09473735 0.7641065 -0.6380958 -0.0946561 0.7640925 -0.6381246 0.2252459 0.9594875 -0.1692577 0.2253269 0.9594588 -0.1693123 0.2253053 0.9594663 -0.1692987 0.225253 0.9594841 -0.1692673 0.257918 0.8795177 0.3999088 0.2579026 0.8795216 0.39991 0.2579101 0.8795199 0.3999091 0.2579215 0.8795168 0.3999088 -0.7336172 0.5880997 -0.3405063 -0.7336047 0.5881131 -0.3405101 -0.7336037 0.5881121 -0.3405141 -0.733604 0.5881108 -0.3405158 -0.8763325 0.4100572 0.2527737 -0.8763532 0.4099851 0.2528188 -0.8763574 0.4099735 0.2528231 -0.8763235 0.4100571 0.2528051 -0.9499896 0.2910045 -0.1132968 -0.9499856 0.2910191 -0.1132926 -0.9500021 0.2909581 -0.1133108 -0.9499945 0.2909863 -0.1133023 0.06816875 -0.8054778 0.5886923 0.0682159 -0.8054751 0.5886906 0.06822973 -0.8054763 0.5886873 0.06813997 -0.8054847 0.5886862 -0.2296349 -0.9683631 0.09767752 -0.2297105 -0.9683427 0.09770226 -0.2296884 -0.9683486 0.09769546 -0.2294521 -0.9683402 0.09833186 -0.2533258 -0.8674961 -0.4281082 -0.2533009 -0.8675064 -0.4281022 -0.2532594 -0.8675227 -0.4280937 -0.2533106 -0.8675017 -0.4281058 0.7533096 -0.5887809 0.2930219 0.7532857 -0.5888143 0.2930161 0.7532974 -0.5888049 0.2930049 0.7533337 -0.5887607 0.2930005 0.8537769 -0.4029348 -0.3297098 0.8538072 -0.4028725 -0.3297076 0.8538038 -0.4028884 -0.329697 0.8537887 -0.4029316 -0.3296833 0.9520056 -0.2953843 0.08020937 0.952005 -0.2953865 0.08020812 0.9520032 -0.2953933 0.08020442 0.9520047 -0.2953876 0.08020794 0.2063054 -0.9701316 0.1276039 0.2063018 -0.9701324 0.1276038 0.2063406 -0.9701237 0.1276071 0.2063007 -0.9701327 0.1276035 -0.97775 -0.2090364 0.0175783 -0.9777058 -0.2092389 0.01762253 -0.9776937 -0.2092952 0.01762968 -0.9777504 -0.2090343 0.01757836 -0.2057629 0.9683763 -0.1410993 -0.2058396 0.9683614 -0.1410897 -0.2058178 0.9683657 -0.1410924 -0.2057424 0.9683803 -0.141102 0.9774563 0.2088944 -0.03069788 0.9774196 0.2090653 -0.03070366 0.9774157 0.2090835 -0.03070455 0.9774547 0.2089023 -0.03069794 2.30819e-5 0 -1 -1.11211e-6 0 1 0.9691877 0.206367 -0.1344914 0.9691666 0.206474 -0.1344788 0.9692552 0.2060223 -0.134534 0.9692077 0.2062645 -0.1345046 0.9734346 0.2090916 -0.09330546 0.9734452 0.2090389 -0.09331226 0.973426 0.2091342 -0.09329915 0.9734279 0.2091252 -0.09330046 0.9521846 0.204057 0.2273884 0.9521486 0.2041979 0.2274125 0.9521765 0.2040892 0.227393 0.9521767 0.2040882 0.2273932 -0.2109271 0.9752721 0.06598681 -0.2106826 0.9753308 0.06589925 -0.2106826 0.9753309 0.06589907 -0.2106826 0.9753308 0.06589907 -0.2223854 0.9739702 0.04389685 -0.222396 0.9739677 0.04389947 -0.2223864 0.9739699 0.0438981 -0.2224026 0.9739661 0.04389989 -0.2149227 0.9765082 0.01549839 -0.2149166 0.9765094 0.01549911 -0.2148776 0.9765179 0.01550251 -0.214928 0.976507 0.01549738 -0.9751778 -0.207241 0.07797062 -0.9751111 -0.2075446 0.07799822 -0.9751111 -0.2075446 0.07799828 -0.9751111 -0.2075446 0.07799822 -0.9770587 -0.2098881 0.03610217 -0.9770702 -0.2098349 0.03610008 -0.9770486 -0.2099351 0.03610259 -0.9770593 -0.2098853 0.03610229 -0.9456222 -0.202798 -0.2543063 -0.9456443 -0.2026804 -0.2543181 -0.9456151 -0.202836 -0.2543026 -0.9456195 -0.2028122 -0.2543048 0.2097526 -0.9700223 -0.1227216 0.2094306 -0.9700953 -0.1226941 0.2094307 -0.9700954 -0.1226942 0.2094307 -0.9700954 -0.1226941 0.2210719 -0.9701789 -0.09939837 0.2211053 -0.9701715 -0.09939748 0.2211025 -0.9701721 -0.09939682 0.2210721 -0.970179 -0.09939783 0.2144849 -0.9756623 -0.04560047 0.214495 -0.9756603 -0.04559743 0.2144666 -0.9756659 -0.04560804 0.2144821 -0.9756628 -0.0456016 0.2131057 -0.9763016 -0.03769922 0.2131135 -0.9763 -0.03769898 0.2130642 -0.9763105 -0.03770375 0.21315 -0.9762921 -0.03769403 -0.9757978 -0.2186131 -0.005198359 -0.9758021 -0.218594 -0.005200743 -0.9758012 -0.2185978 -0.005200445 -0.9758028 -0.2185906 -0.005200386 -0.2129904 0.9767907 0.02269881 -0.2130217 0.9767838 0.02270197 -0.2129915 0.9767904 0.02269893 -0.2130125 0.9767857 0.02270168 0.9757086 0.2189728 -0.00660324 0.9757011 0.2190064 -0.006599605 0.9756991 0.2190156 -0.006598055 0.9757051 0.2189889 -0.006601393 0.01465106 -0.009429216 -0.9998483 0.01472908 -0.009511411 -0.9998463 -5.12604e-7 0 1 0.620193 0.4562364 -0.6381294 0.6201789 0.4563221 -0.6380817 0.6201925 0.4563003 -0.6380841 0.6201832 0.4562759 -0.6381106 0.947088 0.2727114 -0.1692713 0.9470888 0.2726898 -0.1693024 0.9470935 0.2726697 -0.1693084 0.9470764 0.2727528 -0.1692699 0.8932895 0.2052195 0.3998987 0.8932969 0.2051891 0.3998978 0.8932874 0.2052281 0.399899 0.8932907 0.2052161 0.3998975 0.1540736 0.9275444 -0.3404744 0.1541199 0.9275192 -0.3405222 0.1541165 0.9275185 -0.3405256 0.1540988 0.9275221 -0.3405237 -0.07097119 0.9649179 0.2527779 -0.07104271 0.9649021 0.2528179 -0.07100951 0.9649067 0.25281 -0.07097959 0.9649201 0.2527673 -0.2107888 0.9709437 -0.1132985 -0.2108113 0.970938 -0.1133053 -0.2108283 0.9709337 -0.1133103 -0.2108078 0.9709389 -0.113304 -0.6692111 -0.4534305 0.5886912 -0.6691637 -0.4535143 0.5886806 -0.6691813 -0.4534866 0.588682 -0.6692112 -0.4534524 0.5886743 -0.9569318 -0.2733371 0.09781801 -0.9569453 -0.2732905 0.09781646 -0.956941 -0.2733104 0.09780353 -0.9568307 -0.2735033 0.09834063 -0.8805367 -0.2033929 -0.4281199 -0.8805336 -0.2034177 -0.4281144 -0.8805336 -0.2034155 -0.4281154 -0.8805344 -0.203409 -0.4281167 -0.1450874 -0.9450404 0.2929989 -0.1451269 -0.9450268 0.2930235 -0.1451105 -0.9450315 0.2930164 -0.1450922 -0.9450385 0.2930026 0.06614255 -0.9417663 -0.3296993 0.0662111 -0.9417646 -0.32969 0.06624072 -0.9417622 -0.3296909 0.06614792 -0.9417704 -0.3296863 0.2079987 -0.9748359 0.08019763 0.2079981 -0.974836 0.08019661 0.2080305 -0.9748274 0.08021819 0.2079956 -0.9748367 0.08019524 -0.9680282 -0.2077256 0.1406114 -0.9680386 -0.2076777 0.1406107 -0.2091356 0.9749836 0.07529497 -0.2091931 0.9749704 0.07530713 0.9662638 0.2073469 -0.1527798 0.9662727 0.2072996 -0.1527875 0.2089226 -0.9739874 -0.0877493 0.208982 -0.9739744 -0.08775246 1.15922e-6 0 1 0.2065536 -0.969258 -0.1336955 0.2068773 -0.96919 -0.1336884 0.2068773 -0.96919 -0.1336883 0.2068773 -0.96919 -0.1336885 0.2089579 -0.9719327 0.108091 0.209024 -0.9719168 0.1081052 0.2090251 -0.9719166 0.1081051 0.2089856 -0.971926 0.1080976 0.2095817 -0.9732801 0.09381645 0.2094203 -0.9733159 0.09380489 0.2092766 -0.9733496 0.0937764 0.2095009 -0.9732981 0.09381049 0.9753145 0.2109212 0.06537568 0.9753838 0.210627 0.06528979 0.9753839 0.210627 0.06528973 0.9753839 0.210627 0.06528973 0.9735999 0.2085472 0.09279769 0.9736564 0.2082783 0.09280955 0.973639 0.2083613 0.09280598 0.9736009 0.2085422 0.09279805 0.9779123 0.2090097 -0.001592218 0.9778509 0.2092966 -0.001592397 0.9778688 0.2092132 -0.001598358 0.9778939 0.2090956 -0.00159651 -0.2077468 0.9751377 0.0771234 -0.2080317 0.9750789 0.07709735 -0.2080318 0.9750789 0.07709747 -0.2080317 0.9750789 0.07709741 -0.2072303 0.963319 -0.1705054 -0.2072335 0.9633183 -0.1705057 -0.2071517 0.9633367 -0.1705018 -0.2071906 0.9633279 -0.1705037 -0.2092282 0.9707465 -0.1177916 -0.2088803 0.9708197 -0.1178063 -0.2088756 0.9708205 -0.1178077 -0.2089146 0.9708129 -0.1178013 -0.9700958 -0.2097447 -0.1221536 -0.9701576 -0.2094863 -0.1221055 -0.9701576 -0.2094863 -0.1221057 -0.9701576 -0.2094863 -0.1221056 -0.9659146 -0.2069585 -0.1554904 -0.9659267 -0.2068901 -0.1555064 -0.965927 -0.2068889 -0.1555064 -0.9659274 -0.2068853 -0.1555086 -0.9776462 -0.2089917 -0.02302938 -0.9776707 -0.2088754 -0.0230475 -0.9776126 -0.2091531 -0.02299082 -0.97765 -0.208974 -0.02303344 -0.2910971 -0.9420884 0.1665288 -0.2911404 -0.9420754 0.1665266 -0.9515763 0.294117 0.08943164 -0.951592 0.294061 0.08944755 0.2903552 0.9396821 -0.1808074 0.2904009 0.9396665 -0.1808156 0.9502059 -0.2936926 -0.1041799 0.9502192 -0.2936486 -0.104183 -2.92079e-5 0 -1 9.37376e-7 0 1 -1.87477e-6 0 1 0.9464414 -0.2938951 -0.1336957 0.9464998 -0.2937043 -0.1337007 0.9464998 -0.2937043 -0.1337007 0.9464998 -0.2937043 -0.1337007 0.9499762 -0.2930213 0.108092 0.9500162 -0.2928823 0.108117 0.9500167 -0.2928807 0.1081165 0.9499843 -0.2929925 0.1080987 0.951424 -0.2932438 0.09381192 0.9513739 -0.2934117 0.09379476 0.9513723 -0.293417 0.09379369 0.9513732 -0.2934135 0.09379595 0.2933579 0.9537714 0.06527984 0.2933579 0.9537714 0.06527984 0.2933579 0.9537714 0.06527984 0.2933454 0.9537742 0.0652939 0.2933454 0.9537743 0.06529378 0.2933454 0.9537742 0.06529384 0.2943779 0.9511733 0.09279608 0.2944688 0.9511448 0.09280043 0.294479 0.9511416 0.09280067 0.2943819 0.9511719 0.09279638 0.2955861 0.9553149 -0.001582026 0.2955861 0.9553148 -0.001582026 0.2955861 0.9553149 -0.001582026 0.2959244 0.9552101 -0.001596033 0.2959244 0.9552101 -0.001596152 0.2959244 0.95521 -0.001596093 -0.9521501 0.2957413 0.07711899 -0.9522143 0.2955386 0.07710361 -0.9522143 0.2955387 0.07710349 -0.9522143 0.2955386 0.07710355 -0.9415763 0.2904569 -0.1704966 -0.9415774 0.2904533 -0.1704958 -0.9416218 0.2903043 -0.1705042 -0.9415783 0.29045 -0.1704969 -0.9489713 0.2925339 -0.1178027 -0.9489351 0.2926474 -0.117812 -0.948889 0.2927854 -0.1178407 -0.9489185 0.2927022 -0.1178099 -0.2915343 -0.9487287 -0.1221547 -0.2918963 -0.9486255 -0.1220907 -0.2918963 -0.9486255 -0.1220906 -0.291968 -0.9437041 -0.1554912 -0.2920777 -0.9436663 -0.1555138 -0.2920789 -0.943666 -0.1555135 -0.2919942 -0.9436949 -0.1554979 -0.2957096 -0.955001 -0.02300202 -0.295722 -0.954997 -0.023005 -0.2955876 -0.9550394 -0.02297276 -0.2956386 -0.9550234 -0.02298551 0.6028017 0.7885559 0.1216965 0.6027789 0.7885734 0.1216954 0.6027548 0.7885917 0.1216955 0.6027802 0.7885724 0.1216951 0.7902456 -0.5955318 0.1444088 0.7902593 -0.5955119 0.1444156 0.7902563 -0.5955165 0.1444139 0.7902519 -0.5955229 0.1444113 -0.6018849 -0.7869004 -0.136097 -0.6019054 -0.786884 -0.1361012 -0.6018887 -0.7868978 -0.1360954 -0.6018874 -0.7868986 -0.1360968 -0.7874237 0.5941382 -0.1642066 -0.7874265 0.5941345 -0.1642069 -0.7874346 0.5941237 -0.1642065 -0.7874221 0.5941404 -0.1642067 -0.606379 -0.1794668 -0.7746589 -0.6063759 -0.1794604 -0.7746627 -0.6063649 -0.1795343 -0.7746542 -0.6063593 -0.1795395 -0.7746574 -0.7969753 -0.02268737 -0.6035857 -0.7969779 -0.02270984 -0.6035815 -0.7969765 -0.02268964 -0.6035842 -0.7969775 -0.02271723 -0.6035818 -0.3150009 0.03008544 -0.9486145 -0.3149953 0.03016114 -0.9486138 -0.3150139 0.03013849 -0.9486085 -0.3150423 0.03010439 -0.9486001 -0.7984517 0.5928686 0.1047948 -0.7984398 0.5928839 0.1047986 -0.7984415 0.5928816 0.1047976 -0.7984526 0.5928674 0.1047936 -0.6153492 -0.6647838 -0.4235658 -0.6153106 -0.6648578 -0.4235059 -0.615325 -0.6648396 -0.4235132 -0.6153651 -0.6647957 -0.4235239 -0.1834144 -0.2077811 -0.9608258 -0.1834062 -0.2077949 -0.9608244 -0.1834034 -0.2078132 -0.960821 -0.1834089 -0.2077848 -0.960826 -0.5641122 -0.7190968 -0.4058045 -0.5640922 -0.7191137 -0.4058024 -0.5641242 -0.719087 -0.4058052 -0.5640803 -0.7191244 -0.4057999 0.8411946 -0.04691225 0.5386938 0.841194 -0.04690724 0.5386953 0.8411935 -0.0469352 0.5386934 0.8411932 -0.04690599 0.5386965 0.3937649 -0.09055274 0.9147401 0.3938229 -0.09051525 0.9147189 0.3938369 -0.09051227 0.9147132 0.3938353 -0.09054863 0.9147102 0.7951466 -0.5890014 -0.1442888 0.7951284 -0.589022 -0.1443056 0.7951172 -0.5890344 -0.1443166 0.7951363 -0.589013 -0.1442985 0.6261119 0.6980701 0.3473933 0.6260744 0.6981082 0.3473842 0.6260696 0.6981139 0.3473815 0.6261147 0.6980577 0.3474133 0.249926 0.3005802 0.9204285 0.2498999 0.300621 0.9204222 0.2499181 0.3005903 0.9204273 0.2499077 0.3006098 0.9204239 0.5736938 0.7340317 0.3634184 0.5737287 0.7340118 0.3634036 0.5737041 0.7340266 0.3634126 0.5736971 0.7340296 0.3634176 0.9862123 0.009689331 0.1652013 0.9862118 0.009723842 0.1652023 0.9862121 0.009697675 0.1652016 0.9862115 0.009718179 0.165204 0.0695033 -0.9905414 0.118309 0.06949126 -0.9905434 0.1183004 0.06949234 -0.990543 0.1183021 0.06953507 -0.9905384 0.1183152 -0.9825644 -0.009195029 -0.1856958 -0.9825649 -0.009201049 -0.185692 -0.9825645 -0.009189188 -0.1856953 -0.9825646 -0.009197294 -0.1856942 -0.07160997 0.9871001 -0.1431974 -0.07157021 0.9871025 -0.1432006 -0.07161146 0.9870995 -0.143201 -0.07162618 0.9870986 -0.1431997 0.5561275 -0.3953988 -0.7310144 0.5561339 -0.3953934 -0.7310124 0.5560954 -0.3954255 -0.7310244 0.5561263 -0.3953999 -0.7310147 2.81503e-7 0 1 0.621912 -0.2635065 -0.7374211 0.6219373 -0.2634942 -0.7374042 0.6219063 -0.263512 -0.7374239 0.6218921 -0.2635172 -0.737434 0.1951798 -0.2845582 -0.9385794 0.1951571 -0.2845335 -0.9385918 0.1951758 -0.2845185 -0.9385924 0.1951679 -0.2845436 -0.9385864 -0.03386586 0.9900529 0.1365594 -0.033607 0.9900568 0.1365954 0.3891982 -0.4009194 -0.8293302 0.3892124 -0.4009131 -0.8293264 0.3892193 -0.4009099 -0.8293249 0.3892011 -0.4009181 -0.8293294 0.2925783 -0.1342232 -0.9467746 0.2926146 -0.1341514 -0.9467736 0.2926007 -0.1341866 -0.9467729 0.2925742 -0.134226 -0.9467754 -0.9708867 -0.004429757 -0.2394984 -0.9708869 -0.004410445 -0.2394979 -0.9708879 -0.00436896 -0.2394947 -0.9708869 -0.004397153 -0.2394984 -0.5903151 0.2718933 0.7600015 -0.5903308 0.2718819 0.7599933 -0.5903429 0.2718724 0.7599873 -0.5902997 0.2719051 0.7600093 -0.1728376 0.4511132 0.8755708 -0.1728526 0.4511294 0.8755595 -0.1728937 0.4511078 0.8755624 -0.1728585 0.4510589 0.8755946 0.03041774 -0.9873053 -0.1558946 0.03041023 -0.9873051 -0.1558974 0.03037661 -0.9873044 -0.1559084 0.03043752 -0.9873058 -0.1558879 -0.3840203 0.3720313 0.845057 -0.3840286 0.3720241 0.8450563 -0.3840204 0.3720268 0.8450589 -0.3839885 0.3720359 0.8450693 -0.4365901 0.1116337 0.8927078 -0.4366136 0.1115751 0.8927035 -0.4366123 0.1115836 0.8927032 -0.4365945 0.1116213 0.8927072 0.9747859 0.004500031 0.2230974 0.9747863 0.004495918 0.2230954 0.9747849 0.00451672 0.223101 0.9747861 0.004491925 0.2230967 -0.6292261 -0.7530835 0.1921974 -0.6291622 -0.7531344 0.192207 -0.6292064 -0.7530994 0.1922 -0.6292321 -0.7530788 0.1921964 -0.7676576 0.6395356 0.0411852 -0.76761 0.6395952 0.04114603 -0.7678263 0.6393261 0.04129087 -0.7676889 0.6394971 0.04119813 0.630904 0.7549772 -0.1788009 0.6309092 0.7549725 -0.1788019 0.6309062 0.7549753 -0.1788009 0.6308622 0.7550147 -0.1787902 0.7681462 -0.6397501 -0.02591013 0.7681463 -0.6397501 -0.02591013 0.7681462 -0.6397501 -0.02591019 0.7678189 -0.6401433 -0.02589601 0.7678189 -0.6401433 -0.02589601 0.7678189 -0.6401433 -0.02589595 0.7606023 -0.6351256 -0.1345357 0.7608731 -0.634812 -0.1344841 0.7608731 -0.634812 -0.134484 0.7608731 -0.634812 -0.1344841 0.766094 -0.6358317 -0.09390527 0.7661077 -0.6358157 -0.09390258 0.7660872 -0.6358395 -0.09390789 0.7660983 -0.6358265 -0.09390461 0.7516006 -0.6254984 0.2094001 0.7516423 -0.6254448 0.2094105 0.7515874 -0.6255152 0.209397 0.7515922 -0.6255093 0.2093976 0.6368352 0.7681711 0.06598532 0.6369722 0.7680553 0.0660122 0.6369722 0.7680553 0.0660122 0.6369722 0.7680553 0.06601226 0.629714 0.7756027 0.04359877 0.6296983 0.7756153 0.0436021 0.6297134 0.7756031 0.04359912 0.62972 0.7755979 0.04359734 0.6375314 0.7704194 -0.002799391 0.6375069 0.7704397 -0.002802014 0.6375316 0.7704191 -0.002798914 0.6375145 0.7704334 -0.00280106 -0.7652105 0.6390411 0.07797116 -0.7654003 0.63881 0.07800102 -0.7654003 0.63881 0.07800102 -0.7654003 0.63881 0.07800108 -0.7686882 0.6385352 0.037301 -0.768733 0.6384813 0.03730201 -0.7687883 0.6384143 0.03730618 -0.7686946 0.6385275 0.037301 -0.7397116 0.6158553 -0.2711994 -0.7396724 0.6158952 -0.271216 -0.7398635 0.6156859 -0.2711697 -0.7397745 0.6157832 -0.2711917 -0.6334351 -0.764002 -0.122723 -0.6336742 -0.7638069 -0.1227031 -0.6336743 -0.7638069 -0.1227031 -0.6336743 -0.7638069 -0.1227031 -0.6237094 -0.7752202 -0.1001019 -0.6237404 -0.7751951 -0.1001026 -0.6236958 -0.7752311 -0.1001019 -0.6237256 -0.7752071 -0.1001027 -0.6340923 -0.7705708 -0.06440359 -0.634092 -0.7705711 -0.06440353 -0.6340718 -0.7705885 -0.06439262 -0.6340662 -0.7705934 -0.06438905 -0.6357405 -0.7701229 -0.05238968 -0.6358031 -0.7700704 -0.05240201 -0.6358316 -0.7700465 -0.05240762 -0.6357545 -0.7701112 -0.05239236 -0.7745702 0.6324459 -0.007296323 -0.7745425 0.6324799 -0.007301986 -0.7745663 0.6324506 -0.007298588 -0.7745525 0.6324675 -0.007300019 0.636554 0.7705804 0.03170198 0.6365914 0.7705499 0.03169435 0.636582 0.7705575 0.03169637 0.6365612 0.7705745 0.03170067 0.7747871 -0.6321553 -0.00919497 0.7747595 -0.632189 -0.009203314 0.774766 -0.6321812 -0.009201288 0.7747548 -0.6321949 -0.00920391 0.001630842 -0.01729512 -0.9998492 0.001652717 -0.01747488 -0.9998461 1.06962e-6 0 1 0.7418678 -0.2060106 -0.6381157 0.7419062 -0.2059636 -0.6380863 0.7418981 -0.2059879 -0.6380879 0.7418695 -0.2060146 -0.6381126 0.7994099 -0.5764446 -0.1692798 0.7993804 -0.5764802 -0.1692979 0.7993674 -0.5764952 -0.1693077 0.7994033 -0.5764547 -0.1692768 0.7130647 -0.5758768 0.3998808 0.7130747 -0.5758632 0.3998827 0.71307 -0.5758694 0.3998821 0.7130621 -0.5758795 0.3998817 0.8247088 0.4515958 -0.3404656 0.8247001 0.4515807 -0.3405063 0.8246998 0.4515817 -0.3405059 0.8246785 0.4516083 -0.3405221 0.7151263 0.6516901 0.2527736 0.7150645 0.6517408 0.2528175 0.715089 0.651717 0.2528096 0.7151232 0.6516972 0.2527637 0.6334818 0.7654165 -0.1133078 0.6334951 0.7654063 -0.1133027 0.6334814 0.7654167 -0.1133074 0.633503 0.7654001 -0.1132991 -0.7699044 0.2463266 0.5887023 -0.7699192 0.2462599 0.588711 -0.7699099 0.2462903 0.5887106 -0.7699008 0.2463549 0.5886954 -0.8059467 0.5838732 0.09768438 -0.8059011 0.5839316 0.09771192 -0.8059148 0.5839139 0.09770345 -0.8059957 0.5836957 0.09833842 -0.7037172 0.5670131 -0.4281103 -0.7037364 0.566994 -0.4281039 -0.7037346 0.5669957 -0.4281045 -0.7036955 0.5670349 -0.4281171 -0.8329203 -0.4694545 0.2930125 -0.8329459 -0.4693987 0.2930289 -0.8329403 -0.469414 0.2930203 -0.832923 -0.469449 0.2930133 -0.6998227 -0.6336735 -0.3297063 -0.6997762 -0.6337285 -0.3296993 -0.699788 -0.6337148 -0.3297006 -0.6998214 -0.6336812 -0.3296942 -0.638296 -0.7656016 0.08020186 -0.6382973 -0.7656006 0.08020192 -0.6383028 -0.7655965 0.08019769 -0.6382988 -0.7655996 0.08019995 -0.971154 0.1813804 0.1547933 -0.9711551 0.1813743 0.1547941 -0.9711579 0.1813583 0.1547957 -0.9711478 0.1814169 0.1547902 0.1824064 0.9829905 0.02139699 0.1823024 0.9830091 0.0214228 0.1823124 0.9830074 0.02141958 0.1825194 0.9829703 0.02135837 0.968528 -0.1808679 -0.1709983 0.9685276 -0.1808698 -0.1709982 0.9685269 -0.180873 -0.1709989 0.9685257 -0.1808788 -0.1709998 -0.1823019 -0.9825311 -0.03740137 -0.182141 -0.9825608 -0.03740525 -0.182232 -0.982544 -0.03740268 -0.182405 -0.9825122 -0.03739517 -2.23347e-5 0 -1 -0.1819669 -0.9740576 -0.1345359 -0.1816897 -0.9741143 -0.1344998 -0.1816897 -0.9741142 -0.1344998 -0.1816897 -0.9741143 -0.1344998 -0.1806848 -0.979106 -0.09329801 -0.180777 -0.9790878 -0.09331053 -0.1807284 -0.9790974 -0.09330403 -0.1806983 -0.9791033 -0.09329992 -0.1771202 -0.9575586 0.2273985 -0.1772091 -0.9575455 0.2273843 -0.1772736 -0.9575362 0.2273731 -0.1771354 -0.9575563 0.2273962 0.9814485 -0.1800541 0.06587493 0.9814484 -0.1800541 0.06587499 0.9814485 -0.1800541 0.06587499 0.981455 -0.1800114 0.06589502 0.981455 -0.1800114 0.06589508 0.981455 -0.1800114 0.06589502 0.9846887 -0.1687045 0.0438984 0.9846907 -0.1686925 0.04390037 0.9846968 -0.1686554 0.04390519 0.9846916 -0.1686869 0.04390043 0.9841835 -0.1764731 0.01549696 0.9841738 -0.1765265 0.01550364 0.9841752 -0.1765188 0.01550197 0.9841845 -0.1764678 0.01549535 0.1827468 0.9800617 0.07799255 0.183107 0.9799961 0.07797133 0.1827635 0.9800581 0.07799857 0.1828103 0.9800494 0.07799786 0.1813368 0.9827583 0.03609919 0.1812003 0.9827834 0.03610152 0.1811937 0.9827846 0.03610205 0.1813398 0.9827577 0.03609943 0.1758588 0.9510036 -0.2542951 0.1759759 0.9509786 -0.2543073 0.1758679 0.9510019 -0.2542951 0.1758447 0.9510066 -0.2542937 -0.9761449 0.179133 -0.1226893 -0.9761449 0.179133 -0.1226893 -0.9761449 0.179133 -0.1226893 -0.9761643 0.1790215 -0.1226979 -0.9761642 0.1790215 -0.1226978 -0.9761643 0.1790215 -0.1226978 -0.9806913 0.168417 -0.0994001 -0.9806979 0.1683789 -0.09939897 -0.9806974 0.1683818 -0.09939926 -0.9806913 0.1684172 -0.09939992 -0.9832257 0.1766011 -0.04559922 -0.9832194 0.1766325 -0.04561257 -0.9832226 0.1766172 -0.04560643 -0.9832252 0.1766042 -0.04560059 -0.9829668 0.1779853 -0.04579746 -0.9829599 0.1780226 -0.04580259 -0.9829712 0.1779623 -0.04579383 -0.9829714 0.1779609 -0.04579436 0.1728137 0.9849339 -0.006400942 0.1728171 0.9849331 -0.00640136 0.1727945 0.9849372 -0.006399691 0.1727861 0.9849386 -0.006398141 0.9835693 -0.1783939 0.02769929 0.9835729 -0.1783739 0.02770173 0.9835686 -0.1783971 0.02769875 0.9835681 -0.1784002 0.02769839 -0.1723917 -0.984996 -0.007998406 -0.1723912 -0.9849962 -0.007999002 -0.1724239 -0.9849904 -0.008004963 -0.1723775 -0.9849985 -0.007995724 -0.01431053 -0.009874403 -0.9998489 -0.01445925 -0.009965658 -0.9998458 6.61383e-7 0 1 0.1831701 -0.7478629 -0.6380829 0.1832397 -0.7478643 -0.6380614 0.1832147 -0.7478681 -0.638064 0.1831648 -0.7478726 -0.6380732 -0.1117674 -0.9792116 -0.1692714 -0.1118298 -0.9791971 -0.1693137 -0.1118075 -0.979202 -0.1693002 -0.1117725 -0.9792095 -0.1692804 -0.153479 -0.9036146 0.3999059 -0.1535086 -0.9036103 0.3999045 -0.1535164 -0.9036088 0.3999047 -0.1534826 -0.903614 0.399906 0.797263 -0.4984543 -0.3404632 0.7972313 -0.4984843 -0.3404935 0.7972317 -0.4984827 -0.3404948 0.7972539 -0.4984458 -0.3404968 0.9182088 -0.304942 0.2527907 0.9182269 -0.3048692 0.2528125 0.9182294 -0.3048574 0.2528176 0.9182143 -0.3049342 0.2527801 0.9774502 -0.178203 -0.113291 0.9774538 -0.1781784 -0.1132984 0.9774497 -0.1782066 -0.1132898 0.9774531 -0.1781839 -0.1132965 -0.1617473 0.7920022 0.5887025 -0.1618015 0.791994 0.5886983 -0.1618162 0.7919937 0.5886948 -0.1617683 0.79201 0.588686 0.1150527 0.988542 0.09771233 0.1151423 0.9885307 0.09772127 0.115123 0.9885347 0.09770339 0.1148808 0.9884999 0.09833836 0.1503158 0.8911337 -0.4281192 0.1502906 0.8911405 -0.4281141 0.1502929 0.8911399 -0.4281142 0.1502999 0.8911373 -0.428117 -0.8168747 0.4968592 0.2929964 -0.8168509 0.4968954 0.2930013 -0.8168616 0.4968829 0.2929925 -0.816872 0.4968615 0.2929998 -0.8949672 0.3005545 -0.3296979 -0.8949862 0.3004883 -0.3297068 -0.8949999 0.3004595 -0.3296958 -0.8949733 0.3005509 -0.3296849 -0.979965 0.1823165 0.08018296 -0.97997 0.1822795 0.08020615 -0.979969 0.1822865 0.08020269 -0.97997 0.1822794 0.08020663 0.1786637 0.9668146 0.1826164 0.1787075 0.9668067 0.182616 0.9785766 -0.1809151 0.09827375 0.9785853 -0.1808579 0.09829264 -0.1781108 -0.9638487 -0.1981723 -0.1781594 -0.9638376 -0.1981828 -0.9768754 0.1805998 -0.1144474 -0.9768856 0.1805421 -0.1144518 -3.73921e-7 0 1 -0.974328 0.1811321 -0.133702 -0.974328 0.1811321 -0.133702 -0.974328 0.1811321 -0.133702 -0.9742856 0.1813554 -0.1337085 -0.9742856 0.1813553 -0.1337085 -0.9742856 0.1813553 -0.1337085 -0.9776766 0.180173 0.108102 -0.9776877 0.1801081 0.1081104 -0.9777037 0.1800133 0.1081236 -0.9776738 0.1801909 0.1080979 -0.9791272 0.1803051 0.09380882 -0.9790989 0.1804698 0.09378808 -0.9790903 0.1805222 0.09377682 -0.9791293 0.1802923 0.09381055 -0.1797533 -0.981537 0.06537634 -0.1799598 -0.9815039 0.06530463 -0.1799598 -0.9815039 0.06530451 -0.1799598 -0.9815039 0.06530439 -0.1813855 -0.9790237 0.09280073 -0.1813747 -0.9790257 0.09280073 -0.1814796 -0.9790059 0.09280478 -0.1813904 -0.9790228 0.09280079 -0.1824318 -0.9832172 -0.001598775 -0.1822344 -0.9832538 -0.001588821 -0.1821776 -0.9832643 -0.001583218 -0.1824398 -0.9832158 -0.001598656 0.9801539 -0.1826218 0.07712113 0.9801952 -0.1824091 0.07710015 0.9801952 -0.1824091 0.07710015 0.9801952 -0.1824091 0.07710015 0.9690338 -0.1786089 -0.170506 0.9690339 -0.1786084 -0.1705059 0.9690278 -0.1786438 -0.1705045 0.9690352 -0.1786016 -0.1705063 0.9766228 -0.1798096 -0.117798 0.9765545 -0.1801466 -0.1178494 0.9765048 -0.1803805 -0.1179037 0.9766256 -0.1797958 -0.1177965 0.1788387 0.9762657 -0.122156 0.1790763 0.9762287 -0.1221041 0.1790763 0.9762287 -0.1221041 0.1790763 0.9762287 -0.1221041 0.1799024 0.9713157 -0.1555023 0.1798735 0.971322 -0.1554973 0.1798747 0.9713216 -0.1554976 0.1798843 0.9713198 -0.1554979 0.182438 0.9829475 -0.02303439 0.1822696 0.9829797 -0.02299398 0.1822686 0.9829799 -0.02299386 0.182365 0.9829615 -0.02301633 -0.7499585 0.623775 0.2201524 -0.7499315 0.6238076 0.2201521 0.6349707 0.7632944 0.1191376 0.6349254 0.7633288 0.119159 0.7466238 -0.6209956 -0.2385738 0.7465876 -0.6210337 -0.2385878 -0.6333501 -0.7613472 -0.1386303 -0.6333163 -0.7613744 -0.1386346 -1.20944e-6 0 1 1.20943e-6 0 1 -0.6347926 -0.7610276 -0.1336987 -0.634396 -0.7613658 -0.1336569 -0.634396 -0.7613658 -0.1336568 -0.634396 -0.7613658 -0.1336567 -0.6353754 -0.7645992 0.1081025 -0.6353747 -0.7646 0.108101 -0.6353732 -0.7646012 0.1081011 -0.6353885 -0.7645889 0.1080985 -0.6361758 -0.7658207 0.09380292 -0.6362355 -0.7657725 0.09379273 -0.63624 -0.7657689 0.09379148 -0.6360914 -0.7658895 0.09381353 0.7680186 -0.6370956 0.06524378 0.7680186 -0.6370956 0.06524378 0.7680185 -0.6370956 0.06524378 0.7680978 -0.6369943 0.06530004 0.7680978 -0.6369943 0.06529986 0.7680979 -0.6369944 0.06529986 0.7652473 -0.637012 0.09280252 0.7651528 -0.6371248 0.09280818 0.7652075 -0.6370595 0.0928052 0.7652756 -0.6369785 0.09279954 0.7682934 -0.640096 -0.00159353 0.7684831 -0.6398682 -0.001589536 0.7684283 -0.6399339 -0.001594662 0.7683496 -0.6400285 -0.001597881 0.6386882 0.7655912 0.07711976 0.63854 0.7657164 0.07710397 0.63854 0.7657164 0.07710397 0.63854 0.7657165 0.07710391 0.6297087 0.75789 -0.1704992 0.6297463 0.7578592 -0.1704964 0.6296999 0.7578972 -0.1704995 0.62974 0.7578642 -0.1704974 0.6347734 0.7636589 -0.1178469 0.6347734 0.7636589 -0.117847 0.6347734 0.7636588 -0.117847 0.6345661 0.7638386 -0.1177991 0.6345661 0.7638386 -0.117799 0.6345661 0.7638385 -0.117799 -0.7640514 0.6334857 -0.1221535 -0.7638645 0.633722 -0.1220971 -0.7638645 0.633722 -0.1220973 -0.7638645 0.633722 -0.1220972 -0.7592116 0.6319953 -0.1554982 -0.7592638 0.631936 -0.1554848 -0.7591693 0.6320433 -0.15551 -0.7591927 0.6320164 -0.1555048 -0.7681175 0.6398948 -0.02303123 -0.7682907 0.639689 -0.02297133 -0.7683214 0.6396522 -0.02296268 -0.7681651 0.6398382 -0.02301263 0.491271 -0.8534915 0.1737968 0.4913065 -0.8534715 0.173794 0.4913138 -0.8534671 0.1737951 0.4912961 -0.8534771 0.1737959 -0.8449066 -0.4943683 0.2042865 -0.8448847 -0.4944001 0.2043001 -0.8448799 -0.4944068 0.2043035 -0.8449054 -0.4943703 0.2042866 -0.4890941 0.8505176 -0.1934082 -0.4891099 0.8505104 -0.1933997 -0.4891164 0.8505071 -0.1933978 -0.4891014 0.8505139 -0.1934061 0.8399377 0.4904943 -0.232207 0.8399249 0.490516 -0.2322077 0.8399363 0.4904969 -0.2322067 0.8399347 0.490499 -0.232208 0.06713539 0.6288278 -0.7746408 0.06715422 0.6288211 -0.7746446 0.06706756 0.6288431 -0.7746344 0.06704717 0.628845 -0.7746345 -1.28748e-6 0 1 0.2851004 0.7445797 -0.6035884 0.2850562 0.744603 -0.6035804 0.2850745 0.7445937 -0.6035833 0.2851184 0.7445716 -0.6035899 0.1487954 0.2793477 -0.948591 0.1488483 0.2792913 -0.9485993 0.1488289 0.2792783 -0.9486061 0.1488192 0.279327 -0.9485933 0.8539897 0.5096271 0.1047945 0.8539999 0.509609 0.1047993 0.8539984 0.5096117 0.1047984 0.8540123 0.5095876 0.1048029 -0.3775434 0.8234628 -0.4235211 -0.3776019 0.8234592 -0.4234758 -0.377579 0.8234649 -0.4234855 -0.3775494 0.8234783 -0.4234853 -0.1214669 0.249202 -0.9608039 -0.1214818 0.2491999 -0.9608027 -0.1215001 0.249202 -0.9607998 -0.1214731 0.2491965 -0.9608046 -0.447313 0.7970142 -0.4058073 -0.4472923 0.7970242 -0.4058104 -0.447298 0.7970221 -0.4058083 -0.4473084 0.7970166 -0.4058077 -0.3663252 -0.7586897 0.5386983 -0.3662803 -0.758709 0.5387017 -0.3663046 -0.7586984 0.5387001 -0.3663129 -0.7586945 0.5386999 -0.2348089 -0.3288997 0.9147076 -0.234843 -0.3289079 0.9146958 -0.234856 -0.3288961 0.9146967 -0.2348359 -0.3289232 0.9146921 -0.849194 -0.5079819 -0.1443056 -0.8491892 -0.5079918 -0.1442991 -0.8491962 -0.5079769 -0.1443098 -0.8491827 -0.5080051 -0.1442899 0.4040572 -0.8462004 0.3473944 0.4040922 -0.8461835 0.3473945 0.4040992 -0.8461813 0.3473919 0.4040471 -0.8461945 0.3474203 0.1815734 -0.3462124 0.9204173 0.1816194 -0.3462041 0.9204114 0.1815841 -0.346209 0.9204166 0.1816067 -0.3461999 0.9204155 0.4574258 -0.8115993 0.3634123 0.4573947 -0.8116222 0.3633998 0.457417 -0.8116053 0.3634098 0.4574219 -0.8116013 0.3634124 -0.9637327 -0.2095878 0.1652039 -0.9637249 -0.2096229 0.165205 -0.9637304 -0.2095971 0.1652058 -0.9637262 -0.2096157 0.1652067 -0.268992 0.9558503 0.1182947 -0.2689798 0.9558544 0.118289 -0.2689814 0.9558541 0.1182885 -0.2690217 0.9558408 0.118304 0.9602476 0.2084156 -0.1857087 0.9602473 0.2084194 -0.185705 0.9602492 0.2084079 -0.1857088 0.960247 0.2084184 -0.1857078 0.2703999 -0.9520382 -0.1432034 0.2704082 -0.9520352 -0.1432078 0.2704019 -0.9520373 -0.1432059 0.2704153 -0.9520332 -0.143208 -0.6247817 0.274336 -0.7310183 -0.6247905 0.2743242 -0.7310152 -0.6248124 0.2742971 -0.7310066 -0.6248047 0.2743067 -0.7310095 1.28712e-6 0 1 -6.43434e-7 0 1 -0.662466 0.1318113 -0.737404 -0.6624916 0.1317949 -0.737384 -0.6624964 0.1317914 -0.7373803 -0.6624822 0.1318038 -0.7373908 -0.2489169 0.2390285 -0.9385659 -0.2488622 0.2390393 -0.9385775 -0.2488687 0.239016 -0.9385818 -0.248838 0.2390307 -0.9385862 0.2340399 -0.9625886 0.1365604 0.2337881 -0.9626447 0.1365953 -0.4624808 0.3136169 -0.8293105 -0.4625086 0.3135972 -0.8293026 -0.4624779 0.3136202 -0.829311 -0.4624872 0.3136128 -0.8293085 -0.3136875 0.07204794 -0.946789 -0.3137069 0.07196921 -0.9467885 -0.3137246 0.07196348 -0.9467831 -0.31368 0.07204908 -0.9467914 0.9497929 0.2013298 -0.2394992 0.9497971 0.2013083 -0.2395007 0.9498059 0.2012677 -0.2394999 0.9497995 0.201298 -0.2394992 0.6331871 -0.1465159 0.7600048 0.6332257 -0.1464673 0.7599819 0.633207 -0.1464896 0.7599933 0.6332021 -0.1464944 0.7599964 0.2607847 -0.406626 0.8755837 0.2607792 -0.4066271 0.8755848 0.2607932 -0.4066426 0.8755735 0.2607951 -0.4065672 0.8756079 -0.2300091 0.9606198 -0.1559019 -0.2300033 0.9606209 -0.1559038 -0.2299702 0.9606271 -0.155915 -0.2300285 0.9606162 -0.1558951 0.4514605 -0.2864102 0.8450756 0.4514875 -0.2863876 0.8450688 0.4514797 -0.2863926 0.8450711 0.4514685 -0.286397 0.8450758 0.4501851 -0.0207352 0.8926945 0.4502112 -0.02067756 0.8926827 0.4501973 -0.02068191 0.8926897 0.4502019 -0.02072697 0.8926862 -0.9535968 -0.2021903 0.223097 -0.9535986 -0.2021848 0.2230947 -0.9535933 -0.2022055 0.2230987 -0.9535864 -0.2022277 0.2231075 0.4633395 0.8650878 0.1921969 0.4633077 0.865104 0.1922008 0.4632733 0.8651213 0.1922056 0.4633039 0.8651059 0.192201 0.8812359 -0.4708897 0.04106324 0.8815389 -0.4703066 0.04124325 0.8815742 -0.4702368 0.04128187 0.8813888 -0.4705969 0.04113984 -0.4645578 -0.8673065 -0.1787895 -0.4646043 -0.8672794 -0.1787994 -0.4645599 -0.8673052 -0.1787903 -0.4646314 -0.8672637 -0.1788055 -0.8819458 0.4706388 -0.02590101 -0.881928 0.4706723 -0.02590221 -0.8819118 0.4707024 -0.02590048 -0.8818894 0.4707446 -0.0258997 5.80137e-7 0 1 -1.16029e-6 0 1 -0.8738256 0.4672687 -0.1344954 -0.8736488 0.4675874 -0.1345354 -0.8738181 0.4672816 -0.1344983 -0.8737978 0.4673184 -0.1345033 -0.8791452 0.4672114 -0.09390103 -0.879155 0.4671934 -0.09389841 -0.8791626 0.4671796 -0.09389579 -0.8791484 0.4672055 -0.09390002 -0.8628808 0.4599896 0.2093952 -0.8628896 0.4599719 0.2093982 -0.8628711 0.4600095 0.2093921 -0.8628748 0.4600021 0.2093926 -0.4677289 -0.8814055 0.0659849 -0.4678453 -0.8813416 0.06601279 -0.4678454 -0.8813417 0.06601279 -0.4678454 -0.8813416 0.06601279 -0.4593326 -0.8871939 0.04359549 -0.4593151 -0.8872029 0.04359906 -0.45929 -0.8872156 0.04360282 -0.4592971 -0.8872119 0.04360127 -0.4678695 -0.8837931 -0.002801358 -0.4678834 -0.8837858 -0.00280106 -0.467912 -0.8837708 -0.002797603 -0.4678925 -0.883781 -0.002800166 0.8791112 -0.4701906 0.07800161 0.8791112 -0.4701905 0.07800161 0.8791112 -0.4701905 0.07800161 0.8790856 -0.4702383 0.07800364 0.8790856 -0.4702383 0.07800388 0.8790856 -0.4702383 0.07800382 0.8822587 -0.469285 0.03729838 0.8822677 -0.4692681 0.03729891 0.8822413 -0.4693182 0.03729641 0.882241 -0.4693183 0.03729897 0.8493273 -0.452873 -0.2711997 0.8492982 -0.4529234 -0.2712063 0.8492015 -0.4530863 -0.2712372 0.8493275 -0.4528729 -0.2711995 0.4652449 0.8766334 -0.1227235 0.4655877 0.8764556 -0.1226941 0.4655877 0.8764555 -0.1226941 0.4655877 0.8764555 -0.1226941 0.4534041 0.8856666 -0.1000978 0.453395 0.8856713 -0.1000974 0.4533867 0.8856755 -0.1000971 0.4533801 0.8856789 -0.1000977 0.464511 0.8832225 -0.06440049 0.4645111 0.8832225 -0.0644018 0.4645267 0.8832138 -0.06440854 0.4645195 0.8832178 -0.06440472 0.4663028 0.8830719 -0.05240082 0.466332 0.8830561 -0.05240583 0.466323 0.8830609 -0.0524044 0.4662771 0.8830857 -0.05239653 0.8868042 -0.4620877 -0.007298648 0.886805 -0.4620862 -0.007298767 0.8868005 -0.4620949 -0.007299244 0.8868135 -0.4620701 -0.007296323 -0.4670062 -0.8836858 0.03169828 -0.4670086 -0.8836845 0.03169709 -0.4669979 -0.8836902 0.031699 -0.4670142 -0.8836817 0.03169697 -0.8869348 0.4618032 -0.009197354 -0.8869373 0.4617984 -0.009197354 -0.8869201 0.4618313 -0.009204268 -0.8869329 0.4618068 -0.009198069 -0.005093157 0.01660269 -0.9998492 -0.005181729 0.01677739 -0.9998459 1.06961e-6 0 1 -1.06962e-6 0 1 -0.7682675 0.05122506 -0.6380763 -0.768279 0.05116313 -0.6380673 -0.768275 0.05118662 -0.6380702 -0.7682716 0.0512284 -0.638071 -0.899739 0.4022609 -0.169281 -0.8996991 0.402334 -0.1693191 -0.8997102 0.4023141 -0.1693078 -0.8997343 0.4022725 -0.1692783 -0.8150731 0.4192171 0.3998913 -0.8150799 0.4192025 0.3998926 -0.8150976 0.4191665 0.3998941 -0.8150714 0.4192203 0.3998914 -0.7159265 -0.6095395 -0.3404571 -0.7159357 -0.6094879 -0.34053 -0.7159361 -0.6094869 -0.3405311 -0.7158962 -0.6095413 -0.3405174 -0.5680211 -0.783235 0.2527749 -0.5679526 -0.7832766 0.2527998 -0.567942 -0.7832826 0.2528051 -0.5680159 -0.7832419 0.2527647 -0.4650443 -0.8780084 -0.1132923 -0.4650188 -0.8780207 -0.1133012 -0.4649619 -0.8780485 -0.1133192 -0.464986 -0.8780367 -0.1133119 0.803882 -0.08494997 0.5886912 0.8038937 -0.08487176 0.5886866 0.8038899 -0.08485621 0.5886938 0.8038927 -0.08493202 0.5886793 0.907652 -0.4081912 0.09771418 0.907637 -0.4082255 0.09770888 0.907627 -0.4082472 0.09771114 0.9076836 -0.4079738 0.09832602 0.8041225 -0.412431 -0.4281213 0.8041377 -0.4124084 -0.4281145 0.8041362 -0.4124104 -0.4281153 0.8041312 -0.4124178 -0.4281176 0.7203387 0.6286997 0.2929998 0.7203747 0.6286638 0.2929881 0.7203882 0.6286411 0.2930036 0.7203434 0.6286935 0.2930017 0.5567359 0.7624583 -0.3297009 0.5566776 0.7625036 -0.3296946 0.5566532 0.7625209 -0.3296955 0.5567335 0.7624652 -0.3296889 0.4696807 0.8791857 0.08020448 0.4696832 0.8791844 0.08020323 0.4696893 0.8791816 0.08019912 0.4696837 0.8791841 0.08020293 0.9877569 0.01938718 0.154792 0.9877566 0.01939612 0.1547932 0.987756 0.0194121 0.1547947 0.9877565 0.01939767 0.1547929 0.02083981 -0.9995543 0.0213803 0.02075654 -0.9995564 0.02136206 0.02083897 -0.9995542 0.02138382 0.0209071 -0.9995524 0.02140146 -0.9850804 -0.01935893 -0.1710027 -0.985081 -0.0194506 -0.1709892 -0.9850807 -0.0194 -0.1709966 -0.9850803 -0.01934796 -0.1710042 -0.02074778 0.9990851 -0.03739619 -0.02091199 0.9990816 -0.03740227 -0.02081942 0.9990836 -0.03739982 -0.02064287 0.9990876 -0.03739011 5.95627e-5 0 -1 -3.25744e-5 0 -1 1.43489e-6 0 1 -0.0197882 0.9907173 -0.1344905 -0.0197882 0.9907173 -0.1344905 -0.0197882 0.9907174 -0.1344905 -0.01966953 0.9907175 -0.1345064 -0.01966953 0.9907175 -0.1345065 -0.01966953 0.9907175 -0.1345063 -0.0216391 0.995402 -0.09330916 -0.02182668 0.9954004 -0.09328353 -0.02163863 0.9954022 -0.09330809 -0.02172046 0.9954014 -0.09329724 -0.0208013 0.9735803 0.2273957 -0.02085459 0.973577 0.227405 -0.0206952 0.9735869 0.2273769 -0.02078586 0.9735811 0.2273934 -0.9975672 -0.02282589 0.06587022 -0.9975672 -0.02282583 0.06587028 -0.9975672 -0.02282583 0.06587028 -0.9975636 -0.02290165 0.06589788 -0.9975636 -0.02290171 0.06589788 -0.9975636 -0.02290171 0.06589782 -0.9984368 -0.03459644 0.04390043 -0.9984363 -0.03460627 0.04390233 -0.9984368 -0.0345965 0.04390096 -0.998436 -0.03461432 0.04390257 -0.9995197 -0.02683699 0.01549679 -0.9995211 -0.02678233 0.01550298 -0.999521 -0.0267902 0.01550155 -0.9995208 -0.02679479 0.01550066 0.01985347 -0.9967563 0.07799237 0.01987713 -0.9967549 0.07800441 0.01955783 -0.9967639 0.07797032 0.01983624 -0.9967566 0.07799375 0.02178823 -0.9991107 0.03610038 0.02192658 -0.9991075 0.03610354 0.02178949 -0.9991106 0.03610014 0.02178531 -0.9991108 0.03610068 0.02075654 -0.9669038 -0.2542958 0.02068406 -0.9669036 -0.2543027 0.02065163 -0.9669033 -0.2543064 0.02077102 -0.9669038 -0.2542944 0.9921832 0.02274221 -0.1227006 0.9921909 0.02251362 -0.1226806 0.9921864 0.02264404 -0.1226928 0.9921839 0.02272129 -0.1226993 0.9944643 0.03407442 -0.09939759 0.994465 0.03405684 -0.09939628 0.9944635 0.03410196 -0.09939599 0.9944627 0.03412276 -0.09939652 0.9986054 0.02661734 -0.0455935 0.9986057 0.02658051 -0.04560846 0.9986056 0.02659648 -0.04560184 0.9986054 0.02661454 -0.04559433 0.9986351 0.0251106 -0.04580056 0.9986358 0.02507179 -0.04580581 0.9986355 0.02508574 -0.04580384 0.9986346 0.02513539 -0.04579728 0.03062045 -0.9995107 -0.00639832 0.03061717 -0.9995107 -0.006398856 0.03059232 -0.9995114 -0.006400644 0.03060066 -0.9995113 -0.006399989 -0.9993067 -0.02488029 0.02769756 -0.9993075 -0.02485263 0.02769368 -0.9993068 -0.02487665 0.02769678 -0.9993069 -0.02487397 0.02769684 -0.03099828 0.9994875 -0.008000075 -0.03099811 0.9994875 -0.008000493 -0.03096479 0.9994885 -0.008006036 -0.03101283 0.9994871 -0.007997274 0.01204538 0.01258885 -0.9998482 0.01208406 0.01269 -0.9998465 -0.331134 0.6951034 -0.6381078 -0.3312133 0.6950899 -0.6380814 -0.3312345 0.6950821 -0.6380788 -0.331137 0.6951096 -0.6380996 -0.0892347 0.9815207 -0.1692762 -0.08917546 0.9815189 -0.1693176 -0.08920091 0.981518 -0.1693093 -0.0892291 0.9815195 -0.1692854 -0.03300821 0.9159697 0.3998873 -0.03302514 0.9159688 0.3998881 -0.03301733 0.915969 0.3998886 -0.03300464 0.9159703 0.3998865 -0.881827 0.3263028 -0.3404521 -0.8817871 0.326333 -0.3405264 -0.8818088 0.3263016 -0.3405005 -0.8818174 0.3262728 -0.3405058 -0.9609798 0.1123428 0.2527788 -0.9609829 0.1122671 0.2528005 -0.960983 0.1122543 0.2528058 -0.9609834 0.1123349 0.2527682 -0.9932773 -0.02377796 -0.1132908 -0.993276 -0.02380043 -0.1132979 -0.9932751 -0.02381819 -0.1133026 -0.9932763 -0.02379745 -0.1132965 0.3190394 -0.7427237 0.5887067 0.3191267 -0.7426918 0.5886995 0.3191418 -0.7426882 0.5886958 0.3190626 -0.7427266 0.5886904 0.08796173 -0.9913212 0.09769964 0.08787012 -0.9913274 0.09771925 0.08789157 -0.9913266 0.09770715 0.08812075 -0.9912452 0.09832561 0.03361338 -0.9031062 -0.4280998 0.03359323 -0.9031053 -0.4281032 0.03359091 -0.903105 -0.428104 0.03358262 -0.9031042 -0.4281066 0.9007086 -0.3207615 0.2929782 0.9006777 -0.3208169 0.2930126 0.9006858 -0.3208046 0.2930012 0.9007061 -0.3207651 0.2929818 0.9373359 -0.1126274 -0.3297218 0.9373466 -0.1125549 -0.3297161 0.9373444 -0.1125729 -0.3297163 0.9373425 -0.1126678 -0.3296896 0.9965724 0.020298 0.08019602 0.9965726 0.02029424 0.08019417 0.9965704 0.0203284 0.08021539 0.9965726 0.02029424 0.08019542 0.02121984 -0.9829553 0.1826164 0.02117079 -0.9829564 0.1826156 -0.9949294 -0.02139687 0.09827345 -0.9949263 -0.0214563 0.09829217 -0.0211547 0.979939 -0.1981719 -0.02110719 0.9799377 -0.1981834 0.9931997 0.02136117 -0.1144473 0.9931979 0.0214225 -0.1144518 1.94172e-5 0 -1 1.44894e-6 0 1 0.9908206 0.01999258 -0.133697 0.9908158 0.02023088 -0.133697 0.9908158 0.02023088 -0.1336969 0.9908158 0.02023094 -0.1336969 0.993897 0.02193892 0.1081089 0.9938984 0.02191156 0.1081015 0.9939019 0.02181774 0.1080886 0.9938978 0.02192091 0.1081046 0.9953422 0.0222038 0.09381318 0.9953567 0.02180016 0.0937547 0.9953481 0.02203047 0.0937922 0.9953448 0.02212142 0.0938062 -0.02313774 0.9975923 0.06537783 -0.02298265 0.9976004 0.06531041 -0.02298265 0.9976003 0.06531035 -0.02298265 0.9976003 0.06531018 -0.02112501 0.9954612 0.09279471 -0.02108854 0.9954617 0.09279686 -0.02093386 0.9954645 0.09280294 -0.02112007 0.9954612 0.09279489 -0.02076065 0.9997832 -0.001593768 -0.02105629 0.9997771 -0.001589715 -0.02111417 0.9997759 -0.001584112 -0.02084833 0.9997814 -0.00159806 -0.9968155 -0.02038472 0.07709437 -0.9968154 -0.02038472 0.07709437 -0.9968166 -0.02029722 0.0771014 -0.9968166 -0.02029722 0.07710134 -0.9968166 -0.02029722 0.07710134 -0.9851168 -0.02177172 -0.1705018 -0.985117 -0.02176904 -0.1705012 -0.9851167 -0.02178114 -0.1705018 -0.9851166 -0.02177935 -0.1705019 -0.9927921 -0.02208697 -0.1177968 -0.9927936 -0.02188438 -0.1178218 -0.9927937 -0.02197319 -0.1178049 -0.992792 -0.0221011 -0.1177953 0.02263385 -0.9922605 -0.1220932 0.02263092 -0.9922624 -0.1220793 0.02261966 -0.992263 -0.122076 0.02271354 -0.9922585 -0.1220954 0.02091073 -0.9876147 -0.1554996 0.02075898 -0.9876135 -0.1555272 0.02066284 -0.987613 -0.155543 0.0209288 -0.9876149 -0.1554956 0.02065497 -0.9995206 -0.02306306 0.02105706 -0.9995144 -0.02296978 0.02110552 -0.9995136 -0.02296131 0.02086865 -0.9995175 -0.02300828 0.860922 -0.4586355 0.220152 0.8609021 -0.4586728 0.2201523 -0.4668927 -0.8762521 0.1191369 -0.4668402 -0.876277 0.1191598 -0.8570907 0.4565936 -0.2385748 -0.8570654 0.4566345 -0.2385871 0.4657003 0.8740167 -0.1386301 0.4656608 0.8740369 -0.1386343 1.25609e-5 0 -1 -2.41889e-6 0 1 0.4669622 0.8741125 -0.1336928 0.4667466 0.874226 -0.1337036 0.4668633 0.8741638 -0.1337028 0.4669485 0.8741202 -0.1336905 0.4670605 0.8775941 0.1080892 0.4670229 0.8776127 0.1081003 0.4670211 0.8776137 0.1081007 0.4669914 0.8776286 0.1081072 0.4674761 0.8790135 0.09381693 0.4677119 0.8788914 0.09378546 0.4677591 0.8788674 0.09377443 0.4676337 0.8789312 0.09380275 -0.8812975 0.4680295 0.06529343 -0.8812975 0.4680295 0.06529349 -0.8812975 0.4680295 0.06529349 -0.8813191 0.4679877 0.06530326 -0.881319 0.4679876 0.06530308 -0.8813191 0.4679877 0.06530314 -0.8786026 0.4684513 0.09279495 -0.8785098 0.4686236 0.09280383 -0.8785049 0.4686329 0.09280395 -0.8786008 0.4684548 0.09279525 -0.8822771 0.4707278 -0.001602292 -0.8822361 0.4708045 -0.001602172 -0.882286 0.4707112 -0.001594483 -0.8823184 0.4706504 -0.001605093 -0.4697721 -0.8794161 0.07708352 -0.4697721 -0.879416 0.07708352 -0.4697721 -0.8794161 0.07708352 -0.4699665 -0.8793106 0.07710111 -0.4699665 -0.8793106 0.07710105 -0.4699665 -0.8793106 0.07710093 -0.4627946 -0.869914 -0.1705021 -0.4627506 -0.8699368 -0.1705048 -0.462825 -0.8698981 -0.1705005 -0.4628306 -0.8698951 -0.1705006 -0.4663146 -0.8767409 -0.1177969 -0.466418 -0.8766851 -0.1178039 -0.4665445 -0.8766134 -0.1178352 -0.4664704 -0.8766574 -0.1178026 0.8765488 -0.4655745 -0.1220773 0.8765487 -0.4655744 -0.1220774 0.8765487 -0.4655744 -0.1220773 0.8765976 -0.4654766 -0.122099 0.8765977 -0.4654767 -0.1220991 0.8765977 -0.4654768 -0.1220991 0.8716492 -0.464809 -0.1555013 0.8716902 -0.4647373 -0.1554847 0.8716661 -0.4647796 -0.1554934 0.8716582 -0.4647933 -0.1554968 0.8820619 -0.4705726 -0.02298784 0.8820561 -0.4705833 -0.02299249 0.8820118 -0.4706653 -0.02301132 0.8820085 -0.4706713 -0.0230152 -0.6542932 0.735999 0.1737989 -0.6542909 0.7360008 0.1737996 -0.6542968 0.7359957 0.173799 -0.6542786 0.7360116 0.1738004 0.7270292 0.6555077 0.2042997 0.727 0.6555354 0.2043145 0.7270268 0.6555096 0.2043021 0.727028 0.6555085 0.2043012 0.6514895 -0.7335926 -0.1933996 0.6515024 -0.7335832 -0.1933915 0.6515081 -0.7335789 -0.1933891 0.6514958 -0.733588 -0.1933959 -0.7229451 -0.6507142 -0.2322102 -0.7229292 -0.6507318 -0.2322099 -0.7229441 -0.6507154 -0.2322101 -0.7229412 -0.6507183 -0.2322104 0.06184792 -0.6293634 -0.7746462 0.06189703 -0.6294059 -0.7746077 0.06191807 -0.6293653 -0.7746391 0.06186002 -0.6294057 -0.7746108 -0.1280903 -0.7869566 -0.6035662 -0.1281079 -0.7869522 -0.6035684 -0.1281273 -0.7869467 -0.6035714 -0.1281079 -0.7869516 -0.6035692 -0.08902227 -0.3036144 -0.9486271 -0.089042 -0.3036034 -0.9486288 -0.08902424 -0.3035933 -0.9486336 -0.08900105 -0.3036208 -0.948627 -0.732858 -0.6722631 0.1047936 -0.7328698 -0.6722496 0.1047974 -0.7328679 -0.6722517 0.1047969 -0.7328569 -0.6722642 0.1047935 0.5367825 -0.7297076 -0.4235465 0.5368295 -0.7297024 -0.4234958 0.5368086 -0.729711 -0.4235073 0.5367505 -0.7297432 -0.4235255 0.1694952 -0.2193032 -0.9608213 0.1695083 -0.2193029 -0.960819 0.1695266 -0.2193012 -0.9608162 0.1695017 -0.2193067 -0.9608193 0.5997952 -0.6896151 -0.405804 0.5998156 -0.6895978 -0.4058031 0.5997835 -0.6896244 -0.4058052 0.5998277 -0.6895885 -0.405801 0.2047066 0.8172349 0.5387228 0.204715 0.8172334 0.538722 0.2046951 0.8172373 0.5387237 0.2046985 0.8172356 0.538725 0.163235 0.3697157 0.9146937 0.1632249 0.3697158 0.9146956 0.163238 0.3697065 0.914697 0.1632334 0.3696818 0.9147077 0.7284312 0.6697508 -0.144298 0.7284485 0.6697282 -0.1443157 0.728434 0.6697471 -0.1443008 0.7284405 0.6697387 -0.1443076 -0.56734 0.7466138 0.3474093 -0.567377 0.7465916 0.3473967 -0.5673841 0.7465862 0.3473967 -0.567367 0.7466002 0.3473944 -0.2480049 0.3022052 0.9204161 -0.2480056 0.3022055 0.9204158 -0.2480162 0.3021993 0.9204149 -0.2479909 0.3022055 0.9204197 -0.6125922 0.701907 0.3633969 -0.6125944 0.7019056 0.363396 -0.6125832 0.7019181 0.3633908 -0.6126204 0.7018753 0.3634108 0.7673014 0.6195902 0.1653981 0.7672994 0.6195922 0.1654002 0.7672889 0.6196051 0.1654008 0.7672865 0.6196083 0.1653996 0.6692152 -0.7335739 0.1184079 0.6691737 -0.7336148 0.1183887 0.6691861 -0.7336025 0.1183954 0.6691893 -0.7335994 0.1183969 -0.7647182 -0.6169355 -0.1860022 -0.7647321 -0.6169169 -0.1860067 -0.7647153 -0.6169394 -0.1860013 -0.7647213 -0.6169309 -0.1860049 -0.668709 0.7295659 -0.1433948 -0.6686812 0.729591 -0.1433965 -0.668686 0.7295865 -0.1433967 -0.6686953 0.7295779 -0.1433969 0.6814845 0.03508424 -0.7309911 0.6814832 0.03507608 -0.7309927 0.681487 0.03509408 -0.7309883 0.6814891 0.03510439 -0.7309859 7.33454e-7 0 1 0.651205 0.1792911 -0.737419 0.6512151 0.1793143 -0.7374044 0.6512178 0.1793199 -0.7374007 0.6512142 0.1793073 -0.737407 0.3296361 -0.1020246 -0.9385793 0.3295963 -0.1020658 -0.9385887 0.3295873 -0.1020406 -0.9385948 0.3296109 -0.1020674 -0.9385835 -0.6409287 0.7553556 0.1365596 -0.6407293 0.7555182 0.1365957 0.554005 -0.07290935 -0.8293146 0.5539976 -0.07292407 -0.8293183 0.5540016 -0.07291585 -0.8293163 0.5540082 -0.07290142 -0.8293132 0.3126795 0.07625508 -0.946793 0.3126841 0.07633602 -0.9467849 0.3126963 0.07634711 -0.9467799 0.3127216 0.07625043 -0.9467794 -0.7586216 -0.6059128 -0.2395058 -0.7586328 -0.6058989 -0.2395052 -0.7586287 -0.6059034 -0.2395073 -0.7586119 -0.6059246 -0.2395067 -0.6316214 -0.1529955 0.7600308 -0.631628 -0.1530265 0.7600191 -0.631621 -0.1529979 0.7600308 -0.6316254 -0.1530191 0.7600227 -0.4154639 0.2464604 0.8755838 -0.4154897 0.2464535 0.8755736 -0.4155085 0.2464122 0.8755763 -0.4154476 0.2464037 0.8756075 0.6365175 -0.7553459 -0.1558785 0.6364748 -0.7553783 -0.1558964 0.6364481 -0.7553983 -0.1559076 0.6364971 -0.7553613 -0.155887 -0.5320197 0.05341625 0.8450455 -0.5320209 0.05341464 0.8450448 -0.5320375 0.05338054 0.8450366 -0.5320197 0.0533989 0.8450465 -0.4116077 -0.1833803 0.8927211 -0.4115966 -0.1834406 0.8927137 -0.4115948 -0.1834321 0.8927163 -0.4116413 -0.1833514 0.8927115 0.7615745 0.6084698 0.2230895 0.7615776 0.6084668 0.2230869 0.7615637 0.6084825 0.2230917 0.7615486 0.6084985 0.2230995 -0.02614104 -0.9809703 0.1923902 -0.02610594 -0.9809707 0.1923934 -0.02602046 -0.9809705 0.1924055 -0.02614927 -0.9809703 0.1923891 -0.9988309 0.02515465 0.04128122 -0.9988319 0.02505677 0.04131555 -0.9988324 0.02502006 0.04132705 -0.9988322 0.02501702 0.04133188 0.02619272 0.9835007 -0.1789986 0.0261985 0.9835003 -0.1789999 0.02624237 0.9834976 -0.1790077 0.02623158 0.9834983 -0.179006 0.9993417 -0.02539515 -0.02591067 0.999347 -0.02519422 -0.02590179 0.9993484 -0.02513247 -0.02590799 0.9993424 -0.02537107 -0.02590692 -1.71595e-6 0 -1 -2.68655e-7 0 1 0.9905814 -0.0257281 -0.1344865 0.9905814 -0.0257281 -0.1344864 0.9905815 -0.0257281 -0.1344864 0.9905785 -0.02578926 -0.1344956 0.9905787 -0.02578932 -0.1344956 0.9905786 -0.02578932 -0.1344956 0.995311 -0.02320671 -0.09390187 0.9953117 -0.0231859 -0.09389859 0.9953105 -0.02321732 -0.09390389 0.9953095 -0.02324753 -0.09390723 0.9775316 -0.02409821 0.2094072 0.9775319 -0.0241242 0.209403 0.9775322 -0.0241661 0.2093966 0.9775317 -0.0241121 0.2094046 0.02270138 0.9975624 0.06598597 0.02293962 0.9975566 0.06598991 0.02293956 0.9975566 0.06598991 0.02293956 0.9975566 0.06598979 0.01250487 0.9989709 0.04359745 0.01248615 0.9989711 0.04360073 0.01250553 0.9989709 0.04359787 0.01251238 0.9989709 0.04359596 0.02180564 0.9997584 -0.002799689 0.02177435 0.999759 -0.002801954 0.02180653 0.9997583 -0.002799153 0.02178364 0.9997588 -0.002801895 -0.9966096 0.02626389 0.07797104 -0.9966135 0.02602148 0.07800275 -0.9966136 0.02602148 0.07800275 -0.9966135 0.02602148 0.07800275 -0.9990229 0.02371084 0.03730088 -0.9990233 0.02369242 0.03730112 -0.999023 0.02370119 0.03730076 -0.9990231 0.02370059 0.03730088 -0.962226 0.02381205 -0.2712085 -0.962222 0.02387148 -0.2712176 -0.9622313 0.02372938 -0.271197 -0.962226 0.02381151 -0.2712085 -0.0226233 -0.9921832 -0.1227231 -0.02287459 -0.9921803 -0.1226989 -0.02287459 -0.9921804 -0.1226989 -0.02287459 -0.9921804 -0.1226988 -0.007988452 -0.9949448 -0.1001054 -0.008026897 -0.9949446 -0.1001043 -0.008017539 -0.9949448 -0.1001043 -0.008009374 -0.9949448 -0.1001045 -0.0190097 -0.9977428 -0.06440562 -0.01901024 -0.9977427 -0.06440693 -0.01902806 -0.9977419 -0.06441342 -0.01897507 -0.9977443 -0.06439131 -0.02067559 -0.9984071 -0.05249637 -0.02070987 -0.9984061 -0.05250167 -0.02074635 -0.998405 -0.05250638 -0.02069276 -0.9984066 -0.05249905 -0.9998565 0.01529192 -0.007299244 -0.9998566 0.01528751 -0.007298469 -0.9998565 0.0152955 -0.007299005 -0.9998568 0.01526981 -0.007296383 0.02098137 0.9992771 0.03170192 0.02103102 0.9992763 0.03169429 0.02101784 0.9992766 0.0316962 0.02103674 0.9992763 0.03169393 0.999847 -0.01488268 -0.009197354 0.9998463 -0.0149219 -0.009204745 0.9998466 -0.01490968 -0.009202182 0.9998469 -0.01488447 -0.009196698 0.01201075 -0.01255106 -0.9998492 0.01216953 -0.01266998 -0.9998458 -4.19121e-7 0 1 0.7095856 0.298873 -0.6380935 0.7095835 0.298915 -0.638076 0.709575 0.2989388 -0.6380745 0.7095867 0.2988761 -0.6380908 0.984584 0.04403221 -0.1692799 0.9845818 0.04399514 -0.1693019 0.9845818 0.04397332 -0.1693081 0.9845851 0.04401987 -0.1692766 0.9165115 -0.009099721 0.3999049 0.9165112 -0.009080767 0.399906 0.9165112 -0.009088754 0.3999058 0.9165114 -0.009103655 0.3999053 0.3664986 0.8658857 -0.3404715 0.3665199 0.8658605 -0.3405127 0.3665186 0.8658599 -0.3405156 0.3664918 0.8658772 -0.3405002 0.1563293 0.9548087 0.2527878 0.1562513 0.9548103 0.2528299 0.1562811 0.9548119 0.2528051 0.1563214 0.9548128 0.2527775 0.02182817 0.9933217 -0.1132941 0.0217992 0.9933214 -0.1133031 0.02178192 0.9933212 -0.1133077 0.02185511 0.9933221 -0.1132858 -0.756609 -0.2845504 0.5887053 -0.7565913 -0.2846202 0.5886945 -0.7565804 -0.2846341 0.5887016 -0.7566102 -0.2845709 0.5886939 -0.9943152 -0.04232913 0.09770119 -0.9943163 -0.04229301 0.09770584 -0.9943173 -0.04226839 0.09770625 -0.9942461 -0.04253667 0.09831291 -0.9036971 0.007901191 -0.4280995 -0.9037003 0.007872223 -0.4280933 -0.9036954 0.007921695 -0.4281029 -0.9036988 0.007885515 -0.4280962 -0.3618681 -0.8849968 0.2929712 -0.3619101 -0.8849695 0.2930021 -0.3618957 -0.8849778 0.292995 -0.3618468 -0.8849924 0.2930111 -0.1556535 -0.9311675 -0.3296957 -0.1555804 -0.9311819 -0.3296894 -0.1555506 -0.9311846 -0.3296958 -0.1556493 -0.9311727 -0.3296831 -0.02549529 -0.996453 0.08019763 -0.02549827 -0.9964529 0.08019703 -0.02546364 -0.9964522 0.08021718 -0.02549862 -0.996453 0.08019596 -0.8740788 -0.4603937 0.1549968 -0.8740518 -0.4604431 0.1550019 -0.87409 -0.4603728 0.154995 -0.8740968 -0.4603605 0.1549935 -0.466962 0.8840187 0.02138811 -0.467133 0.8839271 0.02144479 -0.4674477 0.883758 0.02155107 -0.4668591 0.8840739 0.02135521 0.8717392 0.4590839 -0.1712098 0.8717203 0.4591224 -0.171203 0.8717218 0.4591191 -0.1712037 0.8717233 0.4591161 -0.1712045 0.4668353 -0.8835532 -0.03739964 0.4666419 -0.8836555 -0.03739392 0.466645 -0.883654 -0.03739362 0.4667424 -0.8836023 -0.03740084 -8.17822e-7 0 1 8.17818e-7 0 1 0.4617561 -0.8767449 -0.1345361 0.4619928 -0.876625 -0.134505 0.4619928 -0.8766249 -0.1345051 0.4619928 -0.876625 -0.1345049 0.4659354 -0.8798865 -0.09329515 0.4659768 -0.8798653 -0.09328877 0.4658941 -0.8799077 -0.09330153 0.465881 -0.8799145 -0.09330374 0.4553142 -0.8607999 0.2274036 0.4552776 -0.8608214 0.2273964 0.4553029 -0.8608065 0.2274016 0.4553421 -0.860784 0.2274084 0.8811973 0.4681206 0.0659874 0.881307 0.4679263 0.0659036 0.8813069 0.4679263 0.06590342 0.8813069 0.4679263 0.06590348 0.8768314 0.4787899 0.04389673 0.8768236 0.4788041 0.04389995 0.8768054 0.4788368 0.0439046 0.876823 0.4788051 0.04389965 0.8812997 0.4723036 0.01549971 0.881304 0.4722957 0.01550066 0.8813002 0.4723027 0.01549977 0.8812969 0.4723086 0.01549911 -0.4648403 0.8819519 0.07800388 -0.4648403 0.8819519 0.07800388 -0.4648403 0.8819519 0.07800388 -0.4647684 0.88199 0.07799983 -0.4647684 0.88199 0.07799988 -0.4647684 0.88199 0.07799983 -0.467563 0.8832224 0.03610044 -0.4676007 0.8832024 0.03610002 -0.4676066 0.8831993 0.03610026 -0.4675604 0.8832237 0.03610044 -0.4522804 0.854856 -0.2542909 -0.4521312 0.85493 -0.2543073 -0.4522303 0.8548812 -0.2542952 -0.4522505 0.8548709 -0.2542937 -0.8764628 -0.4655658 -0.1227253 -0.8766077 -0.4652993 -0.1227005 -0.8766077 -0.4652993 -0.1227006 -0.8766077 -0.4652993 -0.1227005 -0.8735362 -0.4765013 -0.09940332 -0.8735212 -0.476529 -0.09940296 -0.8735226 -0.4765266 -0.09940284 -0.8735361 -0.4765016 -0.0994035 -0.8805817 -0.4716957 -0.04559659 -0.8805972 -0.4716653 -0.04561066 -0.8805901 -0.4716795 -0.04560428 -0.8805831 -0.471693 -0.04559785 -0.8812564 -0.4704052 -0.04589474 -0.8812737 -0.4703722 -0.04589998 -0.881289 -0.4703431 -0.04590421 -0.8812666 -0.4703857 -0.04589772 -0.4756774 0.8795965 -0.006401121 -0.4756761 0.8795973 -0.006401717 -0.4756979 0.8795856 -0.006400227 -0.4757038 0.8795823 -0.006398677 0.8819627 0.4705044 0.02770227 0.8819761 0.4704797 0.02769827 0.8819869 0.4704595 0.02769547 0.8819654 0.4704995 0.02770143 0.4760025 -0.8794076 -0.007999658 0.4760047 -0.8794064 -0.008000195 0.4760186 -0.879399 -0.007996976 0.4760172 -0.8793996 -0.007997155 -0.005070209 -0.01661282 -0.9998492 -0.005132079 -0.0167874 -0.999846 7.53917e-7 0 1 0.6077155 -0.4727804 -0.6380913 0.6077784 -0.472754 -0.638051 0.607796 -0.4727429 -0.6380425 0.6077173 -0.4727897 -0.6380828 0.519907 -0.837283 -0.1692749 0.5198953 -0.8372856 -0.1692978 0.5198781 -0.8372943 -0.1693076 0.5199406 -0.8372648 -0.1692612 0.4402991 -0.8038802 0.3998919 0.4403154 -0.8038708 0.3998929 0.4403084 -0.8038745 0.3998929 0.4402955 -0.8038817 0.3998925 0.934503 0.1038818 -0.3404597 0.9344873 0.1038846 -0.340502 0.934485 0.1038896 -0.3405067 0.9344789 0.1039044 -0.3405187 0.9092814 0.3306214 0.2527781 0.9092501 0.3306905 0.2528007 0.9092444 0.3307023 0.252806 0.909281 0.3306306 0.2527678 0.8770712 0.4668069 -0.1133036 0.8770588 0.4668282 -0.1133105 0.8770731 0.4668036 -0.1133019 0.8771073 0.4667443 -0.1132811 -0.6182809 0.5207287 0.5887024 -0.6183113 0.5206934 0.5887016 -0.618323 0.5206837 0.588698 -0.6182671 0.5207551 0.5886934 -0.5232523 0.8465589 0.09769946 -0.5231758 0.846605 0.09770929 -0.523195 0.8465943 0.09769892 -0.5233604 0.8464197 0.09832471 -0.4350712 0.79211 -0.4281061 -0.4350952 0.7921001 -0.4281001 -0.4350931 0.792101 -0.4281005 -0.435086 0.792104 -0.4281023 -0.9489039 -0.1172071 0.2929914 -0.9489006 -0.1171906 0.2930088 -0.9489016 -0.1172052 0.2929994 -0.9488889 -0.1172268 0.2930321 -0.8882856 -0.3197672 -0.3296933 -0.888259 -0.3198351 -0.329699 -0.8882679 -0.3198203 -0.3296893 -0.8882836 -0.3197712 -0.3296949 -0.8815734 -0.4651849 0.0801959 -0.8815742 -0.4651834 0.08019626 -0.8815777 -0.4651772 0.08019244 -0.8815755 -0.4651812 0.08019506 -0.4598248 0.8689665 0.1829164 -0.459782 0.8689894 0.1829159 0.8796242 0.4653721 0.09843909 0.8795946 0.465424 0.09845781 0.4584101 -0.8662906 -0.1984962 0.4583671 -0.8663111 -0.1985064 -0.8780891 -0.4645617 -0.1146394 -0.8780596 -0.4646161 -0.1146437 3.54139e-5 0 -1 -8.52471e-7 0 1 1.70494e-6 0 1 -0.8765994 -0.4622753 -0.1336977 -0.8764848 -0.4624925 -0.1336976 -0.8764848 -0.4624925 -0.1336976 -0.8764848 -0.4624925 -0.1336976 -0.8784965 -0.4653607 0.1080899 -0.8785095 -0.4653364 0.1080884 -0.8784404 -0.465462 0.1081095 -0.8784825 -0.4653855 0.1080965 -0.8794187 -0.4667056 0.09385436 -0.8797705 -0.4660583 0.09377455 -0.879728 -0.4661359 0.09378814 -0.8796855 -0.4662135 0.09380125 0.4681293 -0.8812382 0.06537711 0.4679043 -0.8813634 0.06530064 0.4679043 -0.8813634 0.06530058 0.4679043 -0.8813635 0.06530052 0.4652881 -0.8802815 0.09279817 0.4652169 -0.8803187 0.09280151 0.4652072 -0.8803239 0.09280174 0.4653682 -0.8802397 0.09279221 0.466989 -0.8842617 -0.001594245 0.4672508 -0.8841235 -0.001589059 0.4670906 -0.8842081 -0.001600801 0.4671513 -0.8841761 -0.001602053 0.8818338 0.4652143 0.07710301 0.8817802 0.4653176 0.07709366 0.8819289 0.465031 0.07712012 0.8818271 0.4652272 0.0771023 0.8707237 0.4612703 -0.1704998 0.870723 0.4612715 -0.1704993 0.8706946 0.4613241 -0.1705023 0.8706974 0.461319 -0.1705017 0.8773724 0.4651247 -0.1177993 0.8774667 0.4649423 -0.1178178 0.8774687 0.4649381 -0.1178196 0.8773659 0.4651376 -0.1177973 -0.4655709 0.87654 -0.1221534 -0.4653322 0.8766753 -0.1220921 -0.4653322 0.8766753 -0.1220921 -0.4617073 0.8732965 -0.155498 -0.4616976 0.8733012 -0.1555004 -0.4617809 0.8732599 -0.1554852 -0.4616814 0.873309 -0.1555047 -0.4669014 0.8840094 -0.02303445 -0.4670518 0.883931 -0.02299463 -0.4669696 0.8839739 -0.02301377 -0.4669674 0.883975 -0.02301633 -0.9750882 0.02375978 0.2205414 -0.9750873 0.02380239 0.2205411 0.02426624 0.992555 0.1193556 0.02420818 0.9925538 0.1193776 0.9707335 -0.02365195 -0.2389922 0.9707291 -0.02370244 -0.2390049 -0.02420425 -0.9900131 -0.1388826 -0.024158 -0.9900137 -0.1388867 1.16332e-5 0 -1 1.37865e-6 0 1 2.15415e-7 0 1 -0.02521294 -0.9907031 -0.1336855 -0.02504551 -0.9907048 -0.1337035 -0.02551281 -0.9906941 -0.133695 -0.02529036 -0.9906994 -0.1336983 -0.02371662 -0.9938581 0.1080914 -0.02377104 -0.9938576 0.1080836 -0.02367448 -0.9938583 0.1080993 -0.02373278 -0.9938581 0.1080878 -0.0242868 -0.9953042 0.09370011 -0.02372634 -0.9953085 0.09379833 -0.02372634 -0.9953085 0.09379839 -0.02372634 -0.9953085 0.09379839 0.9976032 -0.0230053 0.06526011 0.9976031 -0.0230053 0.06526011 0.9976032 -0.0230053 0.06526005 0.9976018 -0.02296578 0.06529295 0.9976019 -0.02296578 0.06529277 0.9976019 -0.02296578 0.06529283 0.9953801 -0.0246545 0.09279501 0.9953758 -0.02480077 0.09280204 0.9953754 -0.02481132 0.09280222 0.9953799 -0.0246585 0.09279531 0.9996888 -0.02489638 -0.001604378 0.999689 -0.02488654 -0.001591801 0.9996988 -0.02449446 -0.001558482 0.9996886 -0.02490448 -0.001603305 0.02575194 0.9966894 0.07711857 0.02548456 0.9966977 0.07709896 0.02548456 0.9966977 0.07709908 0.02548456 0.9966977 0.07709908 0.02349472 0.9850782 -0.1704964 0.02354151 0.9850776 -0.1704939 0.02357739 0.9850771 -0.1704918 0.02343952 0.9850791 -0.1704984 0.02353072 0.9927593 -0.1177935 0.02355432 0.9927596 -0.1177863 0.02365285 0.9927549 -0.1178063 0.02361166 0.9927572 -0.1177954 -0.9922527 0.02296328 -0.1220953 -0.9922527 0.02296328 -0.1220953 -0.9922528 0.02296328 -0.1220953 -0.9922527 0.02291053 -0.1221061 -0.9922527 0.02291053 -0.1221063 -0.9922527 0.02291053 -0.122106 -0.9875335 0.02446514 -0.1554965 -0.9875296 0.02453213 -0.1555105 -0.9875296 0.02453333 -0.1555105 -0.987529 0.02453964 -0.1555138 -0.9994216 0.02504128 -0.02301049 -0.9994212 0.02505511 -0.02301156 -0.9994213 0.02505433 -0.02301126 -0.9994239 0.02496719 -0.02299249 0.9148302 -0.3643313 0.1742079 0.9148356 -0.364319 0.1742059 0.9148351 -0.3643192 0.1742076 0.9148373 -0.3643131 0.1742088 -0.3556948 -0.9119089 0.2047036 -0.3556841 -0.9119118 0.2047091 -0.3556846 -0.9119116 0.2047087 -0.355702 -0.9119066 0.2047011 -0.9112501 0.3634047 -0.193805 -0.9112478 0.3634099 -0.1938059 -0.9112453 0.3634148 -0.1938086 -0.9112468 0.3634117 -0.1938068 0.3541989 0.9057286 -0.2328065 0.3542059 0.905726 -0.2328061 0.3542329 0.9057153 -0.2328068 0.3542008 0.9057281 -0.2328056 -0.3375658 0.5347599 -0.7746492 -0.3375942 0.5347436 -0.774648 -0.3376283 0.5347302 -0.7746425 -0.3376842 0.5347008 -0.7746384 -0.2384821 0.7607902 -0.6035931 -0.2385183 0.7607837 -0.603587 -0.2384983 0.7607876 -0.6035901 -0.2384638 0.7607939 -0.6035956 -0.05661469 0.3112915 -0.9486266 -0.05655145 0.3113098 -0.9486244 -0.05657392 0.3113142 -0.9486216 -0.05659347 0.3113098 -0.9486219 0.3534731 0.9295566 0.1047924 0.3534915 0.9295491 0.104797 0.3534888 0.9295502 0.104796 0.3534716 0.9295572 0.1047919 -0.8070603 0.411444 -0.4235184 -0.8070936 0.4113999 -0.4234974 -0.8071074 0.4113834 -0.4234874 -0.8070706 0.4114342 -0.4235081 -0.2498792 0.1200215 -0.9608097 -0.249926 0.1199823 -0.9608024 -0.2499026 0.1199997 -0.9608063 -0.2498843 0.1200182 -0.9608088 -0.8453788 0.347378 -0.4057872 -0.8453701 0.3473973 -0.4057887 -0.8453729 0.3473921 -0.4057874 -0.8453767 0.3473834 -0.4057869 0.1836146 -0.8222321 0.538721 0.1835846 -0.8222395 0.5387198 0.1836046 -0.822234 0.5387215 0.1836246 -0.8222275 0.5387244 0.01985937 -0.4035905 0.9147242 0.01987147 -0.4036483 0.9146985 0.01986294 -0.4036508 0.9146976 0.0198456 -0.4036187 0.9147121 -0.3506961 -0.9253058 -0.1442967 -0.3507227 -0.9252927 -0.1443157 -0.3507373 -0.9252854 -0.1443268 -0.350673 -0.925317 -0.1442809 0.8419598 -0.4128162 0.3473997 0.8419709 -0.4127978 0.3473947 0.841975 -0.4127916 0.3473921 0.8419532 -0.4128384 0.3473892 0.3572095 -0.1588039 0.9204254 0.3572106 -0.1588035 0.9204249 0.3572177 -0.1587937 0.9204239 0.3572005 -0.1588133 0.9204272 0.8623309 -0.3525807 0.3634175 0.8623203 -0.3526192 0.3634052 0.8623281 -0.3525917 0.3634137 0.8623288 -0.3525847 0.3634187 -0.969666 -0.1801648 0.1651923 -0.9696594 -0.1801994 0.1651937 -0.9696643 -0.1801735 0.165193 -0.9696606 -0.1801933 0.1651932 -0.2397288 0.9636039 0.1183121 -0.2396751 0.9636199 0.1182906 -0.2396764 0.9636197 0.1182894 -0.2397153 0.9636082 0.1183047 0.9661615 0.179005 -0.1857128 0.9661612 0.1790091 -0.1857106 0.9661623 0.1789978 -0.1857154 0.9661608 0.1790081 -0.1857134 0.2413029 -0.959826 -0.1432025 0.2413134 -0.9598232 -0.143204 0.241307 -0.9598249 -0.1432033 0.2413182 -0.9598216 -0.1432068 -0.6161134 0.2933021 -0.7310118 -0.6160973 0.2933217 -0.7310175 -0.6161438 0.2932657 -0.7310007 -0.6161013 0.293316 -0.7310164 -1.28712e-6 0 1 1.60858e-6 0 1 -0.6581038 0.15192 -0.7374413 -0.6581194 0.1519082 -0.7374299 -0.6581242 0.1519053 -0.7374262 -0.6581189 0.1519132 -0.7374292 -0.2414818 0.2465408 -0.938565 -0.2414586 0.2465105 -0.9385789 -0.2414497 0.2465337 -0.9385751 -0.2415183 0.2465687 -0.9385482 0.2045919 -0.9692748 0.1365599 0.2043365 -0.9693235 0.136596 -0.4527068 0.327596 -0.8292995 -0.4527031 0.3275987 -0.8293003 -0.4526722 0.3276211 -0.8293084 -0.4527118 0.3275921 -0.8292981 -0.3113611 0.0816459 -0.9467779 -0.3114017 0.08157163 -0.9467709 -0.3114163 0.08156663 -0.9467666 -0.3114032 0.08161866 -0.9467664 0.9554885 0.1722897 -0.2394953 0.9554923 0.172268 -0.2394956 0.9554913 0.1722745 -0.2394952 0.9554854 0.1723049 -0.2394974 0.628418 -0.1657894 0.7600032 0.6284214 -0.1657863 0.7600009 0.6284023 -0.1658076 0.7600122 0.6284068 -0.1658025 0.7600094 0.2482475 -0.4144313 0.8755684 0.2482731 -0.4144282 0.8755625 0.248259 -0.4144334 0.875564 0.2482559 -0.4143837 0.8755885 -0.2007192 0.9671666 -0.1558864 -0.2006683 0.9671744 -0.1559036 -0.20068 0.9671726 -0.1559 -0.2007387 0.9671637 -0.1558797 0.4425689 -0.300001 0.8450634 0.44257 -0.2999945 0.8450651 0.4426005 -0.2999723 0.8450571 0.4425758 -0.2999867 0.8450648 0.449291 -0.03443419 0.8927217 0.4493104 -0.03436928 0.8927144 0.4493046 -0.03437596 0.892717 0.4493202 -0.03443056 0.8927071 -0.9592965 -0.1731277 0.2231075 -0.9593093 -0.1730749 0.2230937 -0.9593043 -0.1730954 0.2230994 -0.9592982 -0.17312 0.2231065 0.4894919 0.8505645 0.1921919 0.4894608 0.8505815 0.1921963 0.4894269 0.8505998 0.1922016 0.4894986 0.8505609 0.1921909 0.8666998 -0.4971263 0.04119396 0.8667476 -0.49704 0.04122984 0.8666787 -0.4971647 0.04117387 0.8666341 -0.497244 0.04115372 -0.4908173 -0.8527175 -0.1788054 -0.4908204 -0.8527155 -0.1788061 -0.4908172 -0.8527175 -0.1788054 -0.4908099 -0.8527221 -0.1788038 -0.8670254 0.4975905 -0.02589845 -0.8671247 0.4974174 -0.0259006 -0.8671078 0.4974468 -0.02589887 -0.8670374 0.4975697 -0.02589803 1.16029e-6 0 1 -1.16028e-6 0 1 -0.8589918 0.4939971 -0.134536 -0.8591128 0.4937968 -0.1344999 -0.8591127 0.4937967 -0.1344999 -0.8591127 0.4937967 -0.1344999 -0.8644742 0.4938281 -0.09390455 -0.864508 0.4937709 -0.09389472 -0.8645642 0.4936757 -0.09387755 -0.8644777 0.4938223 -0.09390336 -0.8484829 0.4860332 0.2094004 -0.8484262 0.4861412 0.2093796 -0.848451 0.4860944 0.2093874 -0.8484767 0.4860455 0.2093974 -0.4943708 -0.866743 0.06598687 -0.4946815 -0.8665659 0.06598424 -0.4946815 -0.8665658 0.06598418 -0.4946815 -0.8665659 0.06598418 -0.4861138 -0.8728074 0.04359877 -0.4861029 -0.8728132 0.04360109 -0.4860782 -0.8728268 0.04360508 -0.4861201 -0.8728039 0.04359793 -0.4946752 -0.8690735 -0.002799987 -0.4946889 -0.8690656 -0.00279951 -0.4946755 -0.8690733 -0.002801001 -0.4946976 -0.8690608 -0.00279802 0.8642084 -0.4970555 0.07797205 0.8643937 -0.4967301 0.07799202 0.8643937 -0.4967301 0.07799214 0.8643937 -0.4967301 0.07799196 0.8675469 -0.4959545 0.03730285 0.8675544 -0.4959415 0.03730207 0.8676212 -0.4958242 0.03730809 0.8675522 -0.4959454 0.03730261 0.8351263 -0.478546 -0.2712157 0.8350954 -0.478595 -0.2712244 0.8351457 -0.4785144 -0.2712116 0.8351514 -0.4785049 -0.2712109 0.4920322 0.8618872 -0.1226985 0.4921654 0.861813 -0.1226853 0.4920509 0.8618769 -0.1226959 0.4920063 0.8619018 -0.1227003 0.4802278 0.871413 -0.1001034 0.4802217 0.8714165 -0.1001024 0.4802136 0.871421 -0.1001023 0.4802042 0.8714262 -0.1001017 0.491216 0.868654 -0.06439787 0.4912168 0.8686535 -0.06439954 0.491232 0.8686444 -0.06440591 0.4912245 0.868649 -0.06440126 0.4930016 0.868449 -0.05239892 0.4930312 0.8684321 -0.05240404 0.4930223 0.8684372 -0.05240231 0.4930174 0.86844 -0.05240136 0.8722611 -0.4889862 -0.007300257 0.8722621 -0.4889841 -0.007300376 0.8722574 -0.4889929 -0.007301449 0.8722708 -0.4889687 -0.007298171 -0.493683 -0.869064 0.03169852 -0.4936849 -0.8690631 0.03169775 -0.4936742 -0.869069 0.03169965 -0.493691 -0.8690597 0.03169709 -0.8724488 0.488619 -0.009198307 -0.8724507 0.4886158 -0.009198725 -0.8724324 0.4886481 -0.009205341 -0.872447 0.4886223 -0.00919938 -0.004601597 0.01675015 -0.9998492 -0.004668176 0.0169273 -0.9998459 -1.06961e-6 0 1 1.06962e-6 0 1 -0.7663401 0.07465118 -0.6380832 -0.766371 0.07456475 -0.6380562 -0.7663652 0.07458806 -0.6380605 -0.7663457 0.07465684 -0.6380757 -0.8870659 0.4294872 -0.1692779 -0.8870416 0.4295238 -0.1693123 -0.8870314 0.4295431 -0.1693164 -0.8870613 0.429493 -0.1692867 -0.8018923 0.4439043 0.3998972 -0.8018997 0.4438894 0.3998989 -0.8018965 0.4438963 0.3998978 -0.8018904 0.4439074 0.3998975 -0.7342022 -0.5873973 -0.340458 -0.7341985 -0.5873718 -0.3405101 -0.7341994 -0.5873697 -0.3405115 -0.7341746 -0.5874 -0.3405129 -0.5916252 -0.7655614 0.2527759 -0.5915625 -0.765596 0.2528173 -0.5915502 -0.7656096 0.2528051 -0.5916201 -0.7655685 0.252766 -0.4915916 -0.8634229 -0.1133077 -0.4916086 -0.8634141 -0.1133019 -0.4915931 -0.8634222 -0.1133067 -0.4916152 -0.8634105 -0.1132994 0.8009162 -0.1094442 0.5886895 0.8009076 -0.1093795 0.5887132 0.8009123 -0.1093643 0.5887096 0.800894 -0.1094648 0.5887157 0.8947913 -0.4356405 0.09780567 0.8947528 -0.4357192 0.09780764 0.8947636 -0.4356996 0.09779614 0.8948053 -0.4354916 0.09833925 0.7912049 -0.4367137 -0.4281076 0.7912222 -0.436689 -0.4281007 0.7912204 -0.436691 -0.4281021 0.7912136 -0.4367007 -0.4281046 0.7391804 0.6064427 0.2929841 0.7392182 0.6063817 0.2930148 0.7392114 0.6063954 0.2930037 0.7391911 0.6064108 0.2930231 0.5797161 0.7451409 -0.3296885 0.5796593 0.745183 -0.3296931 0.5796365 0.7452027 -0.3296887 0.5797123 0.7451426 -0.3296909 0.4962602 0.8644611 0.08020544 0.4962625 0.8644599 0.08020377 0.4962684 0.864457 0.08019948 0.4962992 0.8644413 0.08017772 0.9878882 -0.0106793 0.1547997 0.9878883 -0.01072013 0.1547963 0.987888 -0.01065623 0.1548024 0.9878882 -0.01066863 0.1548006 -0.009635508 -0.9997248 0.02138888 -0.009535729 -0.9997252 0.02141636 -0.009545564 -0.9997252 0.02141356 -0.009750545 -0.9997245 0.02135199 -0.9852117 0.01072335 -0.1710056 -0.9852135 0.0106765 -0.1709985 -0.9852116 0.01072722 -0.1710062 -0.9852132 0.01068717 -0.1710001 0.009807407 0.9992527 -0.03738695 0.00954777 0.9992548 -0.03739988 0.009544551 0.9992549 -0.03739988 0.009816646 0.9992527 -0.03738677 -2.79151e-6 0 -1 0 0 1 0.01074206 0.9908507 -0.1345348 0.01050722 0.9908586 -0.1344954 0.01050722 0.9908586 -0.1344954 0.01050722 0.9908586 -0.1344953 0.008607208 0.9956008 -0.09330123 0.00861746 0.9956006 -0.09330248 0.008662641 0.9955996 -0.09330868 0.008572757 0.9956015 -0.09329622 0.008882343 0.9737624 0.227394 0.008969187 0.973765 0.2273792 0.008987307 0.9737657 0.2273758 0.008803188 0.9737603 0.227406 -0.9977939 0.007262766 0.06598871 -0.9977917 0.007552266 0.0659902 -0.9977918 0.007552266 0.06599009 -0.9977917 0.007552266 0.06599026 -0.9990271 -0.004201948 0.04390114 -0.999027 -0.004211246 0.04390257 -0.999027 -0.004201412 0.04390162 -0.9990274 -0.004172503 0.04389613 -0.9998735 0.003590106 0.01549881 -0.9998735 0.003596186 0.01549887 -0.9998735 0.003588259 0.01549845 -0.9998735 0.003584742 0.01549768 -0.0105074 -0.996898 0.07800042 -0.01036429 -0.9968985 0.07801228 -0.01049298 -0.9968981 0.07800054 -0.01047587 -0.9968986 0.07799786 -0.008621573 -0.999311 0.0361005 -0.008487939 -0.999312 0.03610324 -0.008577048 -0.9993113 0.0361011 -0.008576273 -0.9993115 0.03609997 -0.008675515 -0.967088 -0.2542943 -0.008697628 -0.9670872 -0.2542964 -0.008634984 -0.9670895 -0.2542898 -0.008756756 -0.9670853 -0.2543019 0.9924158 -0.007589519 -0.1226924 0.9924158 -0.007589519 -0.1226924 0.9924157 -0.007589519 -0.1226924 0.9924153 -0.007509648 -0.1227011 0.9924153 -0.007509648 -0.1227012 0.9924153 -0.007509648 -0.1227012 0.9950398 0.003802657 -0.09940505 0.9950398 0.003827393 -0.09940361 0.9950399 0.00382477 -0.09940338 0.9950399 0.003803431 -0.09940391 0.9989532 -0.003782689 -0.04559051 0.9989524 -0.003815293 -0.04560422 0.9989527 -0.003799498 -0.04559803 0.9989531 -0.003786027 -0.04559159 0.9989366 -0.005292117 -0.04580074 0.9989368 -0.005280017 -0.04579889 0.9989364 -0.005313813 -0.0458036 0.9989364 -0.005315184 -0.04580324 9.27914e-5 -0.9999796 -0.006400287 9.19448e-5 -0.9999796 -0.006400644 1.14716e-4 -0.9999796 -0.006399154 1.20597e-4 -0.9999796 -0.006397783 -0.9996006 0.005636274 0.02769547 -0.9996007 0.005568683 0.02770411 -0.9996007 0.005592226 0.02770078 -0.9996007 0.005595028 0.02770078 -5.20387e-4 0.9999679 -0.007995486 -4.76483e-4 0.9999679 -0.00800395 -4.90044e-4 0.9999679 -0.008001208 -5.34763e-4 0.9999679 -0.007993698 0.01240432 0.0122019 -0.9998487 0.01250201 0.01231569 -0.9998461 -5.37373e-7 0 1 -0.3097479 0.7048844 -0.6381177 -0.3098266 0.7048805 -0.6380838 -0.3098022 0.7048903 -0.6380849 -0.3097451 0.704891 -0.6381119 -0.05922818 0.983785 -0.1692903 -0.05916398 0.983785 -0.1693121 -0.05919015 0.9837842 -0.169308 -0.05921792 0.9837862 -0.1692869 -0.005120992 0.9165373 0.3999165 -0.005090892 0.9165379 0.3999157 -0.005130887 0.9165368 0.3999176 -0.005069434 0.9165386 0.3999142 -0.8714821 0.3529702 -0.3404863 -0.8714513 0.3530194 -0.3405145 -0.871474 0.3529836 -0.3404931 -0.8714768 0.3529796 -0.3404902 -0.9571125 0.1415376 0.25279 -0.9571182 0.1414555 0.2528145 -0.9571151 0.1414892 0.2528074 -0.9571166 0.1415292 0.2527795 -0.99354 0.006408631 -0.1133021 -0.9935393 0.006387472 -0.1133086 -0.993539 0.00636965 -0.1133133 -0.9935394 0.006388962 -0.1133077 0.296248 -0.752124 0.5886822 0.296298 -0.7520887 0.5887021 0.2963123 -0.7520857 0.5886988 0.2962632 -0.7521034 0.5887008 0.05765521 -0.9935435 0.09770965 0.05756807 -0.9935478 0.09771782 0.05758947 -0.9935475 0.09770762 0.05781668 -0.9934724 0.09833556 0.006076395 -0.9037064 -0.4281097 0.006099581 -0.9037091 -0.4281038 0.006097614 -0.9037086 -0.4281048 0.006092548 -0.9037081 -0.4281059 0.8905034 -0.3480784 0.2929937 0.8904809 -0.3481196 0.293013 0.890489 -0.348108 0.2930021 0.8904994 -0.3480842 0.2929986 0.9334751 -0.1411425 -0.3297018 0.9334869 -0.1410706 -0.3296989 0.9334878 -0.1410878 -0.329689 0.9334805 -0.1411367 -0.3296888 0.9967278 -0.009985446 0.08021163 0.996728 -0.009988009 0.08021008 0.9967282 -0.009994745 0.08020591 0.996728 -0.009988188 0.08020901 -0.008745968 -0.9831455 0.1826159 -0.008794784 -0.9831451 0.1826156 -0.9951193 0.008932769 0.0982744 -0.995118 0.008874773 0.09829276 0.008723795 0.9801285 -0.1981719 0.008773326 0.9801258 -0.1981829 0.9933893 -0.008923351 -0.1144477 0.9933894 -0.008857607 -0.1144517 -7.0396e-6 0 -1 1.40221e-7 0 1 -2.99138e-6 0 1 0.9909702 -0.01021206 -0.1336928 0.990971 -0.0100339 -0.1337009 0.990971 -0.0100339 -0.1337009 0.990971 -0.0100339 -0.1337009 0.9941046 -0.00840187 0.1081 0.9941045 -0.008390963 0.1081019 0.9941045 -0.008389472 0.1081019 0.9941042 -0.008372485 0.1081067 0.9955568 -0.00814408 0.09381031 0.9955576 -0.008404016 0.09377843 0.9955582 -0.008457422 0.09376835 0.9955567 -0.008131265 0.09381234 0.00729376 0.997834 0.06537741 0.00747615 0.9978374 0.06530535 0.00747615 0.9978374 0.06530547 0.00747615 0.9978374 0.06530547 0.009286999 0.9956412 0.09280288 0.009310662 0.9956409 0.09280413 0.009417891 0.9956396 0.09280753 0.00929284 0.9956412 0.09280318 0.00953114 0.9999533 -0.001603007 0.009524285 0.9999534 -0.00159496 0.009514093 0.9999535 -0.00159353 0.009730637 0.9999514 -0.00159496 -0.9969682 0.01034116 0.07712072 -0.9969722 0.01012361 0.07709884 -0.9969722 0.01012361 0.07709878 -0.9969722 0.01012361 0.07709884 -0.9853221 0.008315563 -0.1705033 -0.9853221 0.008311152 -0.1705033 -0.9853221 0.008395075 -0.1704997 -0.9853221 0.00830841 -0.1705033 -0.9930037 0.008179962 -0.1177997 -0.9929983 0.00838238 -0.117832 -0.9929965 0.008434295 -0.1178435 -0.993004 0.008165657 -0.1177989 -0.00750935 -0.9924896 -0.1220985 -0.007620394 -0.9924928 -0.1220659 -0.007308125 -0.9924843 -0.1221534 -0.007522821 -0.9924896 -0.1220981 -0.009154438 -0.9877954 -0.155488 -0.009160757 -0.9877947 -0.1554919 -0.00925672 -0.9877912 -0.1555089 -0.009183347 -0.9877941 -0.1554949 -0.00927025 -0.9996937 -0.02294945 -0.00927025 -0.9996937 -0.02294951 -0.00927025 -0.9996936 -0.02294951 -0.009598672 -0.9996889 -0.02302205 -0.009598672 -0.9996889 -0.02302199 -0.009598672 -0.9996889 -0.02302205 0.8465444 -0.4846607 0.2201513 0.8465219 -0.4847 0.2201514 -0.493385 -0.8616138 0.1191348 -0.4933302 -0.8616413 0.1191629 -0.8427785 0.4825006 -0.2385744 -0.8427512 0.4825422 -0.2385863 0.4921286 0.8594136 -0.138629 0.492084 0.8594383 -0.1386336 1.25628e-5 0 -1 0.4935953 0.8593535 -0.1336984 0.4933695 0.8594841 -0.1336927 0.4933694 0.8594841 -0.1336927 0.4933694 0.8594841 -0.1336926 0.4935122 0.8629952 0.1080973 0.4934743 0.863016 0.1081049 0.4934726 0.863017 0.108105 0.4934855 0.8630098 0.1081041 0.4942185 0.8642631 0.09379476 0.494198 0.8642747 0.09379595 0.4943276 0.8642035 0.09377002 0.4940406 0.8643628 0.09381383 -0.8667791 0.4943886 0.06537693 -0.8666678 0.4945942 0.06529694 -0.8666678 0.4945942 0.06529688 -0.8666678 0.4945941 0.06529682 -0.863914 0.4950174 0.09279215 -0.8638662 0.4950999 0.09279799 -0.8639088 0.495026 0.09279447 -0.8639119 0.4950211 0.09279227 -0.8675199 0.4974 -0.001600444 -0.8674788 0.4974718 -0.001605093 -0.8675312 0.4973803 -0.001597404 -0.8675634 0.4973242 -0.001603484 -0.4966486 -0.8645191 0.07711595 -0.4965725 -0.864564 0.0771045 -0.4965725 -0.864564 0.07710462 -0.4965724 -0.864564 0.07710456 -0.4890958 -0.8554035 -0.1705003 -0.4891323 -0.8553831 -0.1704981 -0.4889548 -0.8554822 -0.1705092 -0.4891313 -0.8553834 -0.1704989 -0.4928176 -0.8621225 -0.1177954 -0.4929211 -0.862062 -0.1178047 -0.4930452 -0.8619868 -0.1178359 -0.4928875 -0.8620823 -0.1177973 0.8618817 -0.4922044 -0.1220448 0.8618817 -0.4922044 -0.1220448 0.8618817 -0.4922044 -0.1220447 0.8620345 -0.4919224 -0.1221022 0.8620345 -0.4919224 -0.1221022 0.8620345 -0.4919224 -0.1221022 0.8570777 -0.4911629 -0.1554891 0.8570935 -0.491137 -0.1554842 0.8570929 -0.4911381 -0.1554846 0.8570628 -0.4911869 -0.1554954 0.8672623 -0.4973197 -0.0230084 0.8673506 -0.4971672 -0.02297151 0.8673039 -0.497248 -0.02299028 0.8672526 -0.4973363 -0.02301293 -0.6315929 0.7555701 0.1737944 -0.6315907 0.7555716 0.1737955 -0.6315968 0.7555668 0.1737946 -0.631578 0.7555821 0.1737957 0.7466673 0.6330535 0.2042825 0.7466406 0.6330804 0.2042965 0.7466663 0.6330542 0.2042836 0.7466657 0.633055 0.2042833 0.6288675 -0.753076 -0.1933965 0.6288805 -0.7530667 -0.1933906 0.6288863 -0.7530629 -0.1933873 0.6288742 -0.7530715 -0.1933925 -0.742411 -0.6284164 -0.2322042 -0.7424267 -0.6283975 -0.2322049 -0.7424101 -0.6284174 -0.2322043 -0.7424072 -0.6284208 -0.2322043 0.04262781 -0.6309105 -0.7746837 0.04268848 -0.6308937 -0.7746941 0.04269564 -0.6309154 -0.774676 0.04268944 -0.6308934 -0.7746943 -1.28747e-6 0 1 -0.152009 -0.7826734 -0.6035857 -0.1519768 -0.7826839 -0.6035802 -0.1519968 -0.7826779 -0.603583 -0.1519842 -0.7826822 -0.6035805 -0.0981819 -0.3008173 -0.9486144 -0.0982514 -0.3007876 -0.9486166 -0.09823364 -0.300787 -0.9486187 -0.09820896 -0.3008546 -0.9485998 -0.7530063 -0.6496142 0.1048001 -0.753016 -0.6496022 0.1048035 -0.7530145 -0.6496042 0.1048025 -0.7530055 -0.6496152 0.1047998 0.5142829 -0.7457373 -0.4235436 0.5143358 -0.7457218 -0.4235066 0.5143159 -0.7457285 -0.423519 0.514297 -0.7457494 -0.4235051 0.1626858 -0.2244052 -0.9608204 0.1626998 -0.2244023 -0.9608187 0.1627181 -0.2244017 -0.9608157 0.1626912 -0.2244034 -0.9608198 0.5784982 -0.7075816 -0.4057931 0.5784849 -0.7075917 -0.4057947 0.5784893 -0.7075882 -0.4057945 0.5784933 -0.7075858 -0.4057929 0.22952 0.8106215 0.5387147 0.2294824 0.8106302 0.5387178 0.2295081 0.8106238 0.5387161 0.229506 0.8106242 0.5387167 0.1744651 0.3644779 0.9147228 0.1744377 0.3645213 0.9147108 0.1744458 0.3645195 0.91471 0.1744276 0.3645362 0.9147068 0.7485077 0.6472378 -0.1442893 0.7485249 0.6472139 -0.1443079 0.7485345 0.6472004 -0.1443182 0.7485164 0.6472257 -0.144299 -0.5443457 0.7635378 0.3474159 -0.544405 0.7635036 0.3473982 -0.544411 0.7634997 0.3473975 -0.5443663 0.7635344 0.347391 -0.2386768 0.3096149 0.9204196 -0.2387204 0.309599 0.9204136 -0.238731 0.309593 0.9204128 -0.2387092 0.3096025 0.9204154 -0.5909407 0.7202178 0.363422 -0.5909103 0.7202497 0.3634082 -0.5909298 0.7202286 0.3634185 -0.5909379 0.72022 0.363422 0.9129225 0.3732034 0.1652028 0.912909 0.3732355 0.1652046 0.9129191 0.3732112 0.1652039 0.9129295 0.373186 0.1652023 0.4303029 -0.8948988 0.1183028 0.4302917 -0.8949053 0.1182947 0.4302923 -0.8949047 0.1182979 0.4303316 -0.8948843 0.1183087 -0.9097111 -0.3714032 -0.1857027 -0.9097099 -0.3714066 -0.1857016 -0.909714 -0.3713954 -0.1857042 -0.9097099 -0.3714061 -0.1857025 -0.4310334 0.8909001 -0.1432042 -0.4309955 0.8909187 -0.1432026 -0.4309898 0.8909215 -0.143202 -0.4310047 0.8909134 -0.1432076 0.662814 -0.1621151 -0.7310242 0.6628243 -0.1620965 -0.731019 0.6628376 -0.1620733 -0.7310121 0.6628277 -0.1620892 -0.7310175 -6.43431e-7 0 1 0.6752725 -0.01521939 -0.7374113 0.6753158 -0.01517271 -0.7373726 0.6752929 -0.01520073 -0.7373931 0.6752847 -0.01520723 -0.7374005 0.2864252 -0.1923309 -0.9385997 0.286384 -0.1923614 -0.9386061 0.2863782 -0.1923336 -0.9386135 0.2864322 -0.192382 -0.9385872 -0.3970038 0.9076011 0.1365592 -0.3967623 0.9077016 0.1365933 0.5096992 -0.2289271 -0.8293365 0.5097311 -0.2288949 -0.8293259 0.5097382 -0.2288875 -0.8293235 0.5097092 -0.2289179 -0.829333 0.3213679 -0.01674109 -0.9468065 0.3214062 -0.01666653 -0.9467948 0.3214125 -0.01665633 -0.9467928 0.321402 -0.01675528 -0.9467947 -0.900694 -0.3624818 -0.2394939 -0.9006828 -0.3625071 -0.2394975 -0.9006987 -0.3624686 -0.2394968 -0.9006876 -0.3624959 -0.2394967 -0.6489886 0.03481155 0.7600014 -0.6490059 0.03478276 0.7599878 -0.6489912 0.03480851 0.7599992 -0.6490008 0.03479158 0.759992 -0.3271904 0.3554191 0.8755705 -0.3271658 0.3554311 0.8755749 -0.3271841 0.3554413 0.8755639 -0.3271805 0.3553906 0.8755858 0.3927363 -0.9063405 -0.1559017 0.3926876 -0.9063585 -0.1559191 0.3926988 -0.9063543 -0.1559155 0.3927121 -0.9063494 -0.1559106 -0.4941895 0.2039958 0.8450813 -0.4942051 0.2039794 0.8450763 -0.4941986 0.2039857 0.8450785 -0.4941633 0.2040166 0.8450917 -0.4469901 -0.05743801 0.8926931 -0.4470052 -0.05754947 0.8926783 -0.4469924 -0.05754357 0.8926851 -0.4470056 -0.05744957 0.8926845 0.9042558 0.3640791 0.2230877 0.9042584 0.3640735 0.2230859 0.9042493 0.3640924 0.223092 0.9042587 0.3640717 0.2230873 -0.3067309 -0.9321893 0.1921961 -0.3066988 -0.932199 0.1922001 -0.3066617 -0.9322103 0.1922048 -0.3066926 -0.9322011 0.1922004 -0.9493994 0.3113754 0.04106378 -0.9495402 0.3109281 0.04119652 -0.9495773 0.3108083 0.04124587 -0.9495524 0.3108889 0.04120987 0.3075942 0.9345685 -0.178795 0.3075979 0.9345672 -0.1787957 0.30755 0.9345846 -0.1787866 0.307586 0.9345715 -0.1787937 0.9500257 -0.3110955 -0.02590072 0.9500135 -0.311133 -0.02589923 0.9500327 -0.3110743 -0.02590239 0.9499884 -0.3112094 -0.02589899 -1.20436e-5 0 -1 -5.80138e-7 0 1 0.9413548 -0.3094372 -0.1345356 0.9414277 -0.3092278 -0.1345072 0.9414277 -0.3092278 -0.1345071 0.9414277 -0.3092278 -0.1345071 0.9467043 -0.3081128 -0.09390223 0.9467104 -0.3080949 -0.09389936 0.9467155 -0.3080799 -0.09389686 0.9467065 -0.3081063 -0.09390127 0.9294579 -0.3037257 0.2094252 0.929425 -0.3038417 0.2094025 0.9294266 -0.3038364 0.2094036 0.9294542 -0.303739 0.2094222 0.3082301 0.9490205 0.06598734 0.3084585 0.9489446 0.0660122 0.3084585 0.9489445 0.06601238 0.3084585 0.9489445 0.06601232 0.2989142 0.9532836 0.04359632 0.298896 0.9532892 0.04359978 0.2988691 0.9532974 0.04360389 0.2989215 0.9532815 0.04359525 0.3080031 0.9513813 -0.002799391 0.3080203 0.9513757 -0.002797782 0.3080055 0.9513805 -0.002799451 0.3079819 0.9513881 -0.002801299 -0.9470832 0.3113741 0.07797122 -0.9471876 0.311051 0.07799422 -0.9471876 0.311051 0.07799428 -0.9471876 0.3110509 0.07799434 -0.9501137 0.3096654 0.03730219 -0.9501203 0.3096454 0.03729981 -0.9501766 0.3094715 0.03730779 -0.9501169 0.3096558 0.03730201 -0.9148827 0.2990558 -0.2712107 -0.9148305 0.2991994 -0.2712287 -0.9148305 0.2991994 -0.2712289 -0.9148829 0.2990555 -0.2712105 -0.3066141 -0.9438892 -0.1227236 -0.3070422 -0.9437543 -0.1226907 -0.3070421 -0.9437543 -0.1226906 -0.3070421 -0.9437543 -0.1226907 -0.2934331 -0.9507241 -0.1001037 -0.2934229 -0.9507274 -0.1001031 -0.293414 -0.95073 -0.100103 -0.2934074 -0.9507321 -0.1001042 -0.3047993 -0.950237 -0.06439763 -0.3047999 -0.9502368 -0.06439822 -0.3048166 -0.950231 -0.06440508 -0.3048088 -0.9502337 -0.06440049 -0.3065864 -0.9503996 -0.05239766 -0.3065738 -0.9504038 -0.05239611 -0.3066091 -0.950392 -0.05240166 -0.3066036 -0.9503939 -0.05240041 -0.9533466 0.3017897 -0.007297635 -0.9533472 0.301788 -0.007297873 -0.9533442 0.3017975 -0.007298529 -0.9533383 0.301816 -0.007300674 0.3070822 0.951155 0.03169876 0.307083 0.9511548 0.03169876 0.3070715 0.9511584 0.03170073 0.307091 0.9511522 0.03169775 0.953426 -0.301487 -0.009195864 0.9534134 -0.3015265 -0.009204804 0.9534164 -0.3015171 -0.009203016 0.9534247 -0.3014909 -0.009196579 0.007885992 -0.01547026 -0.9998493 0.007995903 -0.01563179 -0.9998459 1.06961e-6 0 1 -1.06962e-6 0 1 0.7655004 0.08244824 -0.6381314 0.7655225 0.08254528 -0.6380921 0.7655166 0.08252352 -0.6381021 0.7655013 0.08244723 -0.6381303 0.9557545 -0.2405774 -0.1692804 0.95574 -0.2406129 -0.1693124 0.9557338 -0.2406345 -0.1693167 0.9557511 -0.240584 -0.1692901 0.8752928 -0.2719252 0.399899 0.8752973 -0.2719088 0.3999004 0.8752955 -0.2719163 0.3998994 0.8752921 -0.2719288 0.3998979 0.5996702 0.724204 -0.3404766 0.5997016 0.7241623 -0.3405101 0.5996985 0.7241628 -0.3405145 0.5996609 0.724197 -0.3405079 0.423948 0.8696928 0.2527898 0.423874 0.8697226 0.2528114 0.4238635 0.8697262 0.2528165 0.4239408 0.8696992 0.2527801 0.3061785 0.945207 -0.1133071 0.3062426 0.9451886 -0.1132878 0.3062257 0.9451935 -0.1132925 0.306204 0.9451998 -0.1132987 -0.8064731 -0.05535322 0.5886742 -0.8064669 -0.05544662 0.5886737 -0.8064689 -0.05541372 0.5886742 -0.8064805 -0.05537253 0.5886622 -0.964574 0.2450613 0.09768378 -0.9645643 0.245093 0.09769958 -0.964558 0.2451162 0.09770381 -0.9645541 0.2448776 0.0983383 -0.8633531 0.2670911 -0.4281168 -0.8633459 0.2671085 -0.4281202 -0.8633449 0.2671108 -0.4281211 -0.8633407 0.2671194 -0.428124 -0.600749 -0.7438077 0.293003 -0.6008033 -0.7437615 0.2930089 -0.6007958 -0.7437718 0.2929983 -0.6007809 -0.7437934 0.2929741 -0.4164261 -0.8472794 -0.3297073 -0.4163624 -0.8473137 -0.3296999 -0.4163788 -0.8473072 -0.3296957 -0.4164221 -0.8472862 -0.329695 -0.3105875 -0.9471559 0.080195 -0.3105896 -0.9471553 0.08019405 -0.3105961 -0.9471536 0.08018982 -0.3105906 -0.947155 0.08019304 -0.969507 -0.1899828 0.1547989 -0.9695055 -0.18999 0.1547996 -0.9695022 -0.1900058 0.1548012 -0.9695048 -0.1899933 0.1547996 -0.1935012 0.9808667 0.02140152 -0.1936001 0.9808465 0.02142864 -0.1934088 0.9808854 0.02137625 -0.1935676 0.980853 0.02142173 0.9668959 0.1893975 -0.1709997 0.9668887 0.1894401 -0.170993 0.9668892 0.1894372 -0.1709936 0.9668899 0.1894335 -0.170994 0.1931434 -0.9804579 -0.03739041 0.1933009 -0.9804264 -0.03740084 0.1933043 -0.9804258 -0.0374009 0.1932284 -0.9804409 -0.03739619 7.44491e-6 0 -1 1.43489e-6 0 1 -3.58721e-7 0 1 0.1905162 -0.9724214 -0.1345368 0.1908577 -0.9723613 -0.1344875 0.1908577 -0.9723613 -0.1344875 0.1908577 -0.9723613 -0.1344875 0.1936196 -0.9766301 -0.09330117 0.1936624 -0.9766223 -0.09329485 0.1936644 -0.9766219 -0.09329462 0.1936064 -0.9766326 -0.09330302 0.1889695 -0.9552877 0.2274112 0.1888846 -0.9553077 0.2273979 0.1889588 -0.9552899 0.2274115 0.1889081 -0.9553021 0.2274021 0.9785146 0.1953325 0.06598794 0.9785693 0.1950895 0.06589752 0.9785692 0.1950895 0.06589728 0.9785693 0.1950895 0.06589728 0.9773958 0.2068096 0.04390126 0.9774036 0.206774 0.04389643 0.9773955 0.2068108 0.04390156 0.9774021 0.2067807 0.04389631 0.9798144 0.1993078 0.01549977 0.9798156 0.1993021 0.01550078 0.9798141 0.1993097 0.01549863 0.9798133 0.1993132 0.01549917 -0.1919299 0.9783042 0.07799857 -0.1919758 0.9782944 0.07800906 -0.1916632 0.9783587 0.07797157 -0.1919589 0.9782988 0.07799595 -0.1942657 0.9802845 0.03609949 -0.1943544 0.9802669 0.0361008 -0.1943139 0.9802749 0.03609979 -0.19431 0.9802758 0.03609901 -0.1877739 0.9487211 -0.2543017 -0.1877034 0.948733 -0.254309 -0.1877183 0.9487305 -0.2543076 -0.187694 0.9487347 -0.25431 -0.9732452 -0.1942487 -0.1227247 -0.9733186 -0.1938993 -0.1226947 -0.9733185 -0.1938993 -0.1226947 -0.9733185 -0.1938993 -0.1226947 -0.9735735 -0.2056087 -0.09939718 -0.9735766 -0.2055938 -0.09939789 -0.9735772 -0.205591 -0.09939712 -0.9735733 -0.205609 -0.09939819 -0.9789612 -0.198886 -0.04559981 -0.9789596 -0.1988943 -0.04559779 -0.9789649 -0.198866 -0.04560834 -0.9789618 -0.1988834 -0.04560083 -0.9792321 -0.1975014 -0.04580187 -0.9792302 -0.1975111 -0.04580086 -0.9792275 -0.1975248 -0.04579895 -0.9792274 -0.1975257 -0.04579901 -0.2030315 0.9791513 -0.006398737 -0.2030316 0.9791513 -0.006398677 -0.2030071 0.9791564 -0.006401598 -0.2030118 0.9791554 -0.006399929 0.9799237 0.1974385 0.02770549 0.9799294 0.1974111 0.02770143 0.979934 0.1973881 0.02769839 0.979925 0.1974323 0.02770453 0.2034 -0.9790631 -0.007998764 0.2033564 -0.979072 -0.008006155 0.2033699 -0.9790693 -0.008004486 0.203414 -0.9790602 -0.007995665 -0.009643375 -0.01448005 -0.9998487 -0.009736061 -0.0145936 -0.9998462 -3.30693e-7 0 1 0.446327 -0.6273754 -0.6381164 0.4464042 -0.6273651 -0.6380724 0.4464238 -0.6273617 -0.6380621 0.4463242 -0.6273812 -0.6381126 0.2576544 -0.9512946 -0.1692721 0.2575891 -0.9513061 -0.1693068 0.2575708 -0.951309 -0.169318 0.2576445 -0.9512978 -0.1692683 0.1909304 -0.896442 0.3999215 0.1908997 -0.8964488 0.3999211 0.1909388 -0.8964398 0.3999226 0.190927 -0.896443 0.3999213 0.9249764 -0.1688661 -0.3404452 0.9249445 -0.1689199 -0.3405054 0.924944 -0.1689226 -0.3405053 0.9249511 -0.1688937 -0.3405002 0.9659272 0.05556082 0.2527799 0.9659128 0.05563145 0.2528195 0.9659109 0.05564427 0.2528239 0.9659296 0.05556941 0.2527693 0.9741852 0.1952664 -0.1132885 0.9741802 0.1952872 -0.1132948 0.9741657 0.1953492 -0.1133134 0.9741808 0.1952856 -0.113294 -0.4426869 0.676356 0.5887027 -0.4427253 0.6763101 0.5887266 -0.4427396 0.6763049 0.5887218 -0.442658 0.6763544 0.5887264 -0.258044 0.9611822 0.09768402 -0.258001 0.9611925 0.0976969 -0.2579779 0.9611983 0.09770113 -0.2581959 0.9610744 0.09834021 -0.1893063 0.8836857 -0.4280922 -0.189284 0.8836888 -0.4280956 -0.189282 0.8836886 -0.4280968 -0.1892759 0.8836889 -0.428099 -0.9426071 0.1601731 0.2929785 -0.9425927 0.1602097 0.2930051 -0.9425979 0.1601945 0.2929964 -0.9426063 0.1601753 0.29298 -0.9426959 -0.051144 -0.3297102 -0.9426971 -0.05121803 -0.3296951 -0.9426934 -0.05124717 -0.3297014 -0.9427052 -0.05115193 -0.3296826 -0.978032 -0.1924083 0.08020359 -0.9780327 -0.1924054 0.08020186 -0.9780343 -0.1923984 0.08019858 -0.9780327 -0.1924051 0.08020198 -0.1909134 0.9644704 0.1826171 -0.1908641 0.9644805 0.1826153 0.9762343 0.1931549 0.09827405 0.9762208 0.1932143 0.09829175 0.1903232 -0.9615119 -0.1981715 0.1902781 -0.9615184 -0.1981835 -0.9745368 -0.1928212 -0.1144465 -0.9745242 -0.1928815 -0.1144521 -3.7392e-7 0 1 -0.9724314 -0.1910567 -0.1336963 -0.9723763 -0.1913404 -0.1336907 -0.9723764 -0.1913404 -0.1336906 -0.9723764 -0.1913404 -0.1336907 -0.9751239 -0.1935122 0.1081044 -0.9751098 -0.1935777 0.1081137 -0.9751295 -0.193486 0.1081001 -0.9751279 -0.1934944 0.1081001 -0.9765207 -0.1939282 0.09380447 -0.9765553 -0.1937661 0.09377896 -0.9765368 -0.1938526 0.09379327 -0.9764986 -0.1940344 0.09381473 0.1951192 -0.9786031 0.06530249 0.194877 -0.9786564 0.06522762 0.1949989 -0.9786295 0.06526607 0.1950482 -0.9786179 0.06529408 0.1929254 -0.9768153 0.09280037 0.1928974 -0.9768207 0.0928021 0.1928864 -0.9768227 0.09280246 0.1929669 -0.9768073 0.09279745 0.1933689 -0.9811248 -0.001594245 0.1936597 -0.9810675 -0.001589059 0.1940448 -0.9809915 -0.001558125 0.1934549 -0.9811079 -0.001598298 0.9783299 0.1921526 0.07712358 0.9782826 0.1924033 0.07709854 0.9782826 0.1924033 0.07709848 0.9782826 0.1924033 0.07709842 0.9665151 0.1917766 -0.1705006 0.9665045 0.1918274 -0.170503 0.9664826 0.1919327 -0.1705084 0.9665136 0.1917836 -0.170501 0.9740089 0.1934676 -0.1178005 0.9740457 0.1932657 -0.1178277 0.9740544 0.1932147 -0.1178395 0.9740244 0.1933878 -0.1178032 -0.1942227 0.9733223 -0.1221526 -0.194073 0.9733589 -0.122099 -0.194073 0.9733589 -0.1220991 -0.194073 0.9733589 -0.1220989 -0.1914066 0.9691146 -0.1555016 -0.1913586 0.9691225 -0.1555103 -0.1913567 0.9691229 -0.1555104 -0.1914236 0.9691118 -0.1554974 -0.1935445 0.9808221 -0.02299141 -0.1934326 0.9808436 -0.02301615 -0.1936644 0.980799 -0.02296757 -0.1935263 0.9808256 -0.02299582 -0.9272728 0.3028181 0.2201511 -0.9272583 0.3028607 0.220153 0.3082491 0.9438136 0.1191572 0.3083015 0.943799 0.1191376 0.3082961 0.9438005 0.1191396 0.308243 0.9438154 0.1191595 0.923146 -0.3014698 -0.2385739 0.9231277 -0.3015145 -0.2385885 -0.3075147 -0.9413907 -0.13863 -0.3074722 -0.9414042 -0.1386328 -2.51199e-5 0 -1 6.04715e-7 0 1 -0.3089584 -0.9416316 -0.1336963 -0.308664 -0.9417312 -0.133675 -0.3086639 -0.9417312 -0.1336749 -0.308664 -0.9417312 -0.1336749 -0.3082273 -0.9451525 0.1080863 -0.3081924 -0.9451629 0.1080953 -0.308009 -0.9452195 0.1081232 -0.3082424 -0.9451481 0.1080828 -0.3087877 -0.9464994 0.09375172 -0.3087877 -0.9464993 0.09375166 -0.3087876 -0.9464993 0.09375166 -0.3083832 -0.9466252 0.09381091 -0.3083831 -0.9466252 0.09381097 -0.3083831 -0.9466252 0.09381097 0.9490612 -0.3082343 0.06537926 0.9489971 -0.3084475 0.06530427 0.9489971 -0.3084475 0.06530427 0.9489971 -0.3084475 0.0653041 0.9463841 -0.3094297 0.09279233 0.9462928 -0.309705 0.09280574 0.9463798 -0.3094422 0.09279453 0.9463829 -0.3094334 0.09279251 0.9503967 -0.3110365 -0.001602709 0.95043 -0.3109347 -0.001589059 0.9504034 -0.3110162 -0.001594007 0.9503643 -0.3111354 -0.001598179 0.3105781 0.947417 0.07708704 0.3105781 0.947417 0.0770871 0.3105781 0.947417 0.0770871 0.3107053 0.9473743 0.07709884 0.3107053 0.9473743 0.07709872 0.3107053 0.9473744 0.07709878 0.3054435 0.9368205 -0.1705042 0.3054516 0.936818 -0.1705036 0.305303 0.9368651 -0.1705108 0.3054816 0.9368084 -0.1705026 0.3074197 0.9442557 -0.117789 0.3077553 0.944144 -0.1178089 0.3077597 0.9441424 -0.1178107 0.3074516 0.9442457 -0.1177867 -0.9439548 0.3066394 -0.1221542 -0.9438974 0.3068379 -0.1220988 -0.9438975 0.3068379 -0.1220989 -0.9389066 0.3070355 -0.1555106 -0.9389159 0.3070107 -0.1555038 -0.9389155 0.3070119 -0.1555039 -0.9389454 0.3069306 -0.1554836 -0.9500983 0.3110999 -0.02302569 -0.9501245 0.3110218 -0.02300316 -0.9501544 0.3109317 -0.02298551 -0.9501216 0.3110301 -0.02300631 0.7716995 -0.6117799 0.1737973 0.7716985 -0.6117814 0.1737957 0.7717033 -0.6117751 0.1737968 0.7716873 -0.6117951 0.1737975 -0.6026951 -0.7713778 0.2042912 -0.6026597 -0.7714011 0.2043079 -0.6026906 -0.7713806 0.2042942 -0.6026941 -0.7713783 0.2042924 -0.7685844 0.609813 -0.1934065 -0.7685968 0.6097999 -0.1933985 -0.7686016 0.6097941 -0.1933977 -0.7685899 0.6098069 -0.1934043 0.5994696 0.7659787 -0.2321915 0.5994866 0.7659657 -0.232191 0.5994663 0.7659813 -0.2321915 0.5994653 0.7659822 -0.2321912 -0.1697747 0.6091683 -0.7746551 -0.1697509 0.6092184 -0.774621 -0.1698436 0.6091577 -0.7746485 -0.1698745 0.6091985 -0.7746096 -1.2875e-6 0 1 -1.28721e-6 0 1 -0.009873688 0.7972493 -0.6035695 -0.009928464 0.7972557 -0.6035602 -0.009908556 0.7972539 -0.6035629 -0.009903311 0.7972539 -0.603563 0.03520363 0.3144996 -0.9486046 0.03526431 0.3145229 -0.9485946 0.03525233 0.3145039 -0.9486014 0.03522115 0.31454 -0.9485906 0.6054993 0.7889157 0.1047991 0.6055154 0.7889025 0.1048038 0.605513 0.7889047 0.1048028 0.6054978 0.7889168 0.104799 -0.6548689 0.6259104 -0.4235363 -0.6549073 0.6258959 -0.4234985 -0.6549227 0.6258869 -0.4234878 -0.6548805 0.6259239 -0.4234984 -0.2048782 0.1867143 -0.9608136 -0.2048918 0.1867049 -0.9608125 -0.2049095 0.186701 -0.9608095 -0.204883 0.1867115 -0.9608132 -0.7099983 0.5755198 -0.4058071 -0.7100161 0.5754988 -0.4058058 -0.7100206 0.5754948 -0.4058036 -0.7100263 0.5754882 -0.405803 -0.06028473 -0.8403264 0.5387183 -0.06028771 -0.8403267 0.5387175 -0.06031429 -0.8403258 0.5387158 -0.06031888 -0.8403251 0.5387163 -0.09684777 -0.3922728 0.9147364 -0.09684956 -0.3923351 0.9147094 -0.09686166 -0.3923365 0.9147077 -0.09684222 -0.3923419 0.9147073 -0.6016139 -0.7856459 -0.1442959 -0.6016356 -0.7856258 -0.1443143 -0.6016178 -0.7856422 -0.1442994 -0.601625 -0.7856357 -0.1443053 0.687936 -0.6372227 0.3474069 0.687991 -0.6371749 0.3473852 0.687997 -0.6371695 0.3473834 0.6879574 -0.6372039 0.3473987 0.296611 -0.2546972 0.9204082 0.2966125 -0.2546984 0.9204074 0.2966207 -0.2546891 0.9204073 0.2966009 -0.2547047 0.9204095 0.7247681 -0.5853751 0.3633832 0.7247687 -0.5853743 0.3633832 0.7247592 -0.5853884 0.3633794 0.7247653 -0.5853777 0.3633846 -0.6485746 -0.7429646 0.1653922 -0.6485713 -0.7429674 0.1653929 -0.6485587 -0.7429783 0.1653931 -0.6485931 -0.7429484 0.1653931 -0.7860087 0.60677 0.118409 -0.785974 0.6068193 0.1183866 -0.7859836 0.6068052 0.1183955 -0.7859886 0.6067988 0.1183952 0.6464913 0.7399011 -0.1859984 0.6465066 0.7398871 -0.1860011 0.6464868 0.739906 -0.1859946 0.6464956 0.7398968 -0.1860007 0.7848155 -0.6029103 -0.1434012 0.7847919 -0.6029407 -0.1434022 0.7847962 -0.6029354 -0.1434012 0.784833 -0.6028863 -0.1434066 -0.6651179 -0.1523822 -0.7310252 -0.6651179 -0.1523767 -0.7310264 -0.6651191 -0.1524234 -0.7310156 -0.6651188 -0.1524312 -0.7310142 7.33598e-7 0 1 -7.33458e-7 0 1 -0.6103789 -0.2892652 -0.737403 -0.6103858 -0.2892899 -0.7373877 -0.6103881 -0.2892954 -0.7373836 -0.6103832 -0.2892831 -0.7373926 -0.3423095 0.04344159 -0.9385824 -0.3422774 0.04342401 -0.9385949 -0.3422945 0.04344785 -0.9385877 -0.3422908 0.04344278 -0.9385892 0.7619152 -0.6331167 0.1365595 0.7617462 -0.6333124 0.1365952 -0.5582959 -0.02410399 -0.8292917 -0.5582917 -0.02408766 -0.829295 -0.558307 -0.02414172 -0.8292832 -0.5582979 -0.02411228 -0.8292902 -0.2948153 -0.1292396 -0.9467741 -0.2947827 -0.1293184 -0.9467735 -0.2947917 -0.1293326 -0.9467687 -0.2948065 -0.1292816 -0.9467711 0.6423902 0.7279949 -0.239496 0.6424052 0.7279816 -0.2394962 0.6424004 0.7279855 -0.2394973 0.6423783 0.7280045 -0.2394987 0.5956189 0.260012 0.7600211 0.5956189 0.260018 0.760019 0.59562 0.2600339 0.7600128 0.5956164 0.2599951 0.7600288 0.4517401 -0.1709591 0.8756163 0.4518123 -0.1709452 0.8755818 0.4518292 -0.1709455 0.8755729 0.4517322 -0.1708983 0.8756323 -0.7575057 0.6339372 -0.1559128 -0.757534 0.6339068 -0.1558991 -0.7574799 0.6339651 -0.1559252 -0.757519 0.6339229 -0.1559063 0.5332306 0.03939729 0.8450521 0.5332348 0.03940856 0.845049 0.5332313 0.03940021 0.8450516 0.5332179 0.03936403 0.8450616 0.3737167 0.2518707 0.8926909 0.3736862 0.2519229 0.8926889 0.3736841 0.2519145 0.8926922 0.3737259 0.2518863 0.8926826 -0.6448951 -0.7309842 0.2230976 -0.6448978 -0.7309831 0.2230932 -0.6448814 -0.7309961 0.2230983 -0.6449012 -0.7309799 0.2230942 -0.1439175 0.9707053 0.1924032 -0.1439057 0.9707074 0.1924021 -0.1439431 0.9707008 0.1924073 -0.1439093 0.9707068 0.1924023 0.9882016 0.1475379 0.04111421 0.9881124 0.1480752 0.04132354 0.9881212 0.1480211 0.04130637 0.9881353 0.147936 0.0412746 0.1443085 -0.9732081 -0.1790003 0.1442999 -0.9732091 -0.1790018 0.1443034 -0.9732087 -0.1790013 0.1443169 -0.9732072 -0.1789987 -0.988673 -0.1478319 -0.02591252 -0.9886004 -0.1483156 -0.02592194 -0.9886198 -0.1481879 -0.02591043 -0.9886555 -0.1479504 -0.02590548 2.74559e-5 0 -1 -4.95977e-7 0 1 1.32262e-6 0 1 -0.9801016 -0.1459925 -0.1344888 -0.9801016 -0.1459925 -0.1344888 -0.9801185 -0.145861 -0.1345074 -0.9801185 -0.145861 -0.1345075 -0.9801186 -0.145861 -0.1345073 -0.9843241 -0.1492924 -0.09390354 -0.9843406 -0.1491715 -0.09392386 -0.9843384 -0.1491873 -0.0939216 -0.9843232 -0.1492991 -0.09390276 -0.9669768 -0.1452928 0.209394 -0.9669559 -0.1454062 0.209412 -0.9669722 -0.1453185 0.209398 -0.9669795 -0.1452791 0.2093914 0.1501805 -0.986454 0.06598722 0.1498593 -0.986509 0.06589514 0.1498593 -0.986509 0.06589519 0.1498593 -0.986509 0.06589514 0.1605137 -0.9860702 0.04360091 0.1604837 -0.9860752 0.04359751 0.1605116 -0.9860705 0.04360103 0.1605063 -0.9860714 0.04360061 0.1513927 -0.9884698 -0.002799272 0.1513773 -0.9884721 -0.00279802 0.1513925 -0.9884698 -0.002800107 0.1514143 -0.9884664 -0.00280267 0.9861329 0.146501 0.07797122 0.9860885 0.1467846 0.07799983 0.9860885 0.1467846 0.07799988 0.9860885 0.1467846 0.078 0.9880822 0.1493393 0.03729999 0.9880647 0.1494556 0.03730154 0.988066 0.1494468 0.0373013 0.9880808 0.1493492 0.03729999 0.9518356 0.1430196 -0.2712092 0.9518369 0.143009 -0.2712102 0.951837 0.1430089 -0.2712102 0.9518299 0.1430673 -0.2712042 -0.1493233 0.981143 -0.1227238 -0.1490893 0.9811819 -0.1226971 -0.1490893 0.9811819 -0.1226972 -0.1490893 0.9811819 -0.1226971 -0.1642162 0.981332 -0.1001032 -0.1641804 0.9813379 -0.100104 -0.1641895 0.9813365 -0.1001033 -0.1641954 0.9813354 -0.1001042 -0.1537945 0.9860019 -0.06440156 -0.1537907 0.9860023 -0.06440454 -0.1538178 0.9859988 -0.06439387 -0.1537855 0.9860031 -0.06440538 -0.1523198 0.9869359 -0.05249947 -0.1522844 0.9869411 -0.05250507 -0.1522485 0.9869464 -0.05250966 -0.1523498 0.9869316 -0.0524947 0.9874249 0.1579201 -0.007298052 0.9874242 0.1579252 -0.00729835 0.9874254 0.1579174 -0.007299542 0.987429 0.1578949 -0.007300913 0.1522158 -0.9878388 0.03170275 0.1522156 -0.9878388 0.03170251 0.1521815 -0.9878442 0.03169757 0.1522077 -0.9878401 0.03170156 -0.9873602 -0.1582253 -0.009193122 -0.9873666 -0.1581856 -0.009201526 -0.9873646 -0.1581979 -0.009199798 -0.9873679 -0.1581773 -0.009202122 -0.01401835 0.0102818 -0.9998489 -0.01410508 0.01037961 -0.9998468 1.52407e-7 0 1 -1.21928e-6 0 1 -0.6472036 -0.4170405 -0.638126 -0.6471821 -0.4171417 -0.6380817 -0.6471861 -0.417119 -0.6380925 -0.6472039 -0.4170411 -0.6381253 -0.9621292 -0.2136636 -0.169279 -0.9621408 -0.2135798 -0.1693184 -0.9621378 -0.2136025 -0.1693071 -0.9621324 -0.2136515 -0.1692757 -0.90428 -0.1495602 0.3998869 -0.9042683 -0.1496241 0.3998892 -0.9042698 -0.1496164 0.399889 -0.9042724 -0.1496037 0.3998878 -0.2112117 -0.9162215 -0.3404819 -0.2112263 -0.9162025 -0.3405237 -0.2112238 -0.9162014 -0.3405284 -0.2111846 -0.916207 -0.3405376 0.0111683 -0.9674572 0.2527879 0.01125013 -0.9674503 0.2528111 0.01121628 -0.9674525 0.2528042 0.01117712 -0.9674598 0.2527778 0.1503012 -0.9821264 -0.1133021 0.1503295 -0.9821211 -0.1133103 0.1503012 -0.9821264 -0.1133021 0.1503199 -0.9821228 -0.1133075 0.6960029 0.4111652 0.5886623 0.6959705 0.4111938 0.5886806 0.6959646 0.4112078 0.5886777 0.6960002 0.4111324 0.5886882 0.9720039 0.2136406 0.09780633 0.9720116 0.2136066 0.09780478 0.9720171 0.2135818 0.09780424 0.9719226 0.2137657 0.09833991 0.8914362 0.1485241 -0.4281146 0.8914378 0.1485046 -0.428118 0.8914378 0.1485022 -0.428119 0.891438 0.1484933 -0.4281217 0.2032899 0.9342508 0.2929996 0.2033262 0.9342368 0.2930189 0.2033082 0.9342421 0.2930145 0.2032995 0.9342481 0.2930017 -0.007749795 0.9440593 -0.3296848 -0.007819712 0.9440574 -0.3296886 -0.007849633 0.9440568 -0.3296896 -0.007753551 0.9440585 -0.3296867 -0.147289 0.9858373 0.08019274 -0.1473296 0.9858292 0.08021813 -0.1473225 0.9858306 0.08021402 -0.1472858 0.9858379 0.08019012 0.7812759 0.6046337 0.1550042 0.7812709 0.6046399 0.1550046 0.781291 0.6046147 0.1550019 0.7812994 0.6046041 0.1550008 0.6127527 -0.7899862 0.02135521 0.6129778 -0.7898094 0.02143621 0.6130055 -0.7897876 0.02144813 0.6127334 -0.7900013 0.02134805 -0.7792006 -0.6029399 -0.1712012 -0.7791466 -0.6030137 -0.1711874 -0.7791488 -0.6030108 -0.1711881 -0.7791795 -0.6029688 -0.1711959 -0.6124677 0.7896105 -0.03739994 -0.612596 0.7895105 -0.03741109 -0.6125233 0.7895671 -0.03740322 -0.6124606 0.7896159 -0.03739964 -3.39512e-5 0 -1 3.39466e-5 0 -1 -0.6067042 0.7834675 -0.1344939 -0.6067042 0.7834675 -0.1344939 -0.6067042 0.7834677 -0.1344938 -0.6066862 0.7834812 -0.1344967 -0.6066862 0.7834812 -0.1344967 -0.6066862 0.7834812 -0.1344967 -0.6109455 0.7861542 -0.09331238 -0.6109467 0.7861537 -0.09331041 -0.611024 0.7860949 -0.09329825 -0.6109724 0.786134 -0.09330725 -0.5972995 0.7691049 0.2274004 -0.5973036 0.7691015 0.227401 -0.59729 0.7691131 0.2273979 -0.5972877 0.7691147 0.2273981 -0.7869534 -0.6134738 0.06598728 -0.7871707 -0.6132058 0.06588649 -0.7871707 -0.6132059 0.06588643 -0.7871707 -0.6132058 0.06588643 -0.7808357 -0.6231924 0.04389607 -0.7807961 -0.6232413 0.04390573 -0.7808024 -0.6232334 0.04390454 -0.7808248 -0.6232059 0.04389953 -0.7863289 -0.6176136 0.01550179 -0.7863333 -0.6176081 0.01550251 -0.7863285 -0.6176143 0.01550114 -0.7863256 -0.6176179 0.01550006 0.6103767 -0.7882605 0.0780121 0.6103766 -0.7882605 0.0780121 0.6103766 -0.7882605 0.0780121 0.610272 -0.7883422 0.07800501 0.610272 -0.7883422 0.07800507 0.610272 -0.7883422 0.07800507 0.6133536 -0.7889832 0.03609871 0.6133859 -0.7889579 0.03609889 0.6134669 -0.7888949 0.03610217 0.6133134 -0.7890143 0.03609949 0.5932033 -0.7638335 -0.2543001 0.5933001 -0.7637619 -0.2542893 0.5931968 -0.7638372 -0.2543037 0.5932914 -0.763768 -0.2542906 0.7829383 0.6098793 -0.1226989 0.7829384 0.6098793 -0.1226989 0.7829384 0.6098793 -0.1226989 0.7829155 0.6099078 -0.1227018 0.7829157 0.6099079 -0.1227018 0.7829156 0.6099079 -0.1227019 0.7779557 0.620406 -0.09940522 0.7779364 0.6204304 -0.09940463 0.7779381 0.6204282 -0.09940487 0.7779257 0.6204438 -0.09940516 0.7856969 0.6169295 -0.04559111 0.7857179 0.6169018 -0.04560488 0.7857081 0.6169146 -0.04559904 0.7857258 0.6168913 -0.04560911 0.7866126 0.6157385 -0.04589849 0.7866354 0.615709 -0.0459035 0.7866556 0.6156831 -0.04590767 0.7866261 0.6157212 -0.04590135 0.6206811 -0.7840371 -0.006396949 0.6206412 -0.7840687 -0.006402134 0.6206607 -0.7840532 -0.006399571 0.6206672 -0.7840481 -0.006398975 -0.7873232 -0.615918 0.02770096 -0.7873104 -0.6159342 0.02770328 -0.7872952 -0.6159535 0.0277062 -0.7873266 -0.6159135 0.02770018 -0.6209299 0.7838253 -0.007998287 -0.620932 0.7838237 -0.007998764 -0.6209072 0.7838433 -0.00800383 -0.6209059 0.7838443 -0.008003652 0.002109646 0.01723927 -0.9998492 0.002172708 0.01742529 -0.9998459 -7.5392e-7 0 1 7.53918e-7 0 1 -0.6803464 0.3605087 -0.6380928 -0.680406 0.3604567 -0.6380586 -0.6803871 0.3604708 -0.6380707 -0.6803489 0.3605176 -0.638085 -0.6569299 0.7347001 -0.1692898 -0.6568807 0.7347371 -0.1693199 -0.6569002 0.7347224 -0.1693079 -0.656958 0.7346798 -0.1692684 -0.5726997 0.7156075 0.3999012 -0.5727117 0.7155968 0.3999032 -0.572706 0.7156018 0.3999024 -0.5726966 0.7156094 0.3999024 -0.9024571 -0.2639046 -0.3404783 -0.9024607 -0.2638761 -0.3404911 -0.9024578 -0.2638791 -0.3404964 -0.9024442 -0.2639092 -0.3405091 -0.8384207 -0.4828672 0.2527651 -0.8383747 -0.4829258 0.2528057 -0.8383668 -0.482937 0.2528102 -0.8384193 -0.4828748 0.2527546 -0.7831118 -0.6114746 -0.113291 -0.7830977 -0.6114914 -0.1132978 -0.7830864 -0.611505 -0.1133026 -0.7830993 -0.6114895 -0.1132969 0.6990447 -0.4059445 0.5886813 0.6990821 -0.4058736 0.5886857 0.699092 -0.4058614 0.5886824 0.6990656 -0.4059312 0.5886656 0.6617103 -0.7433673 0.097696 0.6616799 -0.7433934 0.09770387 0.6616619 -0.7434086 0.09770989 0.6617976 -0.7432032 0.09835177 0.5655161 -0.7049193 -0.4281125 0.5654999 -0.7049303 -0.4281159 0.5655371 -0.7049061 -0.4281066 0.5655294 -0.704911 -0.4281087 0.9143019 0.2796276 0.2930195 0.914314 0.2795956 0.2930123 0.9143131 0.2796096 0.293002 0.9143028 0.2796214 0.2930229 0.8196142 0.4685393 -0.3297024 0.81958 0.4686061 -0.3296923 0.8195652 0.4686313 -0.3296931 0.8196153 0.4685462 -0.3296898 0.7878351 0.610641 0.08021062 0.787835 0.610641 0.08021038 0.7878397 0.6106355 0.08020639 0.7878375 0.6106379 0.08020925 0.6031901 -0.7763396 0.1829169 0.6031505 -0.7763707 0.1829152 -0.7858756 -0.6104992 0.09843927 -0.7858385 -0.6105441 0.09845733 -0.6013366 0.7739469 -0.1984956 -0.6012941 0.7739773 -0.1985064 0.7845054 0.6094337 -0.1146389 0.784467 0.6094822 -0.1146438 3.54133e-5 0 -1 -3.54158e-5 0 -1 -8.52468e-7 0 1 0.7834334 0.6069254 -0.133693 0.7832977 0.6070991 -0.1336996 0.7832977 0.6070991 -0.1336994 0.7832977 0.6070991 -0.1336995 0.7847976 0.6102549 0.1080829 0.7846959 0.6103801 0.1081147 0.7846952 0.6103811 0.1081144 0.7847499 0.6103132 0.1081004 0.7857995 0.6113266 0.0938034 0.7858436 0.6112715 0.09379339 0.7859362 0.6111562 0.09376794 0.785732 0.6114116 0.09381377 -0.6134874 0.7869938 0.06537657 -0.6133481 0.7871081 0.06530666 -0.6133481 0.7871081 0.06530648 -0.6133481 0.7871081 0.06530654 -0.6106399 0.7864529 0.09279465 -0.6105757 0.7865022 0.09279954 -0.610529 0.7865381 0.09280163 -0.6105977 0.7864853 0.09279811 -0.6128903 0.7901666 -0.001594066 -0.6131247 0.7899847 -0.001589 -0.6130569 0.7900372 -0.001593828 -0.6128838 0.7901716 -0.001594781 -0.7882137 -0.6105501 0.07712304 -0.7880358 -0.6107829 0.0770958 -0.7880358 -0.6107829 0.07709574 -0.7880358 -0.6107829 0.07709562 -0.7778209 -0.6049156 -0.1705045 -0.7778197 -0.6049172 -0.1705046 -0.7777827 -0.6049641 -0.1705071 -0.7778461 -0.6048838 -0.1705026 -0.7839379 -0.6095592 -0.1178094 -0.7838294 -0.6096992 -0.1178063 -0.7837768 -0.6097706 -0.1177882 -0.7838121 -0.6097223 -0.1178023 0.6101582 -0.7828062 -0.122154 0.6099265 -0.7829962 -0.1220926 0.6099265 -0.7829962 -0.1220926 0.6099265 -0.7829963 -0.1220924 0.6057538 -0.7803077 -0.1555066 0.6058611 -0.7802296 -0.1554808 0.6058599 -0.7802304 -0.1554816 0.6057683 -0.7802973 -0.1555022 0.6128374 -0.7898737 -0.02302145 0.6129704 -0.7897715 -0.0229839 0.6128972 -0.7898278 -0.02300477 0.6128227 -0.7898851 -0.02302563 0.9645019 0.1452491 0.2205423 0.9645091 0.145205 0.2205394 0.1477717 -0.9817932 0.1193553 0.1478266 -0.9817823 0.1193772 -0.9601946 -0.1446002 -0.2389919 -0.960199 -0.1445516 -0.2390039 -0.1473901 0.9792793 -0.1388822 -0.1474378 0.9792719 -0.1388843 -2.14801e-5 0 -1 -1.37866e-6 0 1 -0.1462121 0.9801775 -0.1336945 -0.146416 0.9801456 -0.1337049 -0.146416 0.9801456 -0.133705 -0.146416 0.9801456 -0.1337049 -0.1484449 0.9829962 0.1080862 -0.1484805 0.9829898 0.108096 -0.1486699 0.9829581 0.108123 -0.1484754 0.9829909 0.1080933 -0.1487647 0.9844142 0.09379762 -0.1487849 0.9844111 0.09379792 -0.1486396 0.9844356 0.09377104 -0.1486836 0.9844272 0.09378969 -0.9865473 -0.1498882 0.06525433 -0.9865473 -0.1498882 0.06525439 -0.9865473 -0.1498882 0.06525439 -0.9865386 -0.1499283 0.06529295 -0.9865386 -0.1499283 0.06529289 -0.984649 -0.147831 0.09280341 -0.9846495 -0.1478269 0.09280431 -0.984665 -0.1477217 0.09280753 -0.9846563 -0.1477798 0.09280687 -0.9889569 -0.1481948 -0.001595497 -0.9889414 -0.1482987 -0.001600563 -0.9889399 -0.1483088 -0.001599788 -0.9889226 -0.1484237 -0.001604139 0.1470201 -0.9861228 0.07711708 0.1473151 -0.9860803 0.07709777 0.147315 -0.9860802 0.07709765 0.1473151 -0.9860803 0.07709783 0.147188 -0.9743026 -0.1704997 0.1472337 -0.9742954 -0.1705018 0.1473402 -0.9742783 -0.1705071 0.1471953 -0.9743015 -0.1704999 0.1486216 -0.9818535 -0.1177935 0.148414 -0.9818828 -0.1178115 0.1482694 -0.9819012 -0.1178406 0.1487309 -0.9818377 -0.1177878 0.9812132 0.1493297 -0.1221532 0.9812566 0.1490924 -0.1220945 0.9812566 0.1490924 -0.1220946 0.9812566 0.1490924 -0.1220945 0.9768818 0.1467085 -0.1554946 0.9768787 0.1467337 -0.1554907 0.9768903 0.1466389 -0.1555076 0.9768849 0.1466809 -0.155501 0.9887043 0.1480999 -0.02302592 0.9886794 0.1482729 -0.02298539 0.9886588 0.1484137 -0.02295941 0.9887071 0.1480809 -0.02303022 -0.9640597 0.2006124 0.1741943 -0.9640626 0.2005994 0.1741932 -0.9640624 0.2005997 0.1741939 -0.9640636 0.2005934 0.1741948 0.1926076 0.9596888 0.2046941 0.1925964 0.95969 0.2046996 0.1925969 0.95969 0.2046988 0.1926149 0.9596881 0.2046909 0.9603703 -0.2003216 -0.193805 0.9603817 -0.2002819 -0.1937893 0.96038 -0.2002875 -0.1937919 0.9603804 -0.2002853 -0.1937921 -0.1922082 -0.9533447 -0.2327876 -0.1921687 -0.9533528 -0.2327868 -0.1921973 -0.9533471 -0.2327868 -0.1922101 -0.9533442 -0.2327874 0.424959 -0.4683239 -0.77465 0.4249561 -0.4682972 -0.7746679 0.4250146 -0.4682845 -0.7746433 0.4249933 -0.4682704 -0.7746636 1.46761e-6 0 1 -7.33663e-7 0 1 0.3664736 -0.7080835 -0.6035851 0.3665052 -0.7080723 -0.603579 0.3664858 -0.7080798 -0.6035821 0.3664984 -0.7080749 -0.6035801 0.1096118 -0.2968062 -0.9486261 0.109579 -0.2968135 -0.9486276 0.1095485 -0.2968249 -0.9486275 0.1095913 -0.2968282 -0.9486215 -0.1873736 -0.976683 0.104793 -0.187436 -0.9766696 0.1048061 -0.1873874 -0.97668 0.1047961 -0.1873723 -0.9766833 0.104793 0.8660607 -0.2656279 -0.4235337 0.8660846 -0.2656025 -0.4235007 0.8660962 -0.2655881 -0.423486 0.8660781 -0.2656402 -0.4234902 0.2668873 -0.07500857 -0.9608043 0.2668971 -0.07500433 -0.9608019 0.2669103 -0.07499158 -0.9607993 0.2668938 -0.07500565 -0.9608027 0.8927226 -0.1958777 -0.4058059 0.8927177 -0.1958971 -0.4058071 0.8927195 -0.1958913 -0.4058059 0.8927214 -0.1958835 -0.4058058 -0.3230071 0.7781136 0.5387074 -0.3229949 0.7781183 0.538708 -0.3230133 0.7781096 0.5387095 -0.3230135 0.7781081 0.5387114 -0.0893858 0.3940231 0.9147438 -0.08939564 0.3940362 0.9147371 -0.08939468 0.3940423 0.9147346 -0.08938145 0.3940516 0.9147318 0.1853083 0.9720271 -0.1443061 0.1853357 0.9720191 -0.1443243 0.1853126 0.9720258 -0.1443094 0.1853228 0.9720229 -0.1443158 -0.9006772 0.2609354 0.3474096 -0.9006941 0.2608979 0.3473941 -0.9006966 0.2608886 0.3473945 -0.9006757 0.2609512 0.3474017 -0.3792943 0.09462958 0.9204244 -0.3793171 0.09458571 0.9204195 -0.3793231 0.09457552 0.9204181 -0.3793117 0.0945996 0.9204204 -0.9103216 0.1981146 0.3634078 -0.9103227 0.1981113 0.3634067 -0.9103211 0.1981282 0.3634016 -0.9103217 0.1981177 0.363406 0.477892 0.8681997 0.1335989 0.4779134 0.8681877 0.1336 0.4779013 0.8681946 0.133599 0.4778949 0.8681979 0.1336002 0.8971762 -0.4313786 0.09480226 0.8971631 -0.4314085 0.0947898 0.8971751 -0.4313816 0.0947991 0.8971706 -0.4313916 0.094796 -0.4771254 -0.8660937 -0.1491078 -0.4770914 -0.8661143 -0.149097 -0.4771169 -0.8660992 -0.1491034 -0.4771268 -0.8660928 -0.149109 -0.8960083 0.4289944 -0.1145989 -0.8960092 0.4289922 -0.1146014 -0.8959949 0.4290215 -0.1146032 -0.8960206 0.4289673 -0.1146042 0.6179901 0.2893805 -0.7309906 0.6179904 0.2893813 -0.7309899 0.6179696 0.2894825 -0.7309675 0.6179888 0.2893918 -0.7309873 0.5354971 0.4117061 -0.737388 0.5354954 0.4116998 -0.7373928 0.5354963 0.4117038 -0.7373898 0.5354952 0.4116775 -0.7374053 0.3437172 0.02986484 -0.9385983 0.3436865 0.0298444 -0.9386102 0.3437064 0.02987354 -0.9386019 0.3437411 0.02988219 -0.9385889 -0.8784537 0.4578983 0.1365591 -0.8783299 0.4581249 0.1365959 0.5406019 0.1413754 -0.8293146 0.5406031 0.1413713 -0.8293145 0.5406036 0.1413798 -0.8293126 0.5406031 0.1413812 -0.8293128 0.2607933 0.1885587 -0.9468013 0.2607731 0.1886465 -0.9467893 0.2608003 0.1886172 -0.9467876 0.2608312 0.1885685 -0.9467889 -0.4740836 -0.8472829 -0.2394924 -0.4741021 -0.8472722 -0.2394933 -0.4740964 -0.847275 -0.2394948 -0.4740697 -0.8472891 -0.2394976 -0.527312 -0.3798807 0.7600216 -0.5273082 -0.3799064 0.7600114 -0.5273122 -0.3798788 0.7600225 -0.5273063 -0.3799114 0.7600101 -0.4776658 0.07167959 0.8756126 -0.4777297 0.07165807 0.8755796 -0.4777265 0.07161206 0.8755851 -0.4776377 0.07161289 0.8756334 0.8743171 -0.4596318 -0.1559117 0.8743135 -0.4596379 -0.1559136 0.8743195 -0.4596276 -0.1559098 0.8743271 -0.4596147 -0.1559049 -0.5128746 -0.1510585 0.8450687 -0.5128762 -0.1510767 0.8450645 -0.5128782 -0.1511149 0.8450563 -0.5128757 -0.1510734 0.8450652 -0.3121308 -0.3250433 0.8927045 -0.3120697 -0.3251314 0.8926937 -0.3120694 -0.3251224 0.8926972 -0.3121338 -0.3250607 0.8926971 0.475902 0.8507282 0.2231116 0.4759064 0.8507269 0.2231076 0.4759294 0.8507155 0.2231019 0.4759088 0.8507251 0.2231089 0.3479121 -0.924117 0.1580037 0.3479039 -0.9241201 0.1580029 0.3479444 -0.9241042 0.1580073 0.3479022 -0.9241208 0.1580027 -0.9348482 -0.3534467 0.03368175 -0.9348105 -0.3535437 0.03371125 -0.9347361 -0.3537346 0.03376805 -0.9348875 -0.3533453 0.03365081 -0.3484997 0.9257252 -0.1469047 -0.3485319 0.9257139 -0.1468993 -0.34855 0.9257075 -0.1468959 -0.3484694 0.9257358 -0.1469092 0.9352011 0.3534827 -0.02119129 0.93514 0.3536436 -0.02119857 0.9351785 0.3535419 -0.02119988 0.9351686 0.3535681 -0.02119791 3.73301e-5 0 -1 1.79855e-6 0 1 0.9272632 0.3494048 -0.1345344 0.9271311 0.3497748 -0.1344828 0.9271311 0.3497748 -0.1344826 0.9271311 0.3497748 -0.1344827 0.9305988 0.3537918 -0.09390074 0.9306242 0.3537219 -0.0939123 0.9306188 0.3537368 -0.09390991 0.9305966 0.353798 -0.09389972 0.9144694 0.346263 0.2093989 0.9144246 0.3463687 0.2094194 0.9144589 0.3462865 0.2094053 0.9144563 0.3462935 0.2094056 -0.3548544 0.9325972 0.06588566 -0.3548544 0.9325972 0.06588566 -0.3548544 0.9325972 0.06588566 -0.3548619 0.9325937 0.0658946 -0.3548619 0.9325937 0.06589454 -0.3548619 0.9325937 0.06589454 -0.3651256 0.9299367 0.0436027 -0.3651413 0.9299303 0.0436061 -0.3651234 0.9299376 0.04360306 -0.3651187 0.9299394 0.04360163 -0.3568078 0.9341736 -0.002800941 -0.3567947 0.9341787 -0.002799749 -0.3567644 0.9341902 -0.002797067 -0.3567836 0.934183 -0.002799093 -0.9329394 -0.3514888 0.07797259 -0.9328039 -0.3518425 0.07799839 -0.9328039 -0.3518426 0.07799839 -0.932804 -0.3518425 0.07799839 -0.9342112 -0.3547649 0.03730052 -0.9341691 -0.3548754 0.03730332 -0.9341553 -0.3549119 0.03730559 -0.9341906 -0.3548192 0.03729957 -0.9001733 -0.3407978 -0.2711921 -0.9001621 -0.3408321 -0.2711858 -0.9001916 -0.3407419 -0.2712013 -0.9001573 -0.340843 -0.2711879 0.3529425 -0.9275658 -0.1226918 0.3531985 -0.9274643 -0.1227231 0.3531871 -0.9274687 -0.1227224 0.3529704 -0.9275551 -0.122693 0.3677952 -0.9245036 -0.1000999 0.3678029 -0.9245005 -0.1001005 0.3678116 -0.924497 -0.1001 0.3677758 -0.9245112 -0.1001003 0.3585907 -0.9312711 -0.06439733 0.3585885 -0.9312718 -0.06439846 0.3585721 -0.9312777 -0.0644055 0.3585817 -0.9312742 -0.06440085 0.3573829 -0.9329769 -0.04279941 0.3573952 -0.9329722 -0.04279816 0.3573691 -0.932982 -0.04280161 0.3574079 -0.9329674 -0.04279649 -0.9318054 -0.3629087 -0.005998671 -0.9318062 -0.3629066 -0.005999863 -0.931815 -0.3628842 -0.006001472 -0.9317993 -0.3629245 -0.005997776 -0.3574075 0.9335893 0.02590107 -0.3574155 0.9335863 0.02590233 -0.3574024 0.9335913 0.02590048 -0.3574064 0.9335898 0.02590107 0.9316893 0.363179 -0.00750178 0.9316872 0.363184 -0.007501542 0.9316866 0.3631857 -0.007501184 0.9316766 0.3632114 -0.007496774 0.01586496 -0.007093369 -0.999849 0.01573443 -0.007011592 -0.9998517 0.01573443 -0.007011592 -0.9998517 0.01573443 -0.007011592 -0.9998517 0.5444999 0.5443759 -0.6381024 0.5444726 0.5444353 -0.6380752 0.544481 0.5444137 -0.6380864 0.5445031 0.5443766 -0.6380991 0.895304 0.4120321 -0.1692942 0.8953217 0.4119853 -0.1693134 0.8953142 0.4120075 -0.1692997 0.8952934 0.4120635 -0.1692735 0.8522847 0.3371903 0.3998919 0.8522779 0.3372061 0.3998931 0.8522807 0.3371989 0.3998931 0.8522859 0.3371867 0.3998923 0.01287436 0.9401745 -0.3404502 0.01290786 0.9401596 -0.3404902 0.01290482 0.9401586 -0.3404929 0.01286983 0.9401627 -0.3404827 -0.2152665 0.9432702 0.2527883 -0.2153011 0.9432594 0.2527989 -0.2153124 0.9432554 0.2528042 -0.2152755 0.9432707 0.2527787 -0.3544058 0.9282022 -0.1133019 -0.3543915 0.9282082 -0.1132972 -0.3544073 0.9282016 -0.1133021 -0.3543809 0.9282127 -0.1132937 -0.5934535 -0.5488633 0.5886953 -0.5933955 -0.5489143 0.5887063 -0.5933867 -0.5489271 0.588703 -0.5934479 -0.548882 0.5886835 -0.9049453 -0.4141358 0.09780389 -0.9049813 -0.4140557 0.09780991 -0.9049733 -0.4140759 0.09779846 -0.9048392 -0.4142412 0.09833747 -0.8399322 -0.3335115 -0.4281169 -0.8399378 -0.3334935 -0.4281201 -0.8399254 -0.333536 -0.4281111 -0.8399277 -0.3335267 -0.428114 -0.001385688 -0.9561085 0.2930096 -0.001421391 -0.9561071 0.2930141 -0.00140345 -0.9561097 0.2930057 -0.001391768 -0.9561116 0.2929996 0.2070701 -0.9210951 -0.3297055 0.2071411 -0.9210812 -0.3296998 0.2071242 -0.9210866 -0.3296956 0.2070776 -0.9210979 -0.3296934 0.3521944 -0.9324846 0.0801984 0.3521978 -0.932483 0.08020132 0.3521912 -0.9324859 0.08019655 0.3521902 -0.9324863 0.08019667 -0.6384373 -0.7590224 0.127604 -0.6384041 -0.7590497 0.1276077 -0.6384103 -0.7590447 0.1276072 -0.638441 -0.7590194 0.1276038 -0.7658288 0.6428048 0.01755893 -0.7658988 0.6427203 0.01759773 -0.7659053 0.6427125 0.01759928 -0.7658274 0.6428063 0.01755988 0.6373117 0.757578 -0.1411015 0.6372901 0.7575968 -0.1410977 0.6372708 0.7576136 -0.1410944 0.6373273 0.7575643 -0.1411039 0.7655962 -0.6425889 -0.03069615 0.7657113 -0.6424514 -0.03070145 0.7657231 -0.6424373 -0.03070247 0.7656011 -0.6425829 -0.03069621 -1.11211e-6 0 1 0.7582849 -0.6378903 -0.134536 0.7585003 -0.6376442 -0.1344892 0.7585003 -0.6376442 -0.1344892 0.7585002 -0.6376442 -0.1344892 0.7632784 -0.6392974 -0.09330016 0.7633077 -0.6392635 -0.09329414 0.763247 -0.639334 -0.09330588 0.7633006 -0.6392717 -0.09329527 0.7462761 -0.6255912 0.2273932 0.7463096 -0.625548 0.227402 0.7462696 -0.6255998 0.227391 0.7462666 -0.6256034 0.2273908 0.639609 0.7658627 0.06599038 0.6398171 0.7656884 0.0659964 0.6398171 0.7656884 0.06599646 0.6398171 0.7656884 0.06599634 0.6315767 0.7740698 0.0438975 0.631573 0.7740728 0.04389876 0.6315435 0.7740965 0.0439037 0.6315996 0.7740513 0.04389429 0.6380962 0.7698008 0.01550042 0.6381011 0.7697967 0.01550024 0.638095 0.7698017 0.01549941 0.6380922 0.769804 0.0154978 -0.7628871 0.6418129 0.07797116 -0.7631253 0.6415272 0.07799232 -0.7631253 0.6415272 0.07799214 -0.7631253 0.6415272 0.07799226 -0.7661927 0.641596 0.03609961 -0.7662249 0.6415578 0.03610104 -0.7661983 0.6415896 0.03609991 -0.7661905 0.6415987 0.03609967 -0.741252 0.6211885 -0.2543041 -0.7411414 0.6213137 -0.2543204 -0.7412146 0.6212308 -0.2543097 -0.74123 0.6212134 -0.2543073 -0.6361932 -0.7617064 -0.122726 -0.6364256 -0.7615159 -0.1227029 -0.6364256 -0.7615159 -0.122703 -0.6364256 -0.7615159 -0.122703 -0.6293221 -0.7707607 -0.09940618 -0.6293326 -0.7707524 -0.09940606 -0.6293348 -0.7707505 -0.09940558 -0.629322 -0.770761 -0.09940528 -0.6376979 -0.7689363 -0.04559117 -0.6377242 -0.7689135 -0.04560554 -0.6377121 -0.768924 -0.04559916 -0.6377002 -0.7689343 -0.04559212 -0.6390891 -0.7682085 -0.03769826 -0.6391191 -0.7681832 -0.03770244 -0.6390845 -0.7682121 -0.0376985 -0.6390908 -0.768207 -0.03769844 -0.7722737 0.6352688 -0.005198657 -0.7722617 0.6352833 -0.005200684 -0.7722643 0.6352803 -0.005200624 -0.7722589 0.6352868 -0.005200743 0.6395818 0.7683878 0.02270054 0.6395916 0.7683798 0.02269881 0.6396155 0.7683599 0.02269595 0.6395646 0.7684022 0.02270305 0.7725036 -0.6349762 -0.006596088 0.772494 -0.6349878 -0.006599247 0.7724701 -0.635017 -0.006604611 0.772484 -0.635 -0.006600916 0.00156331 -0.01733452 -0.9998486 0.001562654 -0.01748019 -0.9998461 0.7411448 -0.2087111 -0.6380785 0.741176 -0.2086696 -0.6380558 0.7411664 -0.208692 -0.6380596 0.7411518 -0.2087193 -0.6380677 0.7972948 -0.5793635 -0.1692894 0.7972811 -0.5793809 -0.1692947 0.7972679 -0.5793978 -0.1692987 0.7973181 -0.5793379 -0.1692675 0.7109696 -0.5784627 0.3998791 0.7109799 -0.578449 0.3998806 0.7109749 -0.5784551 0.3998805 0.7109672 -0.5784655 0.3998792 0.8263176 0.4486138 -0.3405071 0.8263207 0.4486038 -0.3405129 0.8263179 0.4486065 -0.3405157 0.8263061 0.4486309 -0.3405125 0.7174777 0.6490989 0.2527772 0.7174195 0.6491477 0.2528173 0.7174103 0.6491562 0.2528215 0.7174744 0.6491068 0.2527666 0.6362847 0.7630892 -0.1132996 0.6363043 0.763074 -0.1132922 0.6362539 0.7631132 -0.1133105 0.6363055 0.763073 -0.1132915 -0.7689895 0.2491562 0.5887075 -0.7690092 0.2490849 0.5887117 -0.769016 0.2490729 0.5887082 -0.7690045 0.2491435 0.5886931 -0.8038359 0.5867554 0.09780555 -0.8037819 0.586829 0.09780842 -0.8037959 0.5868104 0.09780478 -0.8038764 0.5866104 0.09834092 -0.7017164 0.5694947 -0.4281002 -0.7017017 0.5695095 -0.428105 -0.7017001 0.5695114 -0.4281049 -0.7016946 0.5695161 -0.4281077 -0.8346093 -0.4664585 0.2929912 -0.8346314 -0.466406 0.293012 -0.8346388 -0.4663829 0.2930275 -0.8346121 -0.4664275 0.2930329 -0.7021532 -0.6310865 -0.3297132 -0.702103 -0.631143 -0.329712 -0.7021163 -0.6311309 -0.3297066 -0.7021552 -0.6310984 -0.3296861 -0.6410725 -0.7632783 0.08020174 -0.6410747 -0.7632768 0.08019953 -0.6410802 -0.7632724 0.08019626 -0.641075 -0.7632765 0.08019977 -0.7588818 0.6358669 0.140613 -0.7588477 0.635908 0.14061 0.6404908 0.7642659 0.07529503 0.6404412 0.7643059 0.07530927 0.7574968 -0.6347101 -0.1527804 0.7574647 -0.6347469 -0.1527867 -0.6398326 -0.7634883 -0.08775019 -0.6397861 -0.7635269 -0.08775281 2.40801e-5 0 -1 -2.40801e-5 0 -1 -0.6375552 -0.7587147 -0.1336989 -0.6373966 -0.758848 -0.1336988 -0.6373967 -0.758848 -0.1336987 -0.6373966 -0.758848 -0.1336988 -0.638112 -0.7623168 0.1081026 -0.6379902 -0.7624154 0.1081261 -0.6380629 -0.7623566 0.1081115 -0.6381258 -0.7623058 0.1080984 -0.6390164 -0.7634533 0.09379374 -0.6388495 -0.763589 0.09382599 -0.6390014 -0.7634659 0.09379363 -0.6389327 -0.7635221 0.09380388 0.7658783 -0.6396529 0.06538182 0.765691 -0.6398859 0.06529515 0.765691 -0.6398859 0.06529539 0.7656909 -0.6398859 0.06529521 0.7629185 -0.6397995 0.09280049 0.762837 -0.639896 0.09280544 0.7629535 -0.6397581 0.09279894 0.762946 -0.6397672 0.09279757 0.7659664 -0.6428787 -0.00159353 0.7661556 -0.6426532 -0.001590251 0.7661008 -0.6427187 -0.001595258 0.7660229 -0.6428114 -0.001597821 0.6414659 0.7632657 0.07711672 0.641321 0.7633892 0.07710123 0.6413209 0.7633892 0.07710134 0.641321 0.7633892 0.07710111 0.6324977 0.7555651 -0.1704943 0.6324951 0.7555672 -0.1704941 0.632375 0.7556658 -0.1705027 0.632492 0.7555696 -0.1704946 0.6372739 0.7615804 -0.1178025 0.6372159 0.7616327 -0.1177781 0.6373616 0.7615052 -0.1178138 0.6372628 0.7615898 -0.117801 -0.7616112 0.636427 -0.1221026 -0.7614546 0.636627 -0.1220372 -0.7615343 0.6365258 -0.1220674 -0.7616014 0.6364388 -0.1221019 -0.7569727 0.6346772 -0.1554903 -0.7569615 0.6346886 -0.1554982 -0.7569293 0.6347252 -0.1555061 -0.7569225 0.6347327 -0.1555085 -0.7659085 0.6425387 -0.02298647 -0.7659582 0.6424798 -0.02297312 -0.7659894 0.6424429 -0.02296417 -0.7658963 0.642553 -0.02299112 -0.9220283 -0.3494744 0.1665281 -0.9220435 -0.3494344 0.1665282 -0.3529272 0.931367 0.0894311 -0.3529808 0.9313448 0.08945143 0.919673 0.3485841 -0.1808061 0.9196887 0.3485364 -0.1808182 0.3524237 -0.9300236 -0.1041811 0.3524622 -0.9300089 -0.1041821 9.73975e-6 0 -1 -1.87477e-6 0 1 0.3499401 -0.9271823 -0.1336972 0.3501207 -0.9271137 -0.1337003 0.3501207 -0.9271137 -0.1337001 0.3501207 -0.9271137 -0.1337003 0.3527621 -0.929449 0.1080911 0.3528501 -0.9294134 0.1081097 0.3528519 -0.9294127 0.1081097 0.3527899 -0.9294375 0.108098 0.353341 -0.9307811 0.09379172 0.3533595 -0.930774 0.09379154 0.3533542 -0.9307761 0.09379035 0.3534424 -0.9307415 0.09380239 0.9326313 0.3548744 0.06529164 0.9326313 0.3548744 0.06529158 0.9326313 0.3548744 0.06529158 0.9326149 0.3549158 0.06530237 0.9326149 0.3549158 0.06530243 0.9311755 0.3525639 0.09279519 0.931276 0.3522951 0.09280806 0.9312798 0.3522851 0.09280782 0.9311937 0.3525151 0.09279865 0.9353408 0.3537443 -0.001597046 0.9352707 0.3539298 -0.001590967 0.9352502 0.353984 -0.001585185 0.9353436 0.3537368 -0.001597285 -0.3519955 0.9328192 0.07711988 -0.3522078 0.9327405 0.07710355 -0.3522078 0.9327405 0.07710355 -0.3522078 0.9327405 0.07710355 -0.3497075 0.9212132 -0.1705027 -0.3497974 0.9211781 -0.170507 -0.3497193 0.9212085 -0.1705032 -0.3497591 0.9211932 -0.1705048 -0.3526645 0.9282975 -0.1178626 -0.3524678 0.928368 -0.1178957 -0.3524634 0.9283698 -0.1178956 -0.3526785 0.9282922 -0.1178619 -0.9275321 -0.3532173 -0.1221547 -0.9276294 -0.35298 -0.1221015 -0.9276295 -0.35298 -0.1221015 -0.9276294 -0.35298 -0.1221013 -0.9238213 -0.3498305 -0.1554763 -0.9238748 -0.3496744 -0.1555095 -0.9238753 -0.3496733 -0.1555091 -0.9238451 -0.3497602 -0.1554939 -0.9350823 -0.3536836 -0.02300184 -0.9350535 -0.3537611 -0.02298539 -0.9351191 -0.3535852 -0.02302062 -0.9351213 -0.3535786 -0.02303022 0.9925232 0.009286522 0.1217029 0.9925229 0.009315013 0.1217027 0.9925231 0.00929743 0.1217034 0.9925229 0.009313762 0.1217036 0.01601731 -0.9893894 0.1444029 0.01599025 -0.9893907 0.144397 0.01598536 -0.989391 0.1443951 0.01598232 -0.9893913 0.1443932 -0.9906557 -0.008895099 -0.1360968 -0.9906567 -0.008915901 -0.1360877 -0.9906558 -0.008891582 -0.136096 -0.9906555 -0.008892178 -0.1360978 -0.01542884 0.9863063 -0.1642011 -0.01542723 0.9863061 -0.1642017 -0.01539331 0.986307 -0.1642006 -0.01537865 0.986307 -0.1642014 -0.5142946 0.367964 -0.7746635 -0.5143388 0.3679227 -0.7746537 -0.5143412 0.3679116 -0.7746575 -0.5143682 0.3678894 -0.7746502 1.80828e-6 0 1 -0.5077713 0.6146941 -0.6035888 -0.5078026 0.614675 -0.6035821 -0.5077859 0.6146857 -0.6035853 -0.5077583 0.614703 -0.6035907 -0.1698316 0.2670333 -0.9486045 -0.1697721 0.2670074 -0.9486225 -0.1697634 0.2670407 -0.9486147 -0.1697778 0.2670224 -0.9486173 -0.02321094 0.9942224 0.1047999 -0.02319294 0.9942225 0.1048038 -0.02319574 0.9942225 0.1048031 -0.02321249 0.9942224 0.1048002 -0.9026191 0.07676541 -0.4235396 -0.9026442 0.07667344 -0.4235029 -0.902637 0.0766946 -0.4235143 -0.9026255 0.07675027 -0.4235289 -0.2766813 0.01693022 -0.9608126 -0.2767153 0.01687586 -0.9608038 -0.2767025 0.01690256 -0.960807 -0.276683 0.01692479 -0.9608122 -0.9139645 0.002894163 -0.4057838 -0.9139636 0.002915024 -0.4057859 -0.9139643 0.002909004 -0.4057841 -0.9139643 0.002900004 -0.4057841 0.4801069 -0.6923086 0.5387079 0.4800951 -0.6923182 0.5387062 0.4801113 -0.6923055 0.538708 0.4801136 -0.6923025 0.5387097 0.1706687 -0.3663433 0.9146939 0.1707116 -0.3663301 0.9146911 0.1707096 -0.3663437 0.9146861 0.1706966 -0.366332 0.9146931 0.02419078 -0.9892365 -0.144312 0.02420991 -0.989238 -0.1442996 0.02419245 -0.9892367 -0.1443112 0.02421468 -0.9892382 -0.144297 0.9354698 -0.06483846 0.3474082 0.9354852 -0.06477236 0.3473789 0.935476 -0.06480723 0.3473972 0.9354633 -0.06484723 0.3474239 0.3907055 -0.0124188 0.920432 0.3907215 -0.01237404 0.9204258 0.3907093 -0.01240736 0.9204306 0.3907014 -0.01243126 0.9204336 0.9316298 -0.001412689 0.3634061 0.9316295 -0.001408874 0.3634068 0.9316312 -0.00142616 0.3634025 0.9316241 -0.001370906 0.3634207 0.9129226 0.3732028 0.1652034 0.9129267 0.3731928 0.1652032 0.9129185 0.3732126 0.1652036 0.9129297 0.373185 0.1652039 0.4303032 -0.8948987 0.1183037 0.430293 -0.8949047 0.1182954 0.4302933 -0.894904 0.1182986 0.4303317 -0.8948841 0.1183096 -0.9097113 -0.3714019 -0.185704 -0.9097095 -0.3714085 -0.1857 -0.9096983 -0.3714406 -0.1856908 -0.9097103 -0.3714045 -0.1857041 -0.4310317 0.8909009 -0.1432037 -0.4309961 0.8909184 -0.1432015 -0.4309903 0.8909214 -0.1432009 -0.4310027 0.8909143 -0.1432072 0.6628139 -0.1621157 -0.7310242 0.6628139 -0.1621155 -0.7310242 0.6628337 -0.1620806 -0.731014 0.6628341 -0.1620784 -0.7310141 0.6752787 -0.01521617 -0.7374058 0.6752917 -0.01520204 -0.7373941 0.6752953 -0.01519757 -0.7373909 0.6752894 -0.01520299 -0.7373962 0.2864113 -0.1923499 -0.9386001 0.2863512 -0.1923518 -0.9386181 0.2863804 -0.1923394 -0.9386117 0.2864333 -0.1923642 -0.9385905 -0.3970007 0.9076022 0.1365601 -0.3967617 0.9077014 0.1365958 0.5097286 -0.2288969 -0.8293269 0.5097339 -0.228892 -0.8293249 0.5097405 -0.2288848 -0.8293228 0.5097042 -0.2289223 -0.8293348 0.3213638 -0.01673483 -0.946808 0.3214041 -0.01666826 -0.9467955 0.3214104 -0.01665669 -0.9467935 0.3213969 -0.01674973 -0.9467965 -0.9006947 -0.3624796 -0.2394943 -0.9006831 -0.3625062 -0.2394981 -0.900699 -0.3624677 -0.2394964 -0.9006884 -0.3624936 -0.2394972 -0.6489857 0.03481739 0.7600036 -0.6490024 0.0347889 0.7599906 -0.6489883 0.03481352 0.7600015 -0.6490008 0.03479194 0.7599918 -0.327183 0.3554277 0.8755698 -0.3271687 0.355439 0.8755706 -0.3271868 0.3554472 0.8755604 -0.3271824 0.3553627 0.8755964 0.3927357 -0.9063406 -0.1559022 0.3926882 -0.9063583 -0.1559189 0.3926564 -0.9063702 -0.1559298 0.3927115 -0.9063496 -0.1559109 -0.4942619 0.2039951 0.8450392 -0.4942712 0.2039808 0.8450372 -0.4942638 0.2039858 0.8450404 -0.4942314 0.2040092 0.8450536 -0.4469853 -0.0574404 0.8926953 -0.4470044 -0.0575487 0.8926787 -0.4469915 -0.05754274 0.8926857 -0.4470005 -0.05745154 0.892687 0.9042556 0.3640777 0.2230904 0.9042587 0.3640728 0.2230859 0.9042497 0.3640919 0.223091 0.904259 0.3640714 0.2230868 -0.3066863 -0.9322029 0.192201 -0.3066618 -0.9322102 0.1922048 -0.3066937 -0.9322007 0.1922005 -0.9494962 0.3110678 0.04115569 -0.9495138 0.3110133 0.04116219 -0.949551 0.3108933 0.04121071 -0.9495249 0.3109768 0.04118233 0.3076389 0.9345521 -0.1788041 0.3075992 0.9345667 -0.1787958 0.3075512 0.9345842 -0.1787868 0.3076307 0.9345551 -0.1788023 0.9499963 -0.3111856 -0.02589976 0.950043 -0.3110424 -0.02590405 0.9500325 -0.3110746 -0.02590239 0.9499889 -0.3112083 -0.02589905 -1.20424e-5 0 -1 -5.80135e-7 0 1 0.9413548 -0.3094373 -0.1345356 0.9414237 -0.3092392 -0.1345088 0.9414237 -0.3092393 -0.1345086 0.9414237 -0.3092393 -0.1345087 0.9466885 -0.3081591 -0.09390902 0.9467103 -0.3080949 -0.09389948 0.9467155 -0.3080799 -0.09389698 0.9467059 -0.3081077 -0.09390175 0.9294453 -0.3037705 0.2094159 0.9294513 -0.3037512 0.2094174 0.9294131 -0.3038823 0.2093962 0.9294543 -0.3037384 0.2094222 0.3085487 0.9489158 0.06600415 0.3085487 0.9489158 0.06600415 0.3085487 0.9489158 0.06600415 0.308502 0.948931 0.06600332 0.3085021 0.948931 0.06600338 0.3085021 0.948931 0.06600338 0.2989138 0.9532839 0.04359626 0.2988509 0.953303 0.04360657 0.2989149 0.9532835 0.04359722 0.2989211 0.9532816 0.04359519 0.3079572 0.9513961 -0.002803266 0.3080206 0.9513756 -0.002797484 0.3080056 0.9513804 -0.002799034 0.3079816 0.9513882 -0.002800643 -0.947084 0.3113721 0.07797062 -0.9471875 0.3110513 0.07799434 -0.9471875 0.3110513 0.0779944 -0.9471874 0.3110513 0.0779944 -0.9501284 0.3096203 0.03730124 -0.9501499 0.3095541 0.03730362 -0.9501619 0.3095169 0.03730565 -0.9501166 0.3096563 0.03730219 -0.9148827 0.299056 -0.2712107 -0.91483 0.2992007 -0.2712289 -0.91483 0.2992007 -0.2712292 -0.3066151 -0.9438889 -0.1227231 -0.306838 -0.9438193 -0.1227018 -0.306838 -0.9438193 -0.1227018 -0.306838 -0.9438192 -0.1227018 -0.2934337 -0.9507238 -0.1001042 -0.2934228 -0.9507273 -0.1001036 -0.293414 -0.95073 -0.1001031 -0.2934081 -0.950732 -0.1001027 -0.3047993 -0.950237 -0.06439757 -0.304843 -0.9502217 -0.06441664 -0.3048178 -0.9502307 -0.06440508 -0.3048087 -0.9502338 -0.06440043 -0.3065863 -0.9503997 -0.05239766 -0.3065739 -0.9504037 -0.05239599 -0.3066092 -0.950392 -0.05240148 -0.3066033 -0.9503939 -0.05240035 -0.9533462 0.301791 -0.007297635 -0.9533329 0.301833 -0.007302641 -0.9533443 0.3017972 -0.007298827 -0.9533378 0.3018175 -0.007300615 0.3070816 0.9511551 0.03169894 0.3070839 0.9511544 0.03169852 0.3070723 0.9511581 0.03170061 0.3070903 0.9511525 0.03169786 0.9534262 -0.3014864 -0.009195804 0.9534279 -0.301481 -0.009195625 0.9534165 -0.3015165 -0.009202063 0.953425 -0.3014903 -0.00919646 0.00792253 -0.01580327 -0.9998438 0.00792253 -0.01580327 -0.9998438 0.00792253 -0.01580327 -0.9998438 0.007996082 -0.01563197 -0.9998459 -2.13924e-6 0 1 0.7655427 0.08243918 -0.6380817 0.7655596 0.08252543 -0.6380503 0.7655596 0.08250224 -0.6380533 0.7655473 0.08243995 -0.6380761 0.9557564 -0.24057 -0.1692802 0.9557397 -0.2406142 -0.1693123 0.9557337 -0.2406352 -0.1693165 0.9557529 -0.2405771 -0.1692904 0.8752927 -0.2719251 0.3998993 0.8752974 -0.271909 0.3999 0.8752951 -0.2719165 0.3999 0.8753056 -0.2718827 0.3999001 0.5997059 0.7241794 -0.340466 0.5996997 0.7241647 -0.3405083 0.5997032 0.7241621 -0.3405078 0.5996521 0.724208 -0.3405 0.4239488 0.8696929 0.2527878 0.4238756 0.8697214 0.2528122 0.4238644 0.8697255 0.2528173 0.4239412 0.8696996 0.252778 0.3062245 0.9451939 -0.1132923 0.3061966 0.9452018 -0.1133014 0.3061357 0.9452195 -0.113319 0.3062063 0.9451992 -0.1132979 -0.8064843 -0.05536907 0.5886573 -0.8064658 -0.05544048 0.5886759 -0.8064672 -0.05540788 0.5886769 -0.8064675 -0.05534452 0.5886826 -0.9645742 0.2450603 0.09768372 -0.964565 0.2450903 0.0976994 -0.9645588 0.2451131 0.09770351 -0.9645543 0.2448768 0.09833866 -0.8633351 0.267133 -0.4281266 -0.863346 0.267108 -0.4281204 -0.8633453 0.2671105 -0.4281204 -0.8633416 0.2671186 -0.4281228 -0.6007533 -0.7438159 0.2929735 -0.6007857 -0.7437834 0.2929897 -0.600803 -0.7437633 0.2930048 -0.6007848 -0.7437807 0.2929983 -0.4164329 -0.8472766 -0.3297061 -0.4163616 -0.8473144 -0.3296992 -0.4163783 -0.8473078 -0.3296949 -0.4164299 -0.8472828 -0.3296942 -0.3105863 -0.9471562 0.08019483 -0.3105899 -0.9471553 0.08019322 -0.3105967 -0.9471533 0.08019012 -0.3105902 -0.9471551 0.08019423 -0.9694972 -0.1900303 0.154803 -0.9694954 -0.1900376 0.1548042 -0.9695119 -0.18996 0.1547966 -0.9695048 -0.1899939 0.1547996 -0.1935959 0.9808469 0.02144646 -0.1935959 0.980847 0.02144646 -0.1935959 0.980847 0.0214464 -0.1930664 0.9809549 0.02128398 -0.1930664 0.9809549 0.02128404 -0.1930664 0.9809549 0.02128404 0.9669042 0.1893489 -0.1710072 0.9668886 0.189441 -0.170993 0.9668892 0.1894378 -0.1709936 0.9668981 0.1893846 -0.1710016 0.1931403 -0.9804585 -0.03739029 0.193301 -0.9804264 -0.03740084 0.1933042 -0.9804258 -0.0374009 0.1934127 -0.9804041 -0.03740763 -5.95672e-5 0 -1 3.72268e-5 0 -1 0.190517 -0.9724216 -0.1345351 0.1907783 -0.9723755 -0.1344982 0.1907783 -0.9723754 -0.1344984 0.1907783 -0.9723754 -0.1344983 0.1936191 -0.9766303 -0.09330135 0.1936623 -0.9766223 -0.09329485 0.1936644 -0.9766219 -0.09329456 0.1936058 -0.9766327 -0.0933032 0.1889232 -0.9552986 0.2274043 0.1888812 -0.9553086 0.2273973 0.1888639 -0.9553128 0.2273942 0.1889546 -0.9552913 0.2274091 0.9785839 0.1950246 0.06587159 0.9785839 0.1950246 0.06587165 0.9785839 0.1950246 0.06587165 0.9785655 0.1951079 0.06589955 0.9785654 0.1951079 0.06589949 0.9785655 0.1951079 0.06589943 0.977396 0.2068088 0.04390072 0.9774034 0.206775 0.04389655 0.9773953 0.2068117 0.04390168 0.9773922 0.2068258 0.04390406 0.9798141 0.1993089 0.01549977 0.979816 0.1992998 0.01550078 0.9798144 0.1993077 0.01549988 0.9798131 0.1993145 0.01549917 -0.1916445 0.9783625 0.07797068 -0.1918921 0.9783114 0.07800161 -0.1918921 0.9783114 0.07800155 -0.1918921 0.9783114 0.07800155 -0.1943084 0.9802761 0.03609889 -0.1943519 0.9802674 0.03610068 -0.1943114 0.9802755 0.03609973 -0.1943054 0.9802767 0.03609919 -0.1877246 0.9487294 -0.2543068 -0.1876075 0.9487496 -0.2543183 -0.1877165 0.9487309 -0.2543078 -0.1877387 0.9487271 -0.2543053 -0.9732462 -0.1942429 -0.1227251 -0.9732888 -0.1940443 -0.1227025 -0.9732887 -0.1940442 -0.1227025 -0.9732888 -0.1940443 -0.1227023 -0.9735738 -0.2056068 -0.09939765 -0.9735768 -0.2055929 -0.09939783 -0.9735773 -0.2055901 -0.09939765 -0.9735738 -0.205607 -0.09939718 -0.9789615 -0.1988846 -0.04560029 -0.9789594 -0.198896 -0.04559677 -0.9789646 -0.1988675 -0.04560792 -0.9789621 -0.1988816 -0.04560142 -0.9792318 -0.1975026 -0.04580187 -0.9792301 -0.1975114 -0.0458008 -0.9792365 -0.1974785 -0.04580551 -0.9792271 -0.197527 -0.04579871 -0.2030348 0.9791507 -0.00639826 -0.2029832 0.9791613 -0.006403326 -0.2030059 0.9791567 -0.006401538 -0.2030156 0.9791547 -0.006399929 0.9799234 0.1974401 0.02770549 0.9799388 0.1973655 0.02769529 0.9799339 0.1973891 0.02769833 0.9799246 0.1974339 0.02770471 0.2034014 -0.9790628 -0.007998168 0.203401 -0.9790629 -0.007998704 0.2033684 -0.9790697 -0.008004605 0.2034158 -0.9790599 -0.007995367 -0.009669542 -0.01447761 -0.9998485 -0.00970894 -0.01459455 -0.9998465 1.32277e-6 0 1 -1.32277e-6 0 1 0.446327 -0.6273785 -0.6381133 0.4464029 -0.6273676 -0.6380709 0.4464226 -0.6273641 -0.6380604 0.4463241 -0.6273843 -0.6381096 0.2576543 -0.9512946 -0.169272 0.2575891 -0.9513061 -0.1693062 0.2575703 -0.9513092 -0.1693177 0.2576486 -0.9512946 -0.1692808 0.1909313 -0.8964419 0.3999214 0.1909013 -0.8964488 0.3999203 0.1908938 -0.8964505 0.3999202 0.1909277 -0.8964429 0.399921 0.9249628 -0.1688875 -0.3404719 0.9249438 -0.1689222 -0.3405063 0.9249434 -0.1689245 -0.3405061 0.9249528 -0.1688823 -0.3405014 0.965928 0.05555903 0.2527773 0.9659131 0.0556302 0.2528184 0.9659113 0.05564308 0.2528227 0.9659303 0.05556762 0.2527666 0.9741851 0.1952666 -0.1132886 0.9741802 0.1952877 -0.1132953 0.9741762 0.1953049 -0.1133001 0.9741808 0.1952858 -0.113294 -0.4426775 0.6763563 0.5887095 -0.4427202 0.6763175 0.5887219 -0.4427343 0.6763121 0.5887175 -0.4426879 0.6763315 0.5887302 -0.2580339 0.9611849 0.09768402 -0.2580005 0.9611923 0.09769976 -0.2579769 0.9611982 0.09770405 -0.2581853 0.9610774 0.09834021 -0.1893065 0.883686 -0.4280912 -0.189287 0.8836881 -0.4280957 -0.1892846 0.8836885 -0.4280959 -0.189276 0.8836887 -0.4280991 -0.942596 0.1601808 0.2930102 -0.9425926 0.1602136 0.2930036 -0.9425978 0.160198 0.292995 -0.9425943 0.1601843 0.2930136 -0.9426981 -0.05114859 -0.3297035 -0.9426974 -0.05121785 -0.3296946 -0.9426935 -0.05124717 -0.329701 -0.942702 -0.05115544 -0.3296909 -0.9780316 -0.1924098 0.08020377 -0.9780322 -0.1924071 0.08020305 -0.9780339 -0.1924006 0.08019882 -0.9780324 -0.1924065 0.08020216 -0.1909089 0.9644714 0.1826164 -0.1908612 0.9644808 0.1826163 0.9762343 0.1931551 0.09827363 0.9762206 0.1932154 0.09829258 0.1903256 -0.9615111 -0.1981731 0.1902779 -0.9615186 -0.1981826 -0.974537 -0.1928204 -0.1144466 -0.9745244 -0.192881 -0.1144518 7.76687e-6 0 -1 1.12177e-6 0 1 -0.9724312 -0.1910554 -0.1336992 -0.9723807 -0.191316 -0.1336941 -0.9723807 -0.191316 -0.133694 -0.9723806 -0.191316 -0.1336941 -0.9751242 -0.1935107 0.1081041 -0.97513 -0.193484 0.1080997 -0.9751098 -0.1935779 0.1081131 -0.9751281 -0.193493 0.1080999 -0.976501 -0.1940231 0.09381288 -0.976516 -0.1939494 0.0938099 -0.9765669 -0.1937126 0.09376853 -0.9765177 -0.1939427 0.09380602 0.195026 -0.9786236 0.06527614 0.1950259 -0.9786236 0.0652762 0.1950259 -0.9786236 0.06527614 0.1951036 -0.9786064 0.06530076 0.1951036 -0.9786064 0.06530064 0.1951036 -0.9786064 0.0653007 0.1929863 -0.9768036 0.0927962 0.1928974 -0.9768207 0.09280204 0.1929809 -0.9768044 0.092799 0.1929348 -0.9768134 0.09279972 0.1934631 -0.9811064 -0.001598298 0.1936594 -0.9810675 -0.001589298 0.1937162 -0.9810563 -0.001583695 0.1934552 -0.9811079 -0.001598238 0.9783301 0.1921537 0.07711929 0.9782741 0.1924479 0.07709681 0.9782741 0.1924479 0.07709681 0.9782741 0.1924479 0.07709676 0.9665048 0.1918267 -0.1705027 0.9665041 0.1918294 -0.170503 0.9664823 0.1919348 -0.1705082 0.966513 0.1917868 -0.170501 0.9740275 0.193372 -0.1178036 0.9740293 0.1933591 -0.1178109 0.9740301 0.1933542 -0.1178125 0.9740065 0.1934801 -0.1177992 -0.1942297 0.9733206 -0.1221555 -0.193933 0.9733873 -0.1220951 -0.193933 0.9733873 -0.1220952 -0.193933 0.9733874 -0.1220951 -0.191368 0.9691207 -0.1555106 -0.1914455 0.9691078 -0.1554948 -0.1912579 0.9691396 -0.1555277 -0.1913862 0.9691178 -0.1555063 -0.1935383 0.9808233 -0.02299296 -0.1934303 0.980844 -0.02301675 -0.1935234 0.9808261 -0.0229969 -0.1935197 0.9808268 -0.02299737 -0.9272724 0.3028186 0.2201522 -0.9272589 0.3028601 0.2201517 0.3082997 0.9437995 0.1191384 0.3082452 0.9438149 0.1191576 0.9231457 -0.3014709 -0.238574 0.9231274 -0.301516 -0.2385872 -0.307515 -0.9413908 -0.1386293 -0.3074679 -0.9414053 -0.1386348 -5.02437e-5 0 -1 2.51206e-5 0 -1 -6.04727e-7 0 1 -0.3089649 -0.941629 -0.1336997 -0.3088008 -0.941683 -0.1336989 -0.3088008 -0.941683 -0.1336989 -0.3088008 -0.941683 -0.1336988 -0.3082328 -0.9451509 0.1080851 -0.3080114 -0.9452187 0.1081236 -0.3081001 -0.9451915 0.1081091 -0.3082036 -0.9451596 0.1080922 -0.3087837 -0.9465005 0.09375214 -0.3087836 -0.9465005 0.09375214 -0.3087837 -0.9465005 0.09375214 -0.3082916 -0.9466542 0.09382063 -0.3082916 -0.9466542 0.09382069 -0.3082916 -0.9466541 0.09382063 0.9490607 -0.3082361 0.06537878 0.9489624 -0.3085574 0.06529098 0.9489623 -0.3085574 0.06529098 0.9489623 -0.3085574 0.06529104 0.9463835 -0.3094316 0.09279251 0.9463224 -0.3096154 0.09280198 0.9463191 -0.3096255 0.09280204 0.9463823 -0.3094354 0.09279274 0.9503674 -0.311126 -0.001598358 0.9504294 -0.3109366 -0.001589119 0.9505514 -0.3105635 -0.001558601 0.9503649 -0.3111336 -0.001598298 0.3105911 0.9474127 0.07708859 0.3105911 0.9474127 0.07708865 0.3105911 0.9474127 0.07708865 0.3106951 0.9473778 0.0770983 0.3106951 0.9473778 0.07709825 0.3106951 0.9473778 0.07709825 0.305409 0.9368314 -0.1705058 0.3052206 0.9368913 -0.1705142 0.3052093 0.9368949 -0.1705148 0.3054481 0.936819 -0.170504 0.3075535 0.9442119 -0.1177925 0.3078465 0.944112 -0.1178269 0.3078945 0.9440948 -0.1178393 0.3074482 0.9442468 -0.1177867 -0.9438611 0.3069559 -0.1220834 -0.9438611 0.3069559 -0.1220835 -0.9438611 0.3069559 -0.1220835 -0.9438717 0.3069182 -0.1220965 -0.9438717 0.3069182 -0.1220964 -0.9438717 0.3069182 -0.1220964 -0.9389228 0.3069921 -0.1554993 -0.9389312 0.306968 -0.1554963 -0.9388831 0.307103 -0.1555193 -0.9389131 0.3070181 -0.155506 -0.9500993 0.3110967 -0.02302503 -0.9501835 0.3108436 -0.02296733 -0.9501245 0.3110215 -0.02300304 -0.9500933 0.3111147 -0.02302926 0.7716709 -0.6118154 0.1737984 0.7716975 -0.6117825 0.1737965 0.7717025 -0.6117759 0.1737973 0.7716888 -0.6117927 0.1737995 -0.6026937 -0.7713786 0.2042925 -0.6026989 -0.7713748 0.2042917 -0.6026918 -0.7713797 0.2042939 -0.6026921 -0.7713799 0.2042923 -0.7685835 0.6098139 -0.1934074 -0.7685973 0.6097989 -0.1934002 -0.7686017 0.6097942 -0.1933973 -0.7685889 0.6098079 -0.1934055 0.5994666 0.7659811 -0.2321913 0.5994861 0.7659658 -0.2321918 0.5994657 0.7659818 -0.2321914 0.5994995 0.765955 -0.2321923 -0.169768 0.6091902 -0.7746394 -0.1698583 0.6092028 -0.7746097 -0.1698359 0.6091781 -0.774634 -0.169846 0.6092033 -0.7746121 -0.009883582 0.7972512 -0.6035669 -0.009927272 0.7972556 -0.6035602 -0.009906888 0.7972537 -0.6035631 -0.009911656 0.7972546 -0.6035619 0.03521507 0.314442 -0.9486233 0.03524386 0.3143987 -0.9486367 0.03522533 0.3144007 -0.9486367 0.03519189 0.3144436 -0.9486237 0.6054981 0.7889165 0.1047986 0.6055133 0.7889044 0.1048034 0.6055111 0.7889062 0.1048023 0.6054969 0.7889176 0.1047983 -0.6548657 0.6259135 -0.4235367 -0.6549133 0.625893 -0.4234936 -0.6548923 0.6259081 -0.4235037 -0.6548744 0.6259296 -0.4234995 -0.2048777 0.1867069 -0.9608151 -0.2048915 0.1867053 -0.9608126 -0.2049093 0.1867014 -0.9608095 -0.2048853 0.1867116 -0.9608127 -0.7099976 0.5755209 -0.4058066 -0.7100159 0.5754991 -0.4058058 -0.7100204 0.5754951 -0.4058035 -0.7100251 0.5754893 -0.4058036 -0.06028425 -0.8403273 0.5387169 -0.06027996 -0.8403269 0.5387179 -0.0603066 -0.8403258 0.5387167 -0.06031924 -0.8403257 0.5387154 -0.09683525 -0.3922714 0.9147383 -0.09684526 -0.3923298 0.9147123 -0.09685486 -0.3923305 0.9147109 -0.09683191 -0.3923431 0.9147079 -0.601643 -0.7856191 -0.1443206 -0.6016337 -0.7856276 -0.1443126 -0.601616 -0.7856439 -0.1442977 -0.6016243 -0.7856363 -0.1443048 0.6879504 -0.6372137 0.3473945 0.6879894 -0.6371756 0.3473873 0.687995 -0.6371713 0.3473839 0.6879389 -0.6372231 0.3474002 0.2966095 -0.2546966 0.9204089 0.296612 -0.2546966 0.9204081 0.2966215 -0.2546894 0.920407 0.2966007 -0.2547065 0.920409 0.7247672 -0.5853759 0.3633838 0.7247692 -0.5853739 0.3633829 0.7247597 -0.5853881 0.3633788 0.724765 -0.5853785 0.3633837 -0.890514 0.4239026 0.1652014 -0.8905084 0.4239137 0.1652033 -0.8905177 0.4238942 0.1652034 -0.8905056 0.4239198 0.165203 0.3720946 0.9206243 0.1183066 0.3721076 0.92062 0.1182997 0.3721069 0.9206199 0.118303 0.3721083 0.9206194 0.1183022 0.8870185 -0.4227395 -0.1857134 0.8870422 -0.4226959 -0.1856997 0.8870366 -0.4227057 -0.1857042 0.8870199 -0.4227364 -0.1857144 -0.3686022 -0.9184916 -0.1431986 -0.3685939 -0.9184951 -0.1431968 -0.3685998 -0.9184926 -0.1431977 -0.3685871 -0.9184972 -0.1432008 -0.3261888 0.5993274 -0.7310319 -0.3262897 0.5993047 -0.7310054 -0.3263285 0.5992952 -0.7309959 -0.32632 0.5992974 -0.730998 -1.28712e-6 0 1 6.43433e-7 0 1 -0.4432848 0.5096078 -0.7374271 -0.4433151 0.5096081 -0.7374085 -0.4433212 0.5096084 -0.7374047 -0.4433029 0.5096093 -0.7374151 -0.05056774 0.3413344 -0.9385808 -0.05056786 0.3413044 -0.9385916 -0.05054551 0.3413136 -0.9385896 -0.05056184 0.3413175 -0.9385872 -0.4038611 -0.9045704 0.1365608 -0.4040941 -0.9044611 0.136595 -0.1738863 0.5310158 -0.8293286 -0.173902 0.5310158 -0.8293253 -0.1739118 0.5310162 -0.8293229 -0.1738969 0.5310152 -0.8293267 -0.2040325 0.2489204 -0.946789 -0.2041426 0.2488628 -0.9467805 -0.204121 0.2488986 -0.9467756 -0.2040787 0.2489178 -0.9467797 0.874433 -0.4219035 -0.2395088 0.8744236 -0.4219242 -0.239507 0.8744263 -0.4219183 -0.2395074 0.8744395 -0.4218894 -0.2395098 0.4111291 -0.5033195 0.7600279 0.4111045 -0.5033246 0.760038 0.4111196 -0.5033211 0.7600321 0.4111102 -0.5033228 0.760036 -0.04253035 -0.4811915 0.8755832 -0.04251885 -0.4812112 0.875573 -0.04253488 -0.4812083 0.8755738 -0.04252576 -0.4811736 0.8755933 0.4057999 0.9005676 -0.1558997 0.4057633 0.9005863 -0.1558862 0.405834 0.90055 -0.1559121 0.4057824 0.9005765 -0.1558932 0.1818967 -0.5027802 0.8450597 0.1819158 -0.5027796 0.8450559 0.1819072 -0.5027776 0.8450589 0.1818647 -0.5027771 0.8450683 0.3433753 -0.2918349 0.8927071 0.3434215 -0.2917904 0.8927038 0.3434088 -0.2917866 0.89271 0.3433847 -0.2918258 0.8927063 -0.8779916 0.423507 0.2230982 -0.87799 0.4235122 0.2230941 -0.8779979 0.4234928 0.2230997 -0.8780064 0.4234712 0.2231076 0.8958213 0.4007024 0.1922031 0.8958272 0.4006898 0.1922014 0.895831 0.4006819 0.1922003 0.8958041 0.4007385 0.1922075 0.4093168 -0.9114618 0.04119962 0.4092429 -0.9114963 0.04116815 0.4094379 -0.911405 0.04125016 0.4093611 -0.9114412 0.04121446 -0.8981574 -0.4016687 -0.178817 -0.8981229 -0.4017536 -0.1787999 -0.8981394 -0.4017133 -0.1788082 -0.8981541 -0.4016767 -0.1788157 -0.4094409 0.9119691 -0.02590006 -0.4095786 0.911907 -0.02590435 -0.4095477 0.9119209 -0.0259028 -0.4095065 0.9119395 -0.02590084 -2.40848e-5 0 -1 -1.16027e-6 0 1 1.16028e-6 0 1 -0.4052497 0.9042595 -0.1344894 -0.4053509 0.9042162 -0.1344762 -0.404928 0.9043971 -0.1345333 -0.40511 0.9043192 -0.1345092 -0.4094496 0.9074875 -0.09390258 -0.4095152 0.9074589 -0.09389233 -0.4094861 0.9074715 -0.09389716 -0.4094991 0.9074659 -0.09389513 -0.4010958 0.891782 0.2093969 -0.4011555 0.891753 0.2094062 -0.4011607 0.8917506 0.2094063 -0.4011254 0.891767 0.2094038 -0.9092582 -0.4109691 0.06598597 -0.909342 -0.4107816 0.06599724 -0.9093421 -0.4107816 0.06599712 -0.9093421 -0.4107816 0.06599718 -0.9060972 -0.420817 0.04360145 -0.9060904 -0.420831 0.04360496 -0.9060987 -0.4208136 0.04360222 -0.9061003 -0.4208102 0.04360121 -0.9108707 -0.4126826 -0.002798855 -0.9108773 -0.4126677 -0.002797424 -0.910871 -0.4126818 -0.00279957 -0.9108616 -0.4127025 -0.002802252 0.4076157 -0.909816 0.07800102 0.407775 -0.9097431 0.07802033 0.4076581 -0.9097965 0.07800763 0.4075578 -0.9098416 0.07800596 0.4106892 -0.9110121 0.0373004 0.4106643 -0.9110235 0.03729844 0.4106999 -0.9110074 0.03730016 0.4106985 -0.911008 0.0373004 0.3946418 -0.8779006 -0.2711981 0.3946304 -0.8779039 -0.2712039 0.3947622 -0.8778517 -0.2711812 0.3947302 -0.8778634 -0.27119 0.9043729 0.4087161 -0.1227231 0.9044665 0.408516 -0.1226987 0.9044666 0.4085161 -0.1226986 0.9044665 0.408516 -0.1226987 0.9005331 0.4231066 -0.1001049 0.900532 0.4231096 -0.1001033 0.9005278 0.4231181 -0.1001031 0.900542 0.4230881 -0.100104 0.907847 0.4143265 -0.06440162 0.9078463 0.4143278 -0.06440138 0.9078533 0.4143116 -0.06440883 0.9078509 0.4143173 -0.06440526 0.9091707 0.4131144 -0.05239522 0.9091845 0.4130834 -0.05240035 0.9091804 0.4130928 -0.05239856 0.909178 0.4130979 -0.0523976 0.4186021 -0.9081405 -0.00730139 0.418604 -0.9081395 -0.007301628 0.418595 -0.9081437 -0.007302463 0.4186203 -0.908132 -0.007299602 -0.9100822 -0.4132134 0.03170245 -0.9101032 -0.4131679 0.03169447 -0.9100981 -0.4131789 0.03169655 -0.910086 -0.4132053 0.03170132 -0.4189677 0.9079546 -0.009201228 -0.4189726 0.9079523 -0.009200572 -0.4189817 0.9079481 -0.009198844 -0.4189639 0.9079563 -0.009201943 0.006120979 0.01625752 -0.9998492 0.006197631 0.01642656 -0.999846 -0.5763363 0.5105807 -0.6380783 -0.5763774 0.5105646 -0.638054 -0.5763974 0.5105531 -0.6380453 -0.57634 0.5105842 -0.6380721 -0.4655323 0.8686912 -0.1692788 -0.4654925 0.8687067 -0.1693088 -0.4654744 0.868715 -0.1693164 -0.4655253 0.8686931 -0.1692882 -0.388183 0.8302998 0.3998953 -0.3881975 0.8302925 0.3998965 -0.3881905 0.8302958 0.3998962 -0.3881795 0.8303009 0.3998963 -0.9392213 -0.04404056 -0.3404758 -0.939214 -0.04399836 -0.3405015 -0.9392118 -0.04400151 -0.3405073 -0.9392009 -0.04400593 -0.3405364 -0.9285176 -0.271955 0.2527759 -0.9284868 -0.2720212 0.2528178 -0.9284823 -0.2720324 0.2528221 -0.9285177 -0.271964 0.2527658 -0.9050568 -0.4099197 -0.1133052 -0.9050447 -0.4099444 -0.1133133 -0.9050369 -0.40996 -0.1133179 -0.9050484 -0.4099369 -0.1133107 0.5838469 -0.5591102 0.5886583 0.5838959 -0.5590487 0.5886682 0.5838728 -0.5590715 0.5886694 0.583852 -0.559084 0.5886782 0.4681585 -0.8782253 0.09771347 0.4681239 -0.8782442 0.09770989 0.4681025 -0.8782554 0.09771221 0.4682754 -0.8780934 0.09833788 0.3837185 -0.8182189 -0.4281097 0.3837004 -0.8182254 -0.4281136 0.3836981 -0.8182265 -0.4281136 0.3836893 -0.8182288 -0.428117 0.9544399 0.05651968 0.2930018 0.9544369 0.05648976 0.2930172 0.9544395 0.05650335 0.2930064 0.9544399 0.05651229 0.2930034 0.906884 0.2624272 -0.3296869 0.9068611 0.2624961 -0.3296951 0.9068557 0.2625271 -0.3296852 0.906882 0.262431 -0.3296893 0.9094648 0.4079746 0.08019119 0.9094654 0.4079734 0.08019036 0.9094685 0.4079673 0.08018624 0.9094663 0.4079719 0.08018898 0.7931932 -0.5889671 0.1547979 0.7931995 -0.5889582 0.1547993 0.793181 -0.5889841 0.1547964 0.7931713 -0.5889974 0.1547948 -0.5951878 -0.8033029 0.02135711 -0.5951805 -0.803308 0.02136969 -0.5951889 -0.8033017 0.02136802 -0.59506 -0.8033961 0.02140897 -0.7910034 0.587427 -0.1710064 -0.7910022 0.5874286 -0.1710065 -0.7910003 0.5874311 -0.1710071 -0.7910258 0.5873984 -0.1710011 0.5948967 0.802932 -0.03739327 0.5946889 0.8030853 -0.03740388 0.5947633 0.8030304 -0.03740119 0.595058 0.8028128 -0.0373823 1.43489e-6 0 1 0.5905366 0.795726 -0.1344878 0.5905366 0.7957259 -0.1344878 0.5905922 0.7956829 -0.1344981 0.5905922 0.795683 -0.1344981 0.5905922 0.795683 -0.1344979 0.5919436 0.8005601 -0.09330826 0.5918641 0.8006206 -0.09329408 0.5918625 0.8006218 -0.09329396 0.5919548 0.8005516 -0.09331017 0.5791695 0.7828451 0.2274121 0.579168 0.7828458 0.2274138 0.5792607 0.7827829 0.2273941 0.5791819 0.7828366 0.22741 -0.8029998 0.5923252 0.06589514 -0.8029999 0.5923252 0.06589514 -0.8030025 0.5923212 0.06589919 -0.8030025 0.5923212 0.06589913 -0.8030025 0.5923212 0.06589913 -0.8109194 0.5835089 0.04390174 -0.8109253 0.5835006 0.04390269 -0.8109195 0.5835086 0.04390168 -0.8109022 0.5835329 0.04389685 -0.8070286 0.5903091 0.01550036 -0.8070259 0.5903128 0.01549953 -0.8070305 0.5903065 0.01549905 -0.8070315 0.590305 0.01549768 -0.5944317 -0.8003572 0.07797038 -0.5941804 -0.8005411 0.07799851 -0.5941803 -0.8005412 0.07799839 -0.5941803 -0.8005412 0.07799839 -0.5940538 -0.8036148 0.03610187 -0.5939785 -0.8036704 0.03610312 -0.5940504 -0.8036175 0.03610068 -0.5940178 -0.8036414 0.03610157 -0.5751631 -0.7775105 -0.2542929 -0.5751432 -0.7775263 -0.2542898 -0.5752064 -0.7774767 -0.2542983 -0.5751895 -0.7774901 -0.254296 0.7987024 -0.5890833 -0.1227 0.7985031 -0.5893614 -0.122663 0.7988288 -0.5889069 -0.1227251 0.7987188 -0.5890609 -0.1227017 0.8074319 -0.5815261 -0.09940499 0.8074485 -0.581503 -0.09940409 0.807447 -0.5815053 -0.09940385 0.8074322 -0.5815257 -0.09940379 0.8061149 -0.5899997 -0.04559713 0.8061173 -0.5899966 -0.04559618 0.8061003 -0.5900191 -0.04560714 0.8061136 -0.5900016 -0.04559779 0.8052156 -0.5912108 -0.04580074 0.8052216 -0.5912027 -0.04579943 0.8052299 -0.5911916 -0.04579746 0.8052303 -0.5911909 -0.0457977 -0.5873103 -0.8093366 -0.00639826 -0.5873115 -0.8093358 -0.006399154 -0.5873317 -0.8093211 -0.006401419 -0.5873265 -0.8093249 -0.006400704 -0.8056634 0.5917255 0.02770406 -0.8056736 0.5917115 0.0277062 -0.8056319 0.5917687 0.02769678 -0.8056598 0.5917304 0.02770328 0.586999 0.8095481 -0.007994949 0.5870345 0.8095225 -0.008003234 0.5870235 0.8095303 -0.008000314 0.5870257 0.8095288 -0.008000314 0.01721161 0.002604484 -0.9998485 0.01731872 0.002625107 -0.9998466 1.32278e-6 0 1 -1.32277e-6 0 1 0.1634609 0.7523862 -0.6381188 0.1633685 0.7524204 -0.6381021 0.1633936 0.752416 -0.6381011 0.1634663 0.7523906 -0.6381123 0.5299878 0.83094 -0.1692684 0.5300278 0.830905 -0.1693149 0.5300096 0.8309195 -0.169301 0.5299867 0.8309363 -0.1692897 0.5343014 0.7447131 0.3999057 0.5342886 0.7447223 0.3999056 0.5342948 0.7447176 0.399906 0.5343042 0.744711 0.3999058 -0.4978072 0.7976644 -0.3404696 -0.4977719 0.7976763 -0.3404933 -0.4977704 0.7976759 -0.3404965 -0.4978036 0.7976536 -0.3405002 -0.6913871 0.6768162 0.2527921 -0.6914062 0.6767935 0.2528004 -0.6914141 0.6767835 0.2528056 -0.6913653 0.6768469 0.2527695 -0.8002169 0.5889105 -0.1133028 -0.8002049 0.5889278 -0.1132971 -0.8002411 0.5888753 -0.1133147 -0.8002277 0.5888946 -0.1133084 -0.2020431 -0.7827002 0.5886927 -0.2019661 -0.7827165 0.5886973 -0.2019954 -0.782701 0.5887081 -0.202019 -0.7826914 0.5887126 -0.5370352 -0.8378849 0.09768456 -0.5371028 -0.8378384 0.09771138 -0.5370866 -0.8378506 0.09769535 -0.5368539 -0.8379244 0.09834092 -0.5259975 -0.734888 -0.4280961 -0.525978 -0.7349056 -0.4280901 -0.5259796 -0.7349039 -0.4280908 -0.5259851 -0.7348985 -0.4280934 0.5161256 -0.8048493 0.2929716 0.5160541 -0.80488 0.2930128 0.5160672 -0.8048761 0.2930006 0.5161123 -0.8048619 0.29296 0.6724554 -0.6626471 -0.3297009 0.6725341 -0.662559 -0.3297173 0.6725267 -0.6625745 -0.3297011 0.6724626 -0.6626461 -0.329688 0.8006736 -0.5937108 0.08018356 0.8006952 -0.5936785 0.08020716 0.8006913 -0.5936844 0.08020359 0.8006942 -0.5936798 0.08020716 -0.5846563 -0.7904607 0.1826164 -0.5846964 -0.7904311 0.1826165 -0.8000409 0.5918419 0.09827369 -0.8000755 0.5917923 0.09829163 0.5828602 0.7880365 -0.1981728 0.5828976 0.7880067 -0.1981815 0.798651 -0.590812 -0.1144464 0.7986868 -0.5907624 -0.1144522 0.7959296 -0.5904417 -0.133697 0.7960762 -0.5902459 -0.1336883 0.7960762 -0.5902459 -0.1336882 0.7960763 -0.5902459 -0.1336883 0.7995585 -0.590781 0.1080929 0.7995967 -0.5907272 0.1081042 0.7995423 -0.5908035 0.1080894 0.7995481 -0.5907958 0.108089 0.8008043 -0.5915352 0.09380179 0.8007633 -0.5915917 0.09379416 0.8006774 -0.5917122 0.09376859 0.8008118 -0.5915247 0.09380334 0.5923557 0.8030286 0.06526887 0.5923556 0.8030286 0.06526887 0.5923557 0.8030285 0.06526887 0.5922868 0.803077 0.0652979 0.5922868 0.803077 0.06529802 0.5922868 0.803077 0.06529796 0.5923786 0.8002976 0.09279763 0.5924504 0.8002441 0.09280139 0.5925359 0.8001803 0.09280502 0.5923441 0.8003236 0.09279441 0.5949617 0.8037526 -0.001580953 0.5949617 0.8037526 -0.001580953 0.5949617 0.8037526 -0.001580953 0.5952434 0.8035439 -0.001597464 0.5952435 0.8035439 -0.001597464 0.5952435 0.8035439 -0.001597464 -0.8007126 0.5940638 0.07712101 -0.8008738 0.5938494 0.07709836 -0.8008738 0.5938494 0.0770983 -0.8008738 0.5938494 0.07709836 -0.7924798 0.5855808 -0.1705022 -0.7925086 0.5855414 -0.170504 -0.7926281 0.5853767 -0.1705136 -0.7925406 0.5854973 -0.1705064 -0.7988301 0.58991 -0.1177998 -0.7987058 0.5900753 -0.1178159 -0.7988181 0.5899297 -0.1177827 -0.798839 0.5898984 -0.1177977 -0.5889722 -0.7988682 -0.1221533 -0.5892318 -0.798685 -0.1220995 -0.5892317 -0.798685 -0.1220994 -0.5892317 -0.798685 -0.1220994 -0.5877123 -0.7939856 -0.1555038 -0.5877191 -0.7939804 -0.1555039 -0.5877951 -0.7939212 -0.155519 -0.5876621 -0.7940256 -0.1554883 -0.5948025 -0.8035444 -0.0229479 -0.5948025 -0.8035444 -0.02294796 -0.5948024 -0.8035444 -0.02294796 -0.5950644 -0.8033483 -0.02301901 -0.5950644 -0.8033483 -0.02301895 -0.5950644 -0.8033483 -0.02301895 0.4003303 -0.8895329 0.2201523 0.4002928 -0.8895497 0.2201521 -0.9054446 -0.4074019 0.1191375 -0.9054177 -0.4074556 0.1191591 -0.3985497 0.8855735 -0.2385746 -0.3985047 0.8855905 -0.2385869 0.9031337 0.4063638 -0.1386297 0.9031137 0.4064067 -0.1386337 -1.25616e-5 0 -1 2.51212e-5 0 -1 0.9042833 0.4054595 -0.133695 0.9041684 0.4057169 -0.1336922 0.9041684 0.4057169 -0.1336921 0.9041683 0.4057169 -0.1336922 0.9063959 0.4083661 0.1080911 0.9063394 0.4084858 0.1081129 0.9063788 0.4084019 0.1080994 0.9064027 0.4083518 0.1080875 0.9077138 0.4089745 0.0937854 0.9077677 0.4088617 0.0937553 0.9076294 0.4091562 0.0938102 0.9076279 0.4091604 0.09380435 -0.4109911 0.9092921 0.06537795 -0.4107856 0.9093907 0.06529796 -0.4107856 0.9093907 0.06529808 -0.4107856 0.9093907 0.0652979 -0.4082671 0.9081332 0.0928021 -0.4082183 0.9081547 0.0928055 -0.4082088 0.908159 0.09280574 -0.4082636 0.9081347 0.09280228 -0.4096483 0.9122421 -0.001593172 -0.4099185 0.9121209 -0.001590311 -0.4099712 0.9120971 -0.001584529 -0.4096409 0.9122455 -0.001594066 -0.9097893 -0.4078433 0.07711929 -0.9096575 -0.4081415 0.07709556 -0.9096575 -0.4081415 0.07709562 -0.9096575 -0.4081415 0.0770955 -0.8983845 -0.4047625 -0.1705075 -0.8983021 -0.4049419 -0.1705153 -0.8983371 -0.4048655 -0.1705121 -0.8983615 -0.4048123 -0.17051 -0.9052851 -0.4081451 -0.1177991 -0.9052954 -0.4081231 -0.1177964 -0.9053338 -0.4080322 -0.117815 -0.9052789 -0.408159 -0.1177979 0.4087324 -0.9044423 -0.1221554 0.4085474 -0.9045324 -0.1221072 0.4085474 -0.9045324 -0.1221073 0.4085474 -0.9045324 -0.1221073 0.4050831 -0.9009605 -0.1554931 0.4051119 -0.9009485 -0.1554877 0.4051542 -0.9009307 -0.1554801 0.4051001 -0.9009535 -0.1554886 0.4096626 -0.9119468 -0.02301341 0.4097388 -0.9119131 -0.02299427 0.4098681 -0.9118556 -0.02296543 0.4096449 -0.9119547 -0.02301782 -0.06718713 0.9824869 0.1737975 -0.06718045 0.9824873 0.1737973 -0.06718873 0.9824866 0.1737984 -0.06716841 0.9824877 0.1737998 0.9761309 0.07368677 0.2043008 0.976132 0.07367914 0.2042983 0.9761241 0.07373237 0.2043167 0.9761307 0.0736894 0.2043004 0.06648832 -0.9788653 -0.193396 0.0665068 -0.9788653 -0.1933898 0.06651353 -0.9788655 -0.1933869 0.0664969 -0.978865 -0.1933946 -0.9699721 -0.07238984 -0.2321934 -0.9699703 -0.07241332 -0.2321939 -0.9699722 -0.07239133 -0.2321929 -0.9699717 -0.07239568 -0.2321933 -0.3361964 -0.5356661 -0.7746185 -0.3362156 -0.5356834 -0.7745982 -0.3361423 -0.5357085 -0.7746128 -0.3361568 -0.5357288 -0.7745924 8.04674e-7 0 1 -0.5827835 -0.5440987 -0.6035892 -0.5827922 -0.5440878 -0.6035907 -0.5827764 -0.5441098 -0.6035861 -0.5827956 -0.5440846 -0.6035904 -0.2562186 -0.1857186 -0.9486098 -0.2562552 -0.1856614 -0.9486112 -0.2562407 -0.185671 -0.9486132 -0.2562603 -0.1857326 -0.9485958 -0.9909971 -0.08332198 0.1047956 -0.9909985 -0.08330166 0.1047996 -0.9910013 -0.08325779 0.1048084 -0.9909971 -0.08332359 0.1047946 -0.02193713 -0.9056032 -0.4235581 -0.02186959 -0.9056335 -0.423497 -0.02189493 -0.905629 -0.4235056 -0.02193588 -0.9056182 -0.4235264 -1.33913e-4 -0.2771883 -0.9608156 -7.94351e-5 -0.2772148 -0.960808 -1.04534e-4 -0.2772003 -0.9608122 -1.27551e-4 -0.2771896 -0.9608153 0.05240875 -0.9124652 -0.4057843 0.05238938 -0.9124653 -0.4057862 0.05239516 -0.9124651 -0.405786 0.05240285 -0.9124659 -0.4057834 0.6619392 0.5211479 0.5387406 0.6619545 0.5211307 0.5387384 0.661941 0.5211464 0.5387399 0.6619635 0.5211185 0.5387393 0.3553124 0.1924544 0.914721 0.3553513 0.19249 0.9146984 0.3553616 0.1924821 0.914696 0.3553593 0.1925069 0.9146918 0.9859632 0.08398753 -0.1443004 0.9859633 0.08399844 -0.1442934 0.9859632 0.08398193 -0.1443042 0.9859634 0.08401304 -0.1442844 0.008032739 0.9376807 0.3474052 0.007990837 0.9376863 0.347391 0.007984519 0.9376875 0.3473882 0.008049368 0.9376794 0.3474084 -0.01129621 0.3907998 0.9204065 -0.01129543 0.3908026 0.9204052 -0.01130765 0.3908037 0.9204047 -0.01128441 0.3907947 0.9204088 -0.05510789 0.9300004 0.3634042 -0.05511486 0.9299998 0.3634046 -0.05509787 0.9300028 0.3633993 -0.05510407 0.9300011 0.3634028</float_array>
          <technique_common>
            <accessor source="#Cube_007-mesh-normals-array" count="7371" stride="3">
              <param name="X" type="float"/>
              <param name="Y" type="float"/>
              <param name="Z" type="float"/>
            </accessor>
          </technique_common>
        </source>
        <source id="Cube_007-mesh-map-0">
          <float_array id="Cube_007-mesh-map-0-array" count="24192">0.5625 0 0.625 0 0.625 0.25 0.5625 0 0.625 0.25 0.5625 0.25 0.5625 0.25 0.625 0.25 0.625 0.5 0.5625 0.25 0.625 0.5 0.5625 0.5 0.5625 0.5 0.625 0.5 0.625 0.75 0.5625 0.5 0.625 0.75 0.5625 0.75 0.5625 0.75 0.625 0.75 0.625 1 0.5625 0.75 0.625 1 0.5625 1 0.125 0.5 0.375 0.5 0.375 0.75 0.125 0.5 0.375 0.75 0.125 0.75 0.625 0.5 0.875 0.5 0.875 0.75 0.625 0.5 0.875 0.75 0.625 0.75 0.375 0.75 0.4375 0.75 0.4375 1 0.375 0.75 0.4375 1 0.375 1 0.4375 0.75 0.5 0.75 0.5 1 0.4375 0.75 0.5 1 0.4375 1 0.5 0.75 0.5625 0.75 0.5625 1 0.5 0.75 0.5625 1 0.5 1 0.375 0.5 0.4375 0.5 0.4375 0.75 0.375 0.5 0.4375 0.75 0.375 0.75 0.4375 0.5 0.5 0.5 0.5 0.75 0.4375 0.5 0.5 0.75 0.4375 0.75 0.5 0.5 0.5625 0.5 0.5625 0.75 0.5 0.5 0.5625 0.75 0.5 0.75 0.375 0.25 0.4375 0.25 0.4375 0.5 0.375 0.25 0.4375 0.5 0.375 0.5 0.4375 0.25 0.5 0.25 0.5 0.5 0.4375 0.25 0.5 0.5 0.4375 0.5 0.5 0.25 0.5625 0.25 0.5625 0.5 0.5 0.25 0.5625 0.5 0.5 0.5 0.375 0 0.4375 0 0.4375 0.25 0.375 0 0.4375 0.25 0.375 0.25 0.4375 0 0.5 0 0.5 0.25 0.4375 0 0.5 0.25 0.4375 0.25 0.5 0 0.5625 0 0.5625 0.25 0.5 0 0.5625 0.25 0.5 0.25 0.5625 0 0.625 0 0.625 0.25 0.5625 0 0.625 0.25 0.5625 0.25 0.5625 0.25 0.625 0.25 0.625 0.5 0.5625 0.25 0.625 0.5 0.5625 0.5 0.5625 0.5 0.625 0.5 0.625 0.75 0.5625 0.5 0.625 0.75 0.5625 0.75 0.5625 0.75 0.625 0.75 0.625 1 0.5625 0.75 0.625 1 0.5625 1 0.125 0.5 0.375 0.5 0.375 0.75 0.125 0.5 0.375 0.75 0.125 0.75 0.625 0.5 0.875 0.5 0.875 0.75 0.625 0.5 0.875 0.75 0.625 0.75 0.375 0.75 0.4375 0.75 0.4375 1 0.375 0.75 0.4375 1 0.375 1 0.4375 0.75 0.5 0.75 0.5 1 0.4375 0.75 0.5 1 0.4375 1 0.5 0.75 0.5625 0.75 0.5625 1 0.5 0.75 0.5625 1 0.5 1 0.375 0.5 0.4375 0.5 0.4375 0.75 0.375 0.5 0.4375 0.75 0.375 0.75 0.4375 0.5 0.5 0.5 0.5 0.75 0.4375 0.5 0.5 0.75 0.4375 0.75 0.5 0.5 0.5625 0.5 0.5625 0.75 0.5 0.5 0.5625 0.75 0.5 0.75 0.375 0.25 0.4375 0.25 0.4375 0.5 0.375 0.25 0.4375 0.5 0.375 0.5 0.4375 0.25 0.5 0.25 0.5 0.5 0.4375 0.25 0.5 0.5 0.4375 0.5 0.5 0.25 0.5625 0.25 0.5625 0.5 0.5 0.25 0.5625 0.5 0.5 0.5 0.375 0 0.4375 0 0.4375 0.25 0.375 0 0.4375 0.25 0.375 0.25 0.4375 0 0.5 0 0.5 0.25 0.4375 0 0.5 0.25 0.4375 0.25 0.5 0 0.5625 0 0.5625 0.25 0.5 0 0.5625 0.25 0.5 0.25 0.5625 0 0.625 0 0.625 0.25 0.5625 0 0.625 0.25 0.5625 0.25 0.5625 0.25 0.625 0.25 0.625 0.5 0.5625 0.25 0.625 0.5 0.5625 0.5 0.5625 0.5 0.625 0.5 0.625 0.75 0.5625 0.5 0.625 0.75 0.5625 0.75 0.5625 0.75 0.625 0.75 0.625 1 0.5625 0.75 0.625 1 0.5625 1 0.125 0.5 0.375 0.5 0.375 0.75 0.125 0.5 0.375 0.75 0.125 0.75 0.625 0.5 0.875 0.5 0.875 0.75 0.625 0.5 0.875 0.75 0.625 0.75 0.375 0.75 0.4375 0.75 0.4375 1 0.375 0.75 0.4375 1 0.375 1 0.4375 0.75 0.5 0.75 0.5 1 0.4375 0.75 0.5 1 0.4375 1 0.5 0.75 0.5625 0.75 0.5625 1 0.5 0.75 0.5625 1 0.5 1 0.375 0.5 0.4375 0.5 0.4375 0.75 0.375 0.5 0.4375 0.75 0.375 0.75 0.4375 0.5 0.5 0.5 0.5 0.75 0.4375 0.5 0.5 0.75 0.4375 0.75 0.5 0.5 0.5625 0.5 0.5625 0.75 0.5 0.5 0.5625 0.75 0.5 0.75 0.375 0.25 0.4375 0.25 0.4375 0.5 0.375 0.25 0.4375 0.5 0.375 0.5 0.4375 0.25 0.5 0.25 0.5 0.5 0.4375 0.25 0.5 0.5 0.4375 0.5 0.5 0.25 0.5625 0.25 0.5625 0.5 0.5 0.25 0.5625 0.5 0.5 0.5 0.375 0 0.4375 0 0.4375 0.25 0.375 0 0.4375 0.25 0.375 0.25 0.4375 0 0.5 0 0.5 0.25 0.4375 0 0.5 0.25 0.4375 0.25 0.5 0 0.5625 0 0.5625 0.25 0.5 0 0.5625 0.25 0.5 0.25 0.5625 0 0.625 0 0.625 0.25 0.5625 0 0.625 0.25 0.5625 0.25 0.5625 0.25 0.625 0.25 0.625 0.5 0.5625 0.25 0.625 0.5 0.5625 0.5 0.5625 0.5 0.625 0.5 0.625 0.75 0.5625 0.5 0.625 0.75 0.5625 0.75 0.5625 0.75 0.625 0.75 0.625 1 0.5625 0.75 0.625 1 0.5625 1 0.125 0.5 0.375 0.5 0.375 0.75 0.125 0.5 0.375 0.75 0.125 0.75 0.625 0.5 0.875 0.5 0.875 0.75 0.625 0.5 0.875 0.75 0.625 0.75 0.375 0.75 0.4375 0.75 0.4375 1 0.375 0.75 0.4375 1 0.375 1 0.4375 0.75 0.5 0.75 0.5 1 0.4375 0.75 0.5 1 0.4375 1 0.5 0.75 0.5625 0.75 0.5625 1 0.5 0.75 0.5625 1 0.5 1 0.375 0.5 0.4375 0.5 0.4375 0.75 0.375 0.5 0.4375 0.75 0.375 0.75 0.4375 0.5 0.5 0.5 0.5 0.75 0.4375 0.5 0.5 0.75 0.4375 0.75 0.5 0.5 0.5625 0.5 0.5625 0.75 0.5 0.5 0.5625 0.75 0.5 0.75 0.375 0.25 0.4375 0.25 0.4375 0.5 0.375 0.25 0.4375 0.5 0.375 0.5 0.4375 0.25 0.5 0.25 0.5 0.5 0.4375 0.25 0.5 0.5 0.4375 0.5 0.5 0.25 0.5625 0.25 0.5625 0.5 0.5 0.25 0.5625 0.5 0.5 0.5 0.375 0 0.4375 0 0.4375 0.25 0.375 0 0.4375 0.25 0.375 0.25 0.4375 0 0.5 0 0.5 0.25 0.4375 0 0.5 0.25 0.4375 0.25 0.5 0 0.5625 0 0.5625 0.25 0.5 0 0.5625 0.25 0.5 0.25 0.5625 0 0.625 0 0.625 0.25 0.5625 0 0.625 0.25 0.5625 0.25 0.5625 0.25 0.625 0.25 0.625 0.5 0.5625 0.25 0.625 0.5 0.5625 0.5 0.5625 0.5 0.625 0.5 0.625 0.75 0.5625 0.5 0.625 0.75 0.5625 0.75 0.5625 0.75 0.625 0.75 0.625 1 0.5625 0.75 0.625 1 0.5625 1 0.125 0.5 0.375 0.5 0.375 0.75 0.125 0.5 0.375 0.75 0.125 0.75 0.625 0.5 0.875 0.5 0.875 0.75 0.625 0.5 0.875 0.75 0.625 0.75 0.375 0.75 0.4375 0.75 0.4375 1 0.375 0.75 0.4375 1 0.375 1 0.4375 0.75 0.5 0.75 0.5 1 0.4375 0.75 0.5 1 0.4375 1 0.5 0.75 0.5625 0.75 0.5625 1 0.5 0.75 0.5625 1 0.5 1 0.375 0.5 0.4375 0.5 0.4375 0.75 0.375 0.5 0.4375 0.75 0.375 0.75 0.4375 0.5 0.5 0.5 0.5 0.75 0.4375 0.5 0.5 0.75 0.4375 0.75 0.5 0.5 0.5625 0.5 0.5625 0.75 0.5 0.5 0.5625 0.75 0.5 0.75 0.375 0.25 0.4375 0.25 0.4375 0.5 0.375 0.25 0.4375 0.5 0.375 0.5 0.4375 0.25 0.5 0.25 0.5 0.5 0.4375 0.25 0.5 0.5 0.4375 0.5 0.5 0.25 0.5625 0.25 0.5625 0.5 0.5 0.25 0.5625 0.5 0.5 0.5 0.375 0 0.4375 0 0.4375 0.25 0.375 0 0.4375 0.25 0.375 0.25 0.4375 0 0.5 0 0.5 0.25 0.4375 0 0.5 0.25 0.4375 0.25 0.5 0 0.5625 0 0.5625 0.25 0.5 0 0.5625 0.25 0.5 0.25 0.5625 0 0.625 0 0.625 0.25 0.5625 0 0.625 0.25 0.5625 0.25 0.5625 0.25 0.625 0.25 0.625 0.5 0.5625 0.25 0.625 0.5 0.5625 0.5 0.5625 0.5 0.625 0.5 0.625 0.75 0.5625 0.5 0.625 0.75 0.5625 0.75 0.5625 0.75 0.625 0.75 0.625 1 0.5625 0.75 0.625 1 0.5625 1 0.125 0.5 0.375 0.5 0.375 0.75 0.125 0.5 0.375 0.75 0.125 0.75 0.625 0.5 0.875 0.5 0.875 0.75 0.625 0.5 0.875 0.75 0.625 0.75 0.375 0.75 0.4375 0.75 0.4375 1 0.375 0.75 0.4375 1 0.375 1 0.4375 0.75 0.5 0.75 0.5 1 0.4375 0.75 0.5 1 0.4375 1 0.5 0.75 0.5625 0.75 0.5625 1 0.5 0.75 0.5625 1 0.5 1 0.375 0.5 0.4375 0.5 0.4375 0.75 0.375 0.5 0.4375 0.75 0.375 0.75 0.4375 0.5 0.5 0.5 0.5 0.75 0.4375 0.5 0.5 0.75 0.4375 0.75 0.5 0.5 0.5625 0.5 0.5625 0.75 0.5 0.5 0.5625 0.75 0.5 0.75 0.375 0.25 0.4375 0.25 0.4375 0.5 0.375 0.25 0.4375 0.5 0.375 0.5 0.4375 0.25 0.5 0.25 0.5 0.5 0.4375 0.25 0.5 0.5 0.4375 0.5 0.5 0.25 0.5625 0.25 0.5625 0.5 0.5 0.25 0.5625 0.5 0.5 0.5 0.375 0 0.4375 0 0.4375 0.25 0.375 0 0.4375 0.25 0.375 0.25 0.4375 0 0.5 0 0.5 0.25 0.4375 0 0.5 0.25 0.4375 0.25 0.5 0 0.5625 0 0.5625 0.25 0.5 0 0.5625 0.25 0.5 0.25 0.5625 0 0.625 0 0.625 0.25 0.5625 0 0.625 0.25 0.5625 0.25 0.5625 0.25 0.625 0.25 0.625 0.5 0.5625 0.25 0.625 0.5 0.5625 0.5 0.5625 0.5 0.625 0.5 0.625 0.75 0.5625 0.5 0.625 0.75 0.5625 0.75 0.5625 0.75 0.625 0.75 0.625 1 0.5625 0.75 0.625 1 0.5625 1 0.125 0.5 0.375 0.5 0.375 0.75 0.125 0.5 0.375 0.75 0.125 0.75 0.625 0.5 0.875 0.5 0.875 0.75 0.625 0.5 0.875 0.75 0.625 0.75 0.375 0.75 0.4375 0.75 0.4375 1 0.375 0.75 0.4375 1 0.375 1 0.4375 0.75 0.5 0.75 0.5 1 0.4375 0.75 0.5 1 0.4375 1 0.5 0.75 0.5625 0.75 0.5625 1 0.5 0.75 0.5625 1 0.5 1 0.375 0.5 0.4375 0.5 0.4375 0.75 0.375 0.5 0.4375 0.75 0.375 0.75 0.4375 0.5 0.5 0.5 0.5 0.75 0.4375 0.5 0.5 0.75 0.4375 0.75 0.5 0.5 0.5625 0.5 0.5625 0.75 0.5 0.5 0.5625 0.75 0.5 0.75 0.375 0.25 0.4375 0.25 0.4375 0.5 0.375 0.25 0.4375 0.5 0.375 0.5 0.4375 0.25 0.5 0.25 0.5 0.5 0.4375 0.25 0.5 0.5 0.4375 0.5 0.5 0.25 0.5625 0.25 0.5625 0.5 0.5 0.25 0.5625 0.5 0.5 0.5 0.375 0 0.4375 0 0.4375 0.25 0.375 0 0.4375 0.25 0.375 0.25 0.4375 0 0.5 0 0.5 0.25 0.4375 0 0.5 0.25 0.4375 0.25 0.5 0 0.5625 0 0.5625 0.25 0.5 0 0.5625 0.25 0.5 0.25 0.5625 0 0.625 0 0.625 0.25 0.5625 0 0.625 0.25 0.5625 0.25 0.5625 0.25 0.625 0.25 0.625 0.5 0.5625 0.25 0.625 0.5 0.5625 0.5 0.5625 0.5 0.625 0.5 0.625 0.75 0.5625 0.5 0.625 0.75 0.5625 0.75 0.5625 0.75 0.625 0.75 0.625 1 0.5625 0.75 0.625 1 0.5625 1 0.125 0.5 0.375 0.5 0.375 0.75 0.125 0.5 0.375 0.75 0.125 0.75 0.625 0.5 0.875 0.5 0.875 0.75 0.625 0.5 0.875 0.75 0.625 0.75 0.375 0.75 0.4375 0.75 0.4375 1 0.375 0.75 0.4375 1 0.375 1 0.4375 0.75 0.5 0.75 0.5 1 0.4375 0.75 0.5 1 0.4375 1 0.5 0.75 0.5625 0.75 0.5625 1 0.5 0.75 0.5625 1 0.5 1 0.375 0.5 0.4375 0.5 0.4375 0.75 0.375 0.5 0.4375 0.75 0.375 0.75 0.4375 0.5 0.5 0.5 0.5 0.75 0.4375 0.5 0.5 0.75 0.4375 0.75 0.5 0.5 0.5625 0.5 0.5625 0.75 0.5 0.5 0.5625 0.75 0.5 0.75 0.375 0.25 0.4375 0.25 0.4375 0.5 0.375 0.25 0.4375 0.5 0.375 0.5 0.4375 0.25 0.5 0.25 0.5 0.5 0.4375 0.25 0.5 0.5 0.4375 0.5 0.5 0.25 0.5625 0.25 0.5625 0.5 0.5 0.25 0.5625 0.5 0.5 0.5 0.375 0 0.4375 0 0.4375 0.25 0.375 0 0.4375 0.25 0.375 0.25 0.4375 0 0.5 0 0.5 0.25 0.4375 0 0.5 0.25 0.4375 0.25 0.5 0 0.5625 0 0.5625 0.25 0.5 0 0.5625 0.25 0.5 0.25 0.5625 0 0.625 0 0.625 0.25 0.5625 0 0.625 0.25 0.5625 0.25 0.5625 0.25 0.625 0.25 0.625 0.5 0.5625 0.25 0.625 0.5 0.5625 0.5 0.5625 0.5 0.625 0.5 0.625 0.75 0.5625 0.5 0.625 0.75 0.5625 0.75 0.5625 0.75 0.625 0.75 0.625 1 0.5625 0.75 0.625 1 0.5625 1 0.125 0.5 0.375 0.5 0.375 0.75 0.125 0.5 0.375 0.75 0.125 0.75 0.625 0.5 0.875 0.5 0.875 0.75 0.625 0.5 0.875 0.75 0.625 0.75 0.375 0.75 0.4375 0.75 0.4375 1 0.375 0.75 0.4375 1 0.375 1 0.4375 0.75 0.5 0.75 0.5 1 0.4375 0.75 0.5 1 0.4375 1 0.5 0.75 0.5625 0.75 0.5625 1 0.5 0.75 0.5625 1 0.5 1 0.375 0.5 0.4375 0.5 0.4375 0.75 0.375 0.5 0.4375 0.75 0.375 0.75 0.4375 0.5 0.5 0.5 0.5 0.75 0.4375 0.5 0.5 0.75 0.4375 0.75 0.5 0.5 0.5625 0.5 0.5625 0.75 0.5 0.5 0.5625 0.75 0.5 0.75 0.375 0.25 0.4375 0.25 0.4375 0.5 0.375 0.25 0.4375 0.5 0.375 0.5 0.4375 0.25 0.5 0.25 0.5 0.5 0.4375 0.25 0.5 0.5 0.4375 0.5 0.5 0.25 0.5625 0.25 0.5625 0.5 0.5 0.25 0.5625 0.5 0.5 0.5 0.375 0 0.4375 0 0.4375 0.25 0.375 0 0.4375 0.25 0.375 0.25 0.4375 0 0.5 0 0.5 0.25 0.4375 0 0.5 0.25 0.4375 0.25 0.5 0 0.5625 0 0.5625 0.25 0.5 0 0.5625 0.25 0.5 0.25 0.5625 0 0.625 0 0.625 0.25 0.5625 0 0.625 0.25 0.5625 0.25 0.5625 0.25 0.625 0.25 0.625 0.5 0.5625 0.25 0.625 0.5 0.5625 0.5 0.5625 0.5 0.625 0.5 0.625 0.75 0.5625 0.5 0.625 0.75 0.5625 0.75 0.5625 0.75 0.625 0.75 0.625 1 0.5625 0.75 0.625 1 0.5625 1 0.125 0.5 0.375 0.5 0.375 0.75 0.125 0.5 0.375 0.75 0.125 0.75 0.625 0.5 0.875 0.5 0.875 0.75 0.625 0.5 0.875 0.75 0.625 0.75 0.375 0.75 0.4375 0.75 0.4375 1 0.375 0.75 0.4375 1 0.375 1 0.4375 0.75 0.5 0.75 0.5 1 0.4375 0.75 0.5 1 0.4375 1 0.5 0.75 0.5625 0.75 0.5625 1 0.5 0.75 0.5625 1 0.5 1 0.375 0.5 0.4375 0.5 0.4375 0.75 0.375 0.5 0.4375 0.75 0.375 0.75 0.4375 0.5 0.5 0.5 0.5 0.75 0.4375 0.5 0.5 0.75 0.4375 0.75 0.5 0.5 0.5625 0.5 0.5625 0.75 0.5 0.5 0.5625 0.75 0.5 0.75 0.375 0.25 0.4375 0.25 0.4375 0.5 0.375 0.25 0.4375 0.5 0.375 0.5 0.4375 0.25 0.5 0.25 0.5 0.5 0.4375 0.25 0.5 0.5 0.4375 0.5 0.5 0.25 0.5625 0.25 0.5625 0.5 0.5 0.25 0.5625 0.5 0.5 0.5 0.375 0 0.4375 0 0.4375 0.25 0.375 0 0.4375 0.25 0.375 0.25 0.4375 0 0.5 0 0.5 0.25 0.4375 0 0.5 0.25 0.4375 0.25 0.5 0 0.5625 0 0.5625 0.25 0.5 0 0.5625 0.25 0.5 0.25 0.5625 0 0.625 0 0.625 0.25 0.5625 0 0.625 0.25 0.5625 0.25 0.5625 0.25 0.625 0.25 0.625 0.5 0.5625 0.25 0.625 0.5 0.5625 0.5 0.5625 0.5 0.625 0.5 0.625 0.75 0.5625 0.5 0.625 0.75 0.5625 0.75 0.5625 0.75 0.625 0.75 0.625 1 0.5625 0.75 0.625 1 0.5625 1 0.125 0.5 0.375 0.5 0.375 0.75 0.125 0.5 0.375 0.75 0.125 0.75 0.625 0.5 0.875 0.5 0.875 0.75 0.625 0.5 0.875 0.75 0.625 0.75 0.375 0.75 0.4375 0.75 0.4375 1 0.375 0.75 0.4375 1 0.375 1 0.4375 0.75 0.5 0.75 0.5 1 0.4375 0.75 0.5 1 0.4375 1 0.5 0.75 0.5625 0.75 0.5625 1 0.5 0.75 0.5625 1 0.5 1 0.375 0.5 0.4375 0.5 0.4375 0.75 0.375 0.5 0.4375 0.75 0.375 0.75 0.4375 0.5 0.5 0.5 0.5 0.75 0.4375 0.5 0.5 0.75 0.4375 0.75 0.5 0.5 0.5625 0.5 0.5625 0.75 0.5 0.5 0.5625 0.75 0.5 0.75 0.375 0.25 0.4375 0.25 0.4375 0.5 0.375 0.25 0.4375 0.5 0.375 0.5 0.4375 0.25 0.5 0.25 0.5 0.5 0.4375 0.25 0.5 0.5 0.4375 0.5 0.5 0.25 0.5625 0.25 0.5625 0.5 0.5 0.25 0.5625 0.5 0.5 0.5 0.375 0 0.4375 0 0.4375 0.25 0.375 0 0.4375 0.25 0.375 0.25 0.4375 0 0.5 0 0.5 0.25 0.4375 0 0.5 0.25 0.4375 0.25 0.5 0 0.5625 0 0.5625 0.25 0.5 0 0.5625 0.25 0.5 0.25 0.5625 0 0.625 0 0.625 0.25 0.5625 0 0.625 0.25 0.5625 0.25 0.5625 0.25 0.625 0.25 0.625 0.5 0.5625 0.25 0.625 0.5 0.5625 0.5 0.5625 0.5 0.625 0.5 0.625 0.75 0.5625 0.5 0.625 0.75 0.5625 0.75 0.5625 0.75 0.625 0.75 0.625 1 0.5625 0.75 0.625 1 0.5625 1 0.125 0.5 0.375 0.5 0.375 0.75 0.125 0.5 0.375 0.75 0.125 0.75 0.625 0.5 0.875 0.5 0.875 0.75 0.625 0.5 0.875 0.75 0.625 0.75 0.375 0.75 0.4375 0.75 0.4375 1 0.375 0.75 0.4375 1 0.375 1 0.4375 0.75 0.5 0.75 0.5 1 0.4375 0.75 0.5 1 0.4375 1 0.5 0.75 0.5625 0.75 0.5625 1 0.5 0.75 0.5625 1 0.5 1 0.375 0.5 0.4375 0.5 0.4375 0.75 0.375 0.5 0.4375 0.75 0.375 0.75 0.4375 0.5 0.5 0.5 0.5 0.75 0.4375 0.5 0.5 0.75 0.4375 0.75 0.5 0.5 0.5625 0.5 0.5625 0.75 0.5 0.5 0.5625 0.75 0.5 0.75 0.375 0.25 0.4375 0.25 0.4375 0.5 0.375 0.25 0.4375 0.5 0.375 0.5 0.4375 0.25 0.5 0.25 0.5 0.5 0.4375 0.25 0.5 0.5 0.4375 0.5 0.5 0.25 0.5625 0.25 0.5625 0.5 0.5 0.25 0.5625 0.5 0.5 0.5 0.375 0 0.4375 0 0.4375 0.25 0.375 0 0.4375 0.25 0.375 0.25 0.4375 0 0.5 0 0.5 0.25 0.4375 0 0.5 0.25 0.4375 0.25 0.5 0 0.5625 0 0.5625 0.25 0.5 0 0.5625 0.25 0.5 0.25 0.5625 0 0.625 0 0.625 0.25 0.5625 0 0.625 0.25 0.5625 0.25 0.5625 0.25 0.625 0.25 0.625 0.5 0.5625 0.25 0.625 0.5 0.5625 0.5 0.5625 0.5 0.625 0.5 0.625 0.75 0.5625 0.5 0.625 0.75 0.5625 0.75 0.5625 0.75 0.625 0.75 0.625 1 0.5625 0.75 0.625 1 0.5625 1 0.125 0.5 0.375 0.5 0.375 0.75 0.125 0.5 0.375 0.75 0.125 0.75 0.625 0.5 0.875 0.5 0.875 0.75 0.625 0.5 0.875 0.75 0.625 0.75 0.375 0.75 0.4375 0.75 0.4375 1 0.375 0.75 0.4375 1 0.375 1 0.4375 0.75 0.5 0.75 0.5 1 0.4375 0.75 0.5 1 0.4375 1 0.5 0.75 0.5625 0.75 0.5625 1 0.5 0.75 0.5625 1 0.5 1 0.375 0.5 0.4375 0.5 0.4375 0.75 0.375 0.5 0.4375 0.75 0.375 0.75 0.4375 0.5 0.5 0.5 0.5 0.75 0.4375 0.5 0.5 0.75 0.4375 0.75 0.5 0.5 0.5625 0.5 0.5625 0.75 0.5 0.5 0.5625 0.75 0.5 0.75 0.375 0.25 0.4375 0.25 0.4375 0.5 0.375 0.25 0.4375 0.5 0.375 0.5 0.4375 0.25 0.5 0.25 0.5 0.5 0.4375 0.25 0.5 0.5 0.4375 0.5 0.5 0.25 0.5625 0.25 0.5625 0.5 0.5 0.25 0.5625 0.5 0.5 0.5 0.375 0 0.4375 0 0.4375 0.25 0.375 0 0.4375 0.25 0.375 0.25 0.4375 0 0.5 0 0.5 0.25 0.4375 0 0.5 0.25 0.4375 0.25 0.5 0 0.5625 0 0.5625 0.25 0.5 0 0.5625 0.25 0.5 0.25 0.5625 0 0.625 0 0.625 0.25 0.5625 0 0.625 0.25 0.5625 0.25 0.5625 0.25 0.625 0.25 0.625 0.5 0.5625 0.25 0.625 0.5 0.5625 0.5 0.5625 0.5 0.625 0.5 0.625 0.75 0.5625 0.5 0.625 0.75 0.5625 0.75 0.5625 0.75 0.625 0.75 0.625 1 0.5625 0.75 0.625 1 0.5625 1 0.125 0.5 0.375 0.5 0.375 0.75 0.125 0.5 0.375 0.75 0.125 0.75 0.625 0.5 0.875 0.5 0.875 0.75 0.625 0.5 0.875 0.75 0.625 0.75 0.375 0.75 0.4375 0.75 0.4375 1 0.375 0.75 0.4375 1 0.375 1 0.4375 0.75 0.5 0.75 0.5 1 0.4375 0.75 0.5 1 0.4375 1 0.5 0.75 0.5625 0.75 0.5625 1 0.5 0.75 0.5625 1 0.5 1 0.375 0.5 0.4375 0.5 0.4375 0.75 0.375 0.5 0.4375 0.75 0.375 0.75 0.4375 0.5 0.5 0.5 0.5 0.75 0.4375 0.5 0.5 0.75 0.4375 0.75 0.5 0.5 0.5625 0.5 0.5625 0.75 0.5 0.5 0.5625 0.75 0.5 0.75 0.375 0.25 0.4375 0.25 0.4375 0.5 0.375 0.25 0.4375 0.5 0.375 0.5 0.4375 0.25 0.5 0.25 0.5 0.5 0.4375 0.25 0.5 0.5 0.4375 0.5 0.5 0.25 0.5625 0.25 0.5625 0.5 0.5 0.25 0.5625 0.5 0.5 0.5 0.375 0 0.4375 0 0.4375 0.25 0.375 0 0.4375 0.25 0.375 0.25 0.4375 0 0.5 0 0.5 0.25 0.4375 0 0.5 0.25 0.4375 0.25 0.5 0 0.5625 0 0.5625 0.25 0.5 0 0.5625 0.25 0.5 0.25 0.5625 0 0.625 0 0.625 0.25 0.5625 0 0.625 0.25 0.5625 0.25 0.5625 0.25 0.625 0.25 0.625 0.5 0.5625 0.25 0.625 0.5 0.5625 0.5 0.5625 0.5 0.625 0.5 0.625 0.75 0.5625 0.5 0.625 0.75 0.5625 0.75 0.5625 0.75 0.625 0.75 0.625 1 0.5625 0.75 0.625 1 0.5625 1 0.125 0.5 0.375 0.5 0.375 0.75 0.125 0.5 0.375 0.75 0.125 0.75 0.625 0.5 0.875 0.5 0.875 0.75 0.625 0.5 0.875 0.75 0.625 0.75 0.375 0.75 0.4375 0.75 0.4375 1 0.375 0.75 0.4375 1 0.375 1 0.4375 0.75 0.5 0.75 0.5 1 0.4375 0.75 0.5 1 0.4375 1 0.5 0.75 0.5625 0.75 0.5625 1 0.5 0.75 0.5625 1 0.5 1 0.375 0.5 0.4375 0.5 0.4375 0.75 0.375 0.5 0.4375 0.75 0.375 0.75 0.4375 0.5 0.5 0.5 0.5 0.75 0.4375 0.5 0.5 0.75 0.4375 0.75 0.5 0.5 0.5625 0.5 0.5625 0.75 0.5 0.5 0.5625 0.75 0.5 0.75 0.375 0.25 0.4375 0.25 0.4375 0.5 0.375 0.25 0.4375 0.5 0.375 0.5 0.4375 0.25 0.5 0.25 0.5 0.5 0.4375 0.25 0.5 0.5 0.4375 0.5 0.5 0.25 0.5625 0.25 0.5625 0.5 0.5 0.25 0.5625 0.5 0.5 0.5 0.375 0 0.4375 0 0.4375 0.25 0.375 0 0.4375 0.25 0.375 0.25 0.4375 0 0.5 0 0.5 0.25 0.4375 0 0.5 0.25 0.4375 0.25 0.5 0 0.5625 0 0.5625 0.25 0.5 0 0.5625 0.25 0.5 0.25 0.5625 0 0.625 0 0.625 0.25 0.5625 0 0.625 0.25 0.5625 0.25 0.5625 0.25 0.625 0.25 0.625 0.5 0.5625 0.25 0.625 0.5 0.5625 0.5 0.5625 0.5 0.625 0.5 0.625 0.75 0.5625 0.5 0.625 0.75 0.5625 0.75 0.5625 0.75 0.625 0.75 0.625 1 0.5625 0.75 0.625 1 0.5625 1 0.125 0.5 0.375 0.5 0.375 0.75 0.125 0.5 0.375 0.75 0.125 0.75 0.625 0.5 0.875 0.5 0.875 0.75 0.625 0.5 0.875 0.75 0.625 0.75 0.375 0.75 0.4375 0.75 0.4375 1 0.375 0.75 0.4375 1 0.375 1 0.4375 0.75 0.5 0.75 0.5 1 0.4375 0.75 0.5 1 0.4375 1 0.5 0.75 0.5625 0.75 0.5625 1 0.5 0.75 0.5625 1 0.5 1 0.375 0.5 0.4375 0.5 0.4375 0.75 0.375 0.5 0.4375 0.75 0.375 0.75 0.4375 0.5 0.5 0.5 0.5 0.75 0.4375 0.5 0.5 0.75 0.4375 0.75 0.5 0.5 0.5625 0.5 0.5625 0.75 0.5 0.5 0.5625 0.75 0.5 0.75 0.375 0.25 0.4375 0.25 0.4375 0.5 0.375 0.25 0.4375 0.5 0.375 0.5 0.4375 0.25 0.5 0.25 0.5 0.5 0.4375 0.25 0.5 0.5 0.4375 0.5 0.5 0.25 0.5625 0.25 0.5625 0.5 0.5 0.25 0.5625 0.5 0.5 0.5 0.375 0 0.4375 0 0.4375 0.25 0.375 0 0.4375 0.25 0.375 0.25 0.4375 0 0.5 0 0.5 0.25 0.4375 0 0.5 0.25 0.4375 0.25 0.5 0 0.5625 0 0.5625 0.25 0.5 0 0.5625 0.25 0.5 0.25 0.5625 0 0.625 0 0.625 0.25 0.5625 0 0.625 0.25 0.5625 0.25 0.5625 0.25 0.625 0.25 0.625 0.5 0.5625 0.25 0.625 0.5 0.5625 0.5 0.5625 0.5 0.625 0.5 0.625 0.75 0.5625 0.5 0.625 0.75 0.5625 0.75 0.5625 0.75 0.625 0.75 0.625 1 0.5625 0.75 0.625 1 0.5625 1 0.125 0.5 0.375 0.5 0.375 0.75 0.125 0.5 0.375 0.75 0.125 0.75 0.625 0.5 0.875 0.5 0.875 0.75 0.625 0.5 0.875 0.75 0.625 0.75 0.375 0.75 0.4375 0.75 0.4375 1 0.375 0.75 0.4375 1 0.375 1 0.4375 0.75 0.5 0.75 0.5 1 0.4375 0.75 0.5 1 0.4375 1 0.5 0.75 0.5625 0.75 0.5625 1 0.5 0.75 0.5625 1 0.5 1 0.375 0.5 0.4375 0.5 0.4375 0.75 0.375 0.5 0.4375 0.75 0.375 0.75 0.4375 0.5 0.5 0.5 0.5 0.75 0.4375 0.5 0.5 0.75 0.4375 0.75 0.5 0.5 0.5625 0.5 0.5625 0.75 0.5 0.5 0.5625 0.75 0.5 0.75 0.375 0.25 0.4375 0.25 0.4375 0.5 0.375 0.25 0.4375 0.5 0.375 0.5 0.4375 0.25 0.5 0.25 0.5 0.5 0.4375 0.25 0.5 0.5 0.4375 0.5 0.5 0.25 0.5625 0.25 0.5625 0.5 0.5 0.25 0.5625 0.5 0.5 0.5 0.375 0 0.4375 0 0.4375 0.25 0.375 0 0.4375 0.25 0.375 0.25 0.4375 0 0.5 0 0.5 0.25 0.4375 0 0.5 0.25 0.4375 0.25 0.5 0 0.5625 0 0.5625 0.25 0.5 0 0.5625 0.25 0.5 0.25 0.5625 0 0.625 0 0.625 0.25 0.5625 0 0.625 0.25 0.5625 0.25 0.5625 0.25 0.625 0.25 0.625 0.5 0.5625 0.25 0.625 0.5 0.5625 0.5 0.5625 0.5 0.625 0.5 0.625 0.75 0.5625 0.5 0.625 0.75 0.5625 0.75 0.5625 0.75 0.625 0.75 0.625 1 0.5625 0.75 0.625 1 0.5625 1 0.125 0.5 0.375 0.5 0.375 0.75 0.125 0.5 0.375 0.75 0.125 0.75 0.625 0.5 0.875 0.5 0.875 0.75 0.625 0.5 0.875 0.75 0.625 0.75 0.375 0.75 0.4375 0.75 0.4375 1 0.375 0.75 0.4375 1 0.375 1 0.4375 0.75 0.5 0.75 0.5 1 0.4375 0.75 0.5 1 0.4375 1 0.5 0.75 0.5625 0.75 0.5625 1 0.5 0.75 0.5625 1 0.5 1 0.375 0.5 0.4375 0.5 0.4375 0.75 0.375 0.5 0.4375 0.75 0.375 0.75 0.4375 0.5 0.5 0.5 0.5 0.75 0.4375 0.5 0.5 0.75 0.4375 0.75 0.5 0.5 0.5625 0.5 0.5625 0.75 0.5 0.5 0.5625 0.75 0.5 0.75 0.375 0.25 0.4375 0.25 0.4375 0.5 0.375 0.25 0.4375 0.5 0.375 0.5 0.4375 0.25 0.5 0.25 0.5 0.5 0.4375 0.25 0.5 0.5 0.4375 0.5 0.5 0.25 0.5625 0.25 0.5625 0.5 0.5 0.25 0.5625 0.5 0.5 0.5 0.375 0 0.4375 0 0.4375 0.25 0.375 0 0.4375 0.25 0.375 0.25 0.4375 0 0.5 0 0.5 0.25 0.4375 0 0.5 0.25 0.4375 0.25 0.5 0 0.5625 0 0.5625 0.25 0.5 0 0.5625 0.25 0.5 0.25 0.5625 0 0.625 0 0.625 0.25 0.5625 0 0.625 0.25 0.5625 0.25 0.5625 0.25 0.625 0.25 0.625 0.5 0.5625 0.25 0.625 0.5 0.5625 0.5 0.5625 0.5 0.625 0.5 0.625 0.75 0.5625 0.5 0.625 0.75 0.5625 0.75 0.5625 0.75 0.625 0.75 0.625 1 0.5625 0.75 0.625 1 0.5625 1 0.125 0.5 0.375 0.5 0.375 0.75 0.125 0.5 0.375 0.75 0.125 0.75 0.625 0.5 0.875 0.5 0.875 0.75 0.625 0.5 0.875 0.75 0.625 0.75 0.375 0.75 0.4375 0.75 0.4375 1 0.375 0.75 0.4375 1 0.375 1 0.4375 0.75 0.5 0.75 0.5 1 0.4375 0.75 0.5 1 0.4375 1 0.5 0.75 0.5625 0.75 0.5625 1 0.5 0.75 0.5625 1 0.5 1 0.375 0.5 0.4375 0.5 0.4375 0.75 0.375 0.5 0.4375 0.75 0.375 0.75 0.4375 0.5 0.5 0.5 0.5 0.75 0.4375 0.5 0.5 0.75 0.4375 0.75 0.5 0.5 0.5625 0.5 0.5625 0.75 0.5 0.5 0.5625 0.75 0.5 0.75 0.375 0.25 0.4375 0.25 0.4375 0.5 0.375 0.25 0.4375 0.5 0.375 0.5 0.4375 0.25 0.5 0.25 0.5 0.5 0.4375 0.25 0.5 0.5 0.4375 0.5 0.5 0.25 0.5625 0.25 0.5625 0.5 0.5 0.25 0.5625 0.5 0.5 0.5 0.375 0 0.4375 0 0.4375 0.25 0.375 0 0.4375 0.25 0.375 0.25 0.4375 0 0.5 0 0.5 0.25 0.4375 0 0.5 0.25 0.4375 0.25 0.5 0 0.5625 0 0.5625 0.25 0.5 0 0.5625 0.25 0.5 0.25 0.5625 0 0.625 0 0.625 0.25 0.5625 0 0.625 0.25 0.5625 0.25 0.5625 0.25 0.625 0.25 0.625 0.5 0.5625 0.25 0.625 0.5 0.5625 0.5 0.5625 0.5 0.625 0.5 0.625 0.75 0.5625 0.5 0.625 0.75 0.5625 0.75 0.5625 0.75 0.625 0.75 0.625 1 0.5625 0.75 0.625 1 0.5625 1 0.125 0.5 0.375 0.5 0.375 0.75 0.125 0.5 0.375 0.75 0.125 0.75 0.625 0.5 0.875 0.5 0.875 0.75 0.625 0.5 0.875 0.75 0.625 0.75 0.375 0.75 0.4375 0.75 0.4375 1 0.375 0.75 0.4375 1 0.375 1 0.4375 0.75 0.5 0.75 0.5 1 0.4375 0.75 0.5 1 0.4375 1 0.5 0.75 0.5625 0.75 0.5625 1 0.5 0.75 0.5625 1 0.5 1 0.375 0.5 0.4375 0.5 0.4375 0.75 0.375 0.5 0.4375 0.75 0.375 0.75 0.4375 0.5 0.5 0.5 0.5 0.75 0.4375 0.5 0.5 0.75 0.4375 0.75 0.5 0.5 0.5625 0.5 0.5625 0.75 0.5 0.5 0.5625 0.75 0.5 0.75 0.375 0.25 0.4375 0.25 0.4375 0.5 0.375 0.25 0.4375 0.5 0.375 0.5 0.4375 0.25 0.5 0.25 0.5 0.5 0.4375 0.25 0.5 0.5 0.4375 0.5 0.5 0.25 0.5625 0.25 0.5625 0.5 0.5 0.25 0.5625 0.5 0.5 0.5 0.375 0 0.4375 0 0.4375 0.25 0.375 0 0.4375 0.25 0.375 0.25 0.4375 0 0.5 0 0.5 0.25 0.4375 0 0.5 0.25 0.4375 0.25 0.5 0 0.5625 0 0.5625 0.25 0.5 0 0.5625 0.25 0.5 0.25 0.5625 0 0.625 0 0.625 0.25 0.5625 0 0.625 0.25 0.5625 0.25 0.5625 0.25 0.625 0.25 0.625 0.5 0.5625 0.25 0.625 0.5 0.5625 0.5 0.5625 0.5 0.625 0.5 0.625 0.75 0.5625 0.5 0.625 0.75 0.5625 0.75 0.5625 0.75 0.625 0.75 0.625 1 0.5625 0.75 0.625 1 0.5625 1 0.125 0.5 0.375 0.5 0.375 0.75 0.125 0.5 0.375 0.75 0.125 0.75 0.625 0.5 0.875 0.5 0.875 0.75 0.625 0.5 0.875 0.75 0.625 0.75 0.375 0.75 0.4375 0.75 0.4375 1 0.375 0.75 0.4375 1 0.375 1 0.4375 0.75 0.5 0.75 0.5 1 0.4375 0.75 0.5 1 0.4375 1 0.5 0.75 0.5625 0.75 0.5625 1 0.5 0.75 0.5625 1 0.5 1 0.375 0.5 0.4375 0.5 0.4375 0.75 0.375 0.5 0.4375 0.75 0.375 0.75 0.4375 0.5 0.5 0.5 0.5 0.75 0.4375 0.5 0.5 0.75 0.4375 0.75 0.5 0.5 0.5625 0.5 0.5625 0.75 0.5 0.5 0.5625 0.75 0.5 0.75 0.375 0.25 0.4375 0.25 0.4375 0.5 0.375 0.25 0.4375 0.5 0.375 0.5 0.4375 0.25 0.5 0.25 0.5 0.5 0.4375 0.25 0.5 0.5 0.4375 0.5 0.5 0.25 0.5625 0.25 0.5625 0.5 0.5 0.25 0.5625 0.5 0.5 0.5 0.375 0 0.4375 0 0.4375 0.25 0.375 0 0.4375 0.25 0.375 0.25 0.4375 0 0.5 0 0.5 0.25 0.4375 0 0.5 0.25 0.4375 0.25 0.5 0 0.5625 0 0.5625 0.25 0.5 0 0.5625 0.25 0.5 0.25 0.5625 0 0.625 0 0.625 0.25 0.5625 0 0.625 0.25 0.5625 0.25 0.5625 0.25 0.625 0.25 0.625 0.5 0.5625 0.25 0.625 0.5 0.5625 0.5 0.5625 0.5 0.625 0.5 0.625 0.75 0.5625 0.5 0.625 0.75 0.5625 0.75 0.5625 0.75 0.625 0.75 0.625 1 0.5625 0.75 0.625 1 0.5625 1 0.125 0.5 0.375 0.5 0.375 0.75 0.125 0.5 0.375 0.75 0.125 0.75 0.625 0.5 0.875 0.5 0.875 0.75 0.625 0.5 0.875 0.75 0.625 0.75 0.375 0.75 0.4375 0.75 0.4375 1 0.375 0.75 0.4375 1 0.375 1 0.4375 0.75 0.5 0.75 0.5 1 0.4375 0.75 0.5 1 0.4375 1 0.5 0.75 0.5625 0.75 0.5625 1 0.5 0.75 0.5625 1 0.5 1 0.375 0.5 0.4375 0.5 0.4375 0.75 0.375 0.5 0.4375 0.75 0.375 0.75 0.4375 0.5 0.5 0.5 0.5 0.75 0.4375 0.5 0.5 0.75 0.4375 0.75 0.5 0.5 0.5625 0.5 0.5625 0.75 0.5 0.5 0.5625 0.75 0.5 0.75 0.375 0.25 0.4375 0.25 0.4375 0.5 0.375 0.25 0.4375 0.5 0.375 0.5 0.4375 0.25 0.5 0.25 0.5 0.5 0.4375 0.25 0.5 0.5 0.4375 0.5 0.5 0.25 0.5625 0.25 0.5625 0.5 0.5 0.25 0.5625 0.5 0.5 0.5 0.375 0 0.4375 0 0.4375 0.25 0.375 0 0.4375 0.25 0.375 0.25 0.4375 0 0.5 0 0.5 0.25 0.4375 0 0.5 0.25 0.4375 0.25 0.5 0 0.5625 0 0.5625 0.25 0.5 0 0.5625 0.25 0.5 0.25 0.5625 0 0.625 0 0.625 0.25 0.5625 0 0.625 0.25 0.5625 0.25 0.5625 0.25 0.625 0.25 0.625 0.5 0.5625 0.25 0.625 0.5 0.5625 0.5 0.5625 0.5 0.625 0.5 0.625 0.75 0.5625 0.5 0.625 0.75 0.5625 0.75 0.5625 0.75 0.625 0.75 0.625 1 0.5625 0.75 0.625 1 0.5625 1 0.125 0.5 0.375 0.5 0.375 0.75 0.125 0.5 0.375 0.75 0.125 0.75 0.625 0.5 0.875 0.5 0.875 0.75 0.625 0.5 0.875 0.75 0.625 0.75 0.375 0.75 0.4375 0.75 0.4375 1 0.375 0.75 0.4375 1 0.375 1 0.4375 0.75 0.5 0.75 0.5 1 0.4375 0.75 0.5 1 0.4375 1 0.5 0.75 0.5625 0.75 0.5625 1 0.5 0.75 0.5625 1 0.5 1 0.375 0.5 0.4375 0.5 0.4375 0.75 0.375 0.5 0.4375 0.75 0.375 0.75 0.4375 0.5 0.5 0.5 0.5 0.75 0.4375 0.5 0.5 0.75 0.4375 0.75 0.5 0.5 0.5625 0.5 0.5625 0.75 0.5 0.5 0.5625 0.75 0.5 0.75 0.375 0.25 0.4375 0.25 0.4375 0.5 0.375 0.25 0.4375 0.5 0.375 0.5 0.4375 0.25 0.5 0.25 0.5 0.5 0.4375 0.25 0.5 0.5 0.4375 0.5 0.5 0.25 0.5625 0.25 0.5625 0.5 0.5 0.25 0.5625 0.5 0.5 0.5 0.375 0 0.4375 0 0.4375 0.25 0.375 0 0.4375 0.25 0.375 0.25 0.4375 0 0.5 0 0.5 0.25 0.4375 0 0.5 0.25 0.4375 0.25 0.5 0 0.5625 0 0.5625 0.25 0.5 0 0.5625 0.25 0.5 0.25 0.5625 0 0.625 0 0.625 0.25 0.5625 0 0.625 0.25 0.5625 0.25 0.5625 0.25 0.625 0.25 0.625 0.5 0.5625 0.25 0.625 0.5 0.5625 0.5 0.5625 0.5 0.625 0.5 0.625 0.75 0.5625 0.5 0.625 0.75 0.5625 0.75 0.5625 0.75 0.625 0.75 0.625 1 0.5625 0.75 0.625 1 0.5625 1 0.125 0.5 0.375 0.5 0.375 0.75 0.125 0.5 0.375 0.75 0.125 0.75 0.625 0.5 0.875 0.5 0.875 0.75 0.625 0.5 0.875 0.75 0.625 0.75 0.375 0.75 0.4375 0.75 0.4375 1 0.375 0.75 0.4375 1 0.375 1 0.4375 0.75 0.5 0.75 0.5 1 0.4375 0.75 0.5 1 0.4375 1 0.5 0.75 0.5625 0.75 0.5625 1 0.5 0.75 0.5625 1 0.5 1 0.375 0.5 0.4375 0.5 0.4375 0.75 0.375 0.5 0.4375 0.75 0.375 0.75 0.4375 0.5 0.5 0.5 0.5 0.75 0.4375 0.5 0.5 0.75 0.4375 0.75 0.5 0.5 0.5625 0.5 0.5625 0.75 0.5 0.5 0.5625 0.75 0.5 0.75 0.375 0.25 0.4375 0.25 0.4375 0.5 0.375 0.25 0.4375 0.5 0.375 0.5 0.4375 0.25 0.5 0.25 0.5 0.5 0.4375 0.25 0.5 0.5 0.4375 0.5 0.5 0.25 0.5625 0.25 0.5625 0.5 0.5 0.25 0.5625 0.5 0.5 0.5 0.375 0 0.4375 0 0.4375 0.25 0.375 0 0.4375 0.25 0.375 0.25 0.4375 0 0.5 0 0.5 0.25 0.4375 0 0.5 0.25 0.4375 0.25 0.5 0 0.5625 0 0.5625 0.25 0.5 0 0.5625 0.25 0.5 0.25 0.5625 0 0.625 0 0.625 0.25 0.5625 0 0.625 0.25 0.5625 0.25 0.5625 0.25 0.625 0.25 0.625 0.5 0.5625 0.25 0.625 0.5 0.5625 0.5 0.5625 0.5 0.625 0.5 0.625 0.75 0.5625 0.5 0.625 0.75 0.5625 0.75 0.5625 0.75 0.625 0.75 0.625 1 0.5625 0.75 0.625 1 0.5625 1 0.125 0.5 0.375 0.5 0.375 0.75 0.125 0.5 0.375 0.75 0.125 0.75 0.625 0.5 0.875 0.5 0.875 0.75 0.625 0.5 0.875 0.75 0.625 0.75 0.375 0.75 0.4375 0.75 0.4375 1 0.375 0.75 0.4375 1 0.375 1 0.4375 0.75 0.5 0.75 0.5 1 0.4375 0.75 0.5 1 0.4375 1 0.5 0.75 0.5625 0.75 0.5625 1 0.5 0.75 0.5625 1 0.5 1 0.375 0.5 0.4375 0.5 0.4375 0.75 0.375 0.5 0.4375 0.75 0.375 0.75 0.4375 0.5 0.5 0.5 0.5 0.75 0.4375 0.5 0.5 0.75 0.4375 0.75 0.5 0.5 0.5625 0.5 0.5625 0.75 0.5 0.5 0.5625 0.75 0.5 0.75 0.375 0.25 0.4375 0.25 0.4375 0.5 0.375 0.25 0.4375 0.5 0.375 0.5 0.4375 0.25 0.5 0.25 0.5 0.5 0.4375 0.25 0.5 0.5 0.4375 0.5 0.5 0.25 0.5625 0.25 0.5625 0.5 0.5 0.25 0.5625 0.5 0.5 0.5 0.375 0 0.4375 0 0.4375 0.25 0.375 0 0.4375 0.25 0.375 0.25 0.4375 0 0.5 0 0.5 0.25 0.4375 0 0.5 0.25 0.4375 0.25 0.5 0 0.5625 0 0.5625 0.25 0.5 0 0.5625 0.25 0.5 0.25 0.5625 0 0.625 0 0.625 0.25 0.5625 0 0.625 0.25 0.5625 0.25 0.5625 0.25 0.625 0.25 0.625 0.5 0.5625 0.25 0.625 0.5 0.5625 0.5 0.5625 0.5 0.625 0.5 0.625 0.75 0.5625 0.5 0.625 0.75 0.5625 0.75 0.5625 0.75 0.625 0.75 0.625 1 0.5625 0.75 0.625 1 0.5625 1 0.125 0.5 0.375 0.5 0.375 0.75 0.125 0.5 0.375 0.75 0.125 0.75 0.625 0.5 0.875 0.5 0.875 0.75 0.625 0.5 0.875 0.75 0.625 0.75 0.375 0.75 0.4375 0.75 0.4375 1 0.375 0.75 0.4375 1 0.375 1 0.4375 0.75 0.5 0.75 0.5 1 0.4375 0.75 0.5 1 0.4375 1 0.5 0.75 0.5625 0.75 0.5625 1 0.5 0.75 0.5625 1 0.5 1 0.375 0.5 0.4375 0.5 0.4375 0.75 0.375 0.5 0.4375 0.75 0.375 0.75 0.4375 0.5 0.5 0.5 0.5 0.75 0.4375 0.5 0.5 0.75 0.4375 0.75 0.5 0.5 0.5625 0.5 0.5625 0.75 0.5 0.5 0.5625 0.75 0.5 0.75 0.375 0.25 0.4375 0.25 0.4375 0.5 0.375 0.25 0.4375 0.5 0.375 0.5 0.4375 0.25 0.5 0.25 0.5 0.5 0.4375 0.25 0.5 0.5 0.4375 0.5 0.5 0.25 0.5625 0.25 0.5625 0.5 0.5 0.25 0.5625 0.5 0.5 0.5 0.375 0 0.4375 0 0.4375 0.25 0.375 0 0.4375 0.25 0.375 0.25 0.4375 0 0.5 0 0.5 0.25 0.4375 0 0.5 0.25 0.4375 0.25 0.5 0 0.5625 0 0.5625 0.25 0.5 0 0.5625 0.25 0.5 0.25 0.5625 0 0.625 0 0.625 0.25 0.5625 0 0.625 0.25 0.5625 0.25 0.5625 0.25 0.625 0.25 0.625 0.5 0.5625 0.25 0.625 0.5 0.5625 0.5 0.5625 0.5 0.625 0.5 0.625 0.75 0.5625 0.5 0.625 0.75 0.5625 0.75 0.5625 0.75 0.625 0.75 0.625 1 0.5625 0.75 0.625 1 0.5625 1 0.125 0.5 0.375 0.5 0.375 0.75 0.125 0.5 0.375 0.75 0.125 0.75 0.625 0.5 0.875 0.5 0.875 0.75 0.625 0.5 0.875 0.75 0.625 0.75 0.375 0.75 0.4375 0.75 0.4375 1 0.375 0.75 0.4375 1 0.375 1 0.4375 0.75 0.5 0.75 0.5 1 0.4375 0.75 0.5 1 0.4375 1 0.5 0.75 0.5625 0.75 0.5625 1 0.5 0.75 0.5625 1 0.5 1 0.375 0.5 0.4375 0.5 0.4375 0.75 0.375 0.5 0.4375 0.75 0.375 0.75 0.4375 0.5 0.5 0.5 0.5 0.75 0.4375 0.5 0.5 0.75 0.4375 0.75 0.5 0.5 0.5625 0.5 0.5625 0.75 0.5 0.5 0.5625 0.75 0.5 0.75 0.375 0.25 0.4375 0.25 0.4375 0.5 0.375 0.25 0.4375 0.5 0.375 0.5 0.4375 0.25 0.5 0.25 0.5 0.5 0.4375 0.25 0.5 0.5 0.4375 0.5 0.5 0.25 0.5625 0.25 0.5625 0.5 0.5 0.25 0.5625 0.5 0.5 0.5 0.375 0 0.4375 0 0.4375 0.25 0.375 0 0.4375 0.25 0.375 0.25 0.4375 0 0.5 0 0.5 0.25 0.4375 0 0.5 0.25 0.4375 0.25 0.5 0 0.5625 0 0.5625 0.25 0.5 0 0.5625 0.25 0.5 0.25 0.5625 0 0.625 0 0.625 0.25 0.5625 0 0.625 0.25 0.5625 0.25 0.5625 0.25 0.625 0.25 0.625 0.5 0.5625 0.25 0.625 0.5 0.5625 0.5 0.5625 0.5 0.625 0.5 0.625 0.75 0.5625 0.5 0.625 0.75 0.5625 0.75 0.5625 0.75 0.625 0.75 0.625 1 0.5625 0.75 0.625 1 0.5625 1 0.125 0.5 0.375 0.5 0.375 0.75 0.125 0.5 0.375 0.75 0.125 0.75 0.625 0.5 0.875 0.5 0.875 0.75 0.625 0.5 0.875 0.75 0.625 0.75 0.375 0.75 0.4375 0.75 0.4375 1 0.375 0.75 0.4375 1 0.375 1 0.4375 0.75 0.5 0.75 0.5 1 0.4375 0.75 0.5 1 0.4375 1 0.5 0.75 0.5625 0.75 0.5625 1 0.5 0.75 0.5625 1 0.5 1 0.375 0.5 0.4375 0.5 0.4375 0.75 0.375 0.5 0.4375 0.75 0.375 0.75 0.4375 0.5 0.5 0.5 0.5 0.75 0.4375 0.5 0.5 0.75 0.4375 0.75 0.5 0.5 0.5625 0.5 0.5625 0.75 0.5 0.5 0.5625 0.75 0.5 0.75 0.375 0.25 0.4375 0.25 0.4375 0.5 0.375 0.25 0.4375 0.5 0.375 0.5 0.4375 0.25 0.5 0.25 0.5 0.5 0.4375 0.25 0.5 0.5 0.4375 0.5 0.5 0.25 0.5625 0.25 0.5625 0.5 0.5 0.25 0.5625 0.5 0.5 0.5 0.375 0 0.4375 0 0.4375 0.25 0.375 0 0.4375 0.25 0.375 0.25 0.4375 0 0.5 0 0.5 0.25 0.4375 0 0.5 0.25 0.4375 0.25 0.5 0 0.5625 0 0.5625 0.25 0.5 0 0.5625 0.25 0.5 0.25 0.5625 0 0.625 0 0.625 0.25 0.5625 0 0.625 0.25 0.5625 0.25 0.5625 0.25 0.625 0.25 0.625 0.5 0.5625 0.25 0.625 0.5 0.5625 0.5 0.5625 0.5 0.625 0.5 0.625 0.75 0.5625 0.5 0.625 0.75 0.5625 0.75 0.5625 0.75 0.625 0.75 0.625 1 0.5625 0.75 0.625 1 0.5625 1 0.125 0.5 0.375 0.5 0.375 0.75 0.125 0.5 0.375 0.75 0.125 0.75 0.625 0.5 0.875 0.5 0.875 0.75 0.625 0.5 0.875 0.75 0.625 0.75 0.375 0.75 0.4375 0.75 0.4375 1 0.375 0.75 0.4375 1 0.375 1 0.4375 0.75 0.5 0.75 0.5 1 0.4375 0.75 0.5 1 0.4375 1 0.5 0.75 0.5625 0.75 0.5625 1 0.5 0.75 0.5625 1 0.5 1 0.375 0.5 0.4375 0.5 0.4375 0.75 0.375 0.5 0.4375 0.75 0.375 0.75 0.4375 0.5 0.5 0.5 0.5 0.75 0.4375 0.5 0.5 0.75 0.4375 0.75 0.5 0.5 0.5625 0.5 0.5625 0.75 0.5 0.5 0.5625 0.75 0.5 0.75 0.375 0.25 0.4375 0.25 0.4375 0.5 0.375 0.25 0.4375 0.5 0.375 0.5 0.4375 0.25 0.5 0.25 0.5 0.5 0.4375 0.25 0.5 0.5 0.4375 0.5 0.5 0.25 0.5625 0.25 0.5625 0.5 0.5 0.25 0.5625 0.5 0.5 0.5 0.375 0 0.4375 0 0.4375 0.25 0.375 0 0.4375 0.25 0.375 0.25 0.4375 0 0.5 0 0.5 0.25 0.4375 0 0.5 0.25 0.4375 0.25 0.5 0 0.5625 0 0.5625 0.25 0.5 0 0.5625 0.25 0.5 0.25 0.5625 0 0.625 0 0.625 0.25 0.5625 0 0.625 0.25 0.5625 0.25 0.5625 0.25 0.625 0.25 0.625 0.5 0.5625 0.25 0.625 0.5 0.5625 0.5 0.5625 0.5 0.625 0.5 0.625 0.75 0.5625 0.5 0.625 0.75 0.5625 0.75 0.5625 0.75 0.625 0.75 0.625 1 0.5625 0.75 0.625 1 0.5625 1 0.125 0.5 0.375 0.5 0.375 0.75 0.125 0.5 0.375 0.75 0.125 0.75 0.625 0.5 0.875 0.5 0.875 0.75 0.625 0.5 0.875 0.75 0.625 0.75 0.375 0.75 0.4375 0.75 0.4375 1 0.375 0.75 0.4375 1 0.375 1 0.4375 0.75 0.5 0.75 0.5 1 0.4375 0.75 0.5 1 0.4375 1 0.5 0.75 0.5625 0.75 0.5625 1 0.5 0.75 0.5625 1 0.5 1 0.375 0.5 0.4375 0.5 0.4375 0.75 0.375 0.5 0.4375 0.75 0.375 0.75 0.4375 0.5 0.5 0.5 0.5 0.75 0.4375 0.5 0.5 0.75 0.4375 0.75 0.5 0.5 0.5625 0.5 0.5625 0.75 0.5 0.5 0.5625 0.75 0.5 0.75 0.375 0.25 0.4375 0.25 0.4375 0.5 0.375 0.25 0.4375 0.5 0.375 0.5 0.4375 0.25 0.5 0.25 0.5 0.5 0.4375 0.25 0.5 0.5 0.4375 0.5 0.5 0.25 0.5625 0.25 0.5625 0.5 0.5 0.25 0.5625 0.5 0.5 0.5 0.375 0 0.4375 0 0.4375 0.25 0.375 0 0.4375 0.25 0.375 0.25 0.4375 0 0.5 0 0.5 0.25 0.4375 0 0.5 0.25 0.4375 0.25 0.5 0 0.5625 0 0.5625 0.25 0.5 0 0.5625 0.25 0.5 0.25 0.5625 0 0.625 0 0.625 0.25 0.5625 0 0.625 0.25 0.5625 0.25 0.5625 0.25 0.625 0.25 0.625 0.5 0.5625 0.25 0.625 0.5 0.5625 0.5 0.5625 0.5 0.625 0.5 0.625 0.75 0.5625 0.5 0.625 0.75 0.5625 0.75 0.5625 0.75 0.625 0.75 0.625 1 0.5625 0.75 0.625 1 0.5625 1 0.125 0.5 0.375 0.5 0.375 0.75 0.125 0.5 0.375 0.75 0.125 0.75 0.625 0.5 0.875 0.5 0.875 0.75 0.625 0.5 0.875 0.75 0.625 0.75 0.375 0.75 0.4375 0.75 0.4375 1 0.375 0.75 0.4375 1 0.375 1 0.4375 0.75 0.5 0.75 0.5 1 0.4375 0.75 0.5 1 0.4375 1 0.5 0.75 0.5625 0.75 0.5625 1 0.5 0.75 0.5625 1 0.5 1 0.375 0.5 0.4375 0.5 0.4375 0.75 0.375 0.5 0.4375 0.75 0.375 0.75 0.4375 0.5 0.5 0.5 0.5 0.75 0.4375 0.5 0.5 0.75 0.4375 0.75 0.5 0.5 0.5625 0.5 0.5625 0.75 0.5 0.5 0.5625 0.75 0.5 0.75 0.375 0.25 0.4375 0.25 0.4375 0.5 0.375 0.25 0.4375 0.5 0.375 0.5 0.4375 0.25 0.5 0.25 0.5 0.5 0.4375 0.25 0.5 0.5 0.4375 0.5 0.5 0.25 0.5625 0.25 0.5625 0.5 0.5 0.25 0.5625 0.5 0.5 0.5 0.375 0 0.4375 0 0.4375 0.25 0.375 0 0.4375 0.25 0.375 0.25 0.4375 0 0.5 0 0.5 0.25 0.4375 0 0.5 0.25 0.4375 0.25 0.5 0 0.5625 0 0.5625 0.25 0.5 0 0.5625 0.25 0.5 0.25 0.5625 0 0.625 0 0.625 0.25 0.5625 0 0.625 0.25 0.5625 0.25 0.5625 0.25 0.625 0.25 0.625 0.5 0.5625 0.25 0.625 0.5 0.5625 0.5 0.5625 0.5 0.625 0.5 0.625 0.75 0.5625 0.5 0.625 0.75 0.5625 0.75 0.5625 0.75 0.625 0.75 0.625 1 0.5625 0.75 0.625 1 0.5625 1 0.125 0.5 0.375 0.5 0.375 0.75 0.125 0.5 0.375 0.75 0.125 0.75 0.625 0.5 0.875 0.5 0.875 0.75 0.625 0.5 0.875 0.75 0.625 0.75 0.375 0.75 0.4375 0.75 0.4375 1 0.375 0.75 0.4375 1 0.375 1 0.4375 0.75 0.5 0.75 0.5 1 0.4375 0.75 0.5 1 0.4375 1 0.5 0.75 0.5625 0.75 0.5625 1 0.5 0.75 0.5625 1 0.5 1 0.375 0.5 0.4375 0.5 0.4375 0.75 0.375 0.5 0.4375 0.75 0.375 0.75 0.4375 0.5 0.5 0.5 0.5 0.75 0.4375 0.5 0.5 0.75 0.4375 0.75 0.5 0.5 0.5625 0.5 0.5625 0.75 0.5 0.5 0.5625 0.75 0.5 0.75 0.375 0.25 0.4375 0.25 0.4375 0.5 0.375 0.25 0.4375 0.5 0.375 0.5 0.4375 0.25 0.5 0.25 0.5 0.5 0.4375 0.25 0.5 0.5 0.4375 0.5 0.5 0.25 0.5625 0.25 0.5625 0.5 0.5 0.25 0.5625 0.5 0.5 0.5 0.375 0 0.4375 0 0.4375 0.25 0.375 0 0.4375 0.25 0.375 0.25 0.4375 0 0.5 0 0.5 0.25 0.4375 0 0.5 0.25 0.4375 0.25 0.5 0 0.5625 0 0.5625 0.25 0.5 0 0.5625 0.25 0.5 0.25 0.5625 0 0.625 0 0.625 0.25 0.5625 0 0.625 0.25 0.5625 0.25 0.5625 0.25 0.625 0.25 0.625 0.5 0.5625 0.25 0.625 0.5 0.5625 0.5 0.5625 0.5 0.625 0.5 0.625 0.75 0.5625 0.5 0.625 0.75 0.5625 0.75 0.5625 0.75 0.625 0.75 0.625 1 0.5625 0.75 0.625 1 0.5625 1 0.125 0.5 0.375 0.5 0.375 0.75 0.125 0.5 0.375 0.75 0.125 0.75 0.625 0.5 0.875 0.5 0.875 0.75 0.625 0.5 0.875 0.75 0.625 0.75 0.375 0.75 0.4375 0.75 0.4375 1 0.375 0.75 0.4375 1 0.375 1 0.4375 0.75 0.5 0.75 0.5 1 0.4375 0.75 0.5 1 0.4375 1 0.5 0.75 0.5625 0.75 0.5625 1 0.5 0.75 0.5625 1 0.5 1 0.375 0.5 0.4375 0.5 0.4375 0.75 0.375 0.5 0.4375 0.75 0.375 0.75 0.4375 0.5 0.5 0.5 0.5 0.75 0.4375 0.5 0.5 0.75 0.4375 0.75 0.5 0.5 0.5625 0.5 0.5625 0.75 0.5 0.5 0.5625 0.75 0.5 0.75 0.375 0.25 0.4375 0.25 0.4375 0.5 0.375 0.25 0.4375 0.5 0.375 0.5 0.4375 0.25 0.5 0.25 0.5 0.5 0.4375 0.25 0.5 0.5 0.4375 0.5 0.5 0.25 0.5625 0.25 0.5625 0.5 0.5 0.25 0.5625 0.5 0.5 0.5 0.375 0 0.4375 0 0.4375 0.25 0.375 0 0.4375 0.25 0.375 0.25 0.4375 0 0.5 0 0.5 0.25 0.4375 0 0.5 0.25 0.4375 0.25 0.5 0 0.5625 0 0.5625 0.25 0.5 0 0.5625 0.25 0.5 0.25 0.5625 0 0.625 0 0.625 0.25 0.5625 0 0.625 0.25 0.5625 0.25 0.5625 0.25 0.625 0.25 0.625 0.5 0.5625 0.25 0.625 0.5 0.5625 0.5 0.5625 0.5 0.625 0.5 0.625 0.75 0.5625 0.5 0.625 0.75 0.5625 0.75 0.5625 0.75 0.625 0.75 0.625 1 0.5625 0.75 0.625 1 0.5625 1 0.125 0.5 0.375 0.5 0.375 0.75 0.125 0.5 0.375 0.75 0.125 0.75 0.625 0.5 0.875 0.5 0.875 0.75 0.625 0.5 0.875 0.75 0.625 0.75 0.375 0.75 0.4375 0.75 0.4375 1 0.375 0.75 0.4375 1 0.375 1 0.4375 0.75 0.5 0.75 0.5 1 0.4375 0.75 0.5 1 0.4375 1 0.5 0.75 0.5625 0.75 0.5625 1 0.5 0.75 0.5625 1 0.5 1 0.375 0.5 0.4375 0.5 0.4375 0.75 0.375 0.5 0.4375 0.75 0.375 0.75 0.4375 0.5 0.5 0.5 0.5 0.75 0.4375 0.5 0.5 0.75 0.4375 0.75 0.5 0.5 0.5625 0.5 0.5625 0.75 0.5 0.5 0.5625 0.75 0.5 0.75 0.375 0.25 0.4375 0.25 0.4375 0.5 0.375 0.25 0.4375 0.5 0.375 0.5 0.4375 0.25 0.5 0.25 0.5 0.5 0.4375 0.25 0.5 0.5 0.4375 0.5 0.5 0.25 0.5625 0.25 0.5625 0.5 0.5 0.25 0.5625 0.5 0.5 0.5 0.375 0 0.4375 0 0.4375 0.25 0.375 0 0.4375 0.25 0.375 0.25 0.4375 0 0.5 0 0.5 0.25 0.4375 0 0.5 0.25 0.4375 0.25 0.5 0 0.5625 0 0.5625 0.25 0.5 0 0.5625 0.25 0.5 0.25 0.5625 0 0.625 0 0.625 0.25 0.5625 0 0.625 0.25 0.5625 0.25 0.5625 0.25 0.625 0.25 0.625 0.5 0.5625 0.25 0.625 0.5 0.5625 0.5 0.5625 0.5 0.625 0.5 0.625 0.75 0.5625 0.5 0.625 0.75 0.5625 0.75 0.5625 0.75 0.625 0.75 0.625 1 0.5625 0.75 0.625 1 0.5625 1 0.125 0.5 0.375 0.5 0.375 0.75 0.125 0.5 0.375 0.75 0.125 0.75 0.625 0.5 0.875 0.5 0.875 0.75 0.625 0.5 0.875 0.75 0.625 0.75 0.375 0.75 0.4375 0.75 0.4375 1 0.375 0.75 0.4375 1 0.375 1 0.4375 0.75 0.5 0.75 0.5 1 0.4375 0.75 0.5 1 0.4375 1 0.5 0.75 0.5625 0.75 0.5625 1 0.5 0.75 0.5625 1 0.5 1 0.375 0.5 0.4375 0.5 0.4375 0.75 0.375 0.5 0.4375 0.75 0.375 0.75 0.4375 0.5 0.5 0.5 0.5 0.75 0.4375 0.5 0.5 0.75 0.4375 0.75 0.5 0.5 0.5625 0.5 0.5625 0.75 0.5 0.5 0.5625 0.75 0.5 0.75 0.375 0.25 0.4375 0.25 0.4375 0.5 0.375 0.25 0.4375 0.5 0.375 0.5 0.4375 0.25 0.5 0.25 0.5 0.5 0.4375 0.25 0.5 0.5 0.4375 0.5 0.5 0.25 0.5625 0.25 0.5625 0.5 0.5 0.25 0.5625 0.5 0.5 0.5 0.375 0 0.4375 0 0.4375 0.25 0.375 0 0.4375 0.25 0.375 0.25 0.4375 0 0.5 0 0.5 0.25 0.4375 0 0.5 0.25 0.4375 0.25 0.5 0 0.5625 0 0.5625 0.25 0.5 0 0.5625 0.25 0.5 0.25 0.5625 0 0.625 0 0.625 0.25 0.5625 0 0.625 0.25 0.5625 0.25 0.5625 0.25 0.625 0.25 0.625 0.5 0.5625 0.25 0.625 0.5 0.5625 0.5 0.5625 0.5 0.625 0.5 0.625 0.75 0.5625 0.5 0.625 0.75 0.5625 0.75 0.5625 0.75 0.625 0.75 0.625 1 0.5625 0.75 0.625 1 0.5625 1 0.125 0.5 0.375 0.5 0.375 0.75 0.125 0.5 0.375 0.75 0.125 0.75 0.625 0.5 0.875 0.5 0.875 0.75 0.625 0.5 0.875 0.75 0.625 0.75 0.375 0.75 0.4375 0.75 0.4375 1 0.375 0.75 0.4375 1 0.375 1 0.4375 0.75 0.5 0.75 0.5 1 0.4375 0.75 0.5 1 0.4375 1 0.5 0.75 0.5625 0.75 0.5625 1 0.5 0.75 0.5625 1 0.5 1 0.375 0.5 0.4375 0.5 0.4375 0.75 0.375 0.5 0.4375 0.75 0.375 0.75 0.4375 0.5 0.5 0.5 0.5 0.75 0.4375 0.5 0.5 0.75 0.4375 0.75 0.5 0.5 0.5625 0.5 0.5625 0.75 0.5 0.5 0.5625 0.75 0.5 0.75 0.375 0.25 0.4375 0.25 0.4375 0.5 0.375 0.25 0.4375 0.5 0.375 0.5 0.4375 0.25 0.5 0.25 0.5 0.5 0.4375 0.25 0.5 0.5 0.4375 0.5 0.5 0.25 0.5625 0.25 0.5625 0.5 0.5 0.25 0.5625 0.5 0.5 0.5 0.375 0 0.4375 0 0.4375 0.25 0.375 0 0.4375 0.25 0.375 0.25 0.4375 0 0.5 0 0.5 0.25 0.4375 0 0.5 0.25 0.4375 0.25 0.5 0 0.5625 0 0.5625 0.25 0.5 0 0.5625 0.25 0.5 0.25 0.5625 0 0.625 0 0.625 0.25 0.5625 0 0.625 0.25 0.5625 0.25 0.5625 0.25 0.625 0.25 0.625 0.5 0.5625 0.25 0.625 0.5 0.5625 0.5 0.5625 0.5 0.625 0.5 0.625 0.75 0.5625 0.5 0.625 0.75 0.5625 0.75 0.5625 0.75 0.625 0.75 0.625 1 0.5625 0.75 0.625 1 0.5625 1 0.125 0.5 0.375 0.5 0.375 0.75 0.125 0.5 0.375 0.75 0.125 0.75 0.625 0.5 0.875 0.5 0.875 0.75 0.625 0.5 0.875 0.75 0.625 0.75 0.375 0.75 0.4375 0.75 0.4375 1 0.375 0.75 0.4375 1 0.375 1 0.4375 0.75 0.5 0.75 0.5 1 0.4375 0.75 0.5 1 0.4375 1 0.5 0.75 0.5625 0.75 0.5625 1 0.5 0.75 0.5625 1 0.5 1 0.375 0.5 0.4375 0.5 0.4375 0.75 0.375 0.5 0.4375 0.75 0.375 0.75 0.4375 0.5 0.5 0.5 0.5 0.75 0.4375 0.5 0.5 0.75 0.4375 0.75 0.5 0.5 0.5625 0.5 0.5625 0.75 0.5 0.5 0.5625 0.75 0.5 0.75 0.375 0.25 0.4375 0.25 0.4375 0.5 0.375 0.25 0.4375 0.5 0.375 0.5 0.4375 0.25 0.5 0.25 0.5 0.5 0.4375 0.25 0.5 0.5 0.4375 0.5 0.5 0.25 0.5625 0.25 0.5625 0.5 0.5 0.25 0.5625 0.5 0.5 0.5 0.375 0 0.4375 0 0.4375 0.25 0.375 0 0.4375 0.25 0.375 0.25 0.4375 0 0.5 0 0.5 0.25 0.4375 0 0.5 0.25 0.4375 0.25 0.5 0 0.5625 0 0.5625 0.25 0.5 0 0.5625 0.25 0.5 0.25 0.5625 0 0.625 0 0.625 0.25 0.5625 0 0.625 0.25 0.5625 0.25 0.5625 0.25 0.625 0.25 0.625 0.5 0.5625 0.25 0.625 0.5 0.5625 0.5 0.5625 0.5 0.625 0.5 0.625 0.75 0.5625 0.5 0.625 0.75 0.5625 0.75 0.5625 0.75 0.625 0.75 0.625 1 0.5625 0.75 0.625 1 0.5625 1 0.125 0.5 0.375 0.5 0.375 0.75 0.125 0.5 0.375 0.75 0.125 0.75 0.625 0.5 0.875 0.5 0.875 0.75 0.625 0.5 0.875 0.75 0.625 0.75 0.375 0.75 0.4375 0.75 0.4375 1 0.375 0.75 0.4375 1 0.375 1 0.4375 0.75 0.5 0.75 0.5 1 0.4375 0.75 0.5 1 0.4375 1 0.5 0.75 0.5625 0.75 0.5625 1 0.5 0.75 0.5625 1 0.5 1 0.375 0.5 0.4375 0.5 0.4375 0.75 0.375 0.5 0.4375 0.75 0.375 0.75 0.4375 0.5 0.5 0.5 0.5 0.75 0.4375 0.5 0.5 0.75 0.4375 0.75 0.5 0.5 0.5625 0.5 0.5625 0.75 0.5 0.5 0.5625 0.75 0.5 0.75 0.375 0.25 0.4375 0.25 0.4375 0.5 0.375 0.25 0.4375 0.5 0.375 0.5 0.4375 0.25 0.5 0.25 0.5 0.5 0.4375 0.25 0.5 0.5 0.4375 0.5 0.5 0.25 0.5625 0.25 0.5625 0.5 0.5 0.25 0.5625 0.5 0.5 0.5 0.375 0 0.4375 0 0.4375 0.25 0.375 0 0.4375 0.25 0.375 0.25 0.4375 0 0.5 0 0.5 0.25 0.4375 0 0.5 0.25 0.4375 0.25 0.5 0 0.5625 0 0.5625 0.25 0.5 0 0.5625 0.25 0.5 0.25 0.5625 0 0.625 0 0.625 0.25 0.5625 0 0.625 0.25 0.5625 0.25 0.5625 0.25 0.625 0.25 0.625 0.5 0.5625 0.25 0.625 0.5 0.5625 0.5 0.5625 0.5 0.625 0.5 0.625 0.75 0.5625 0.5 0.625 0.75 0.5625 0.75 0.5625 0.75 0.625 0.75 0.625 1 0.5625 0.75 0.625 1 0.5625 1 0.125 0.5 0.375 0.5 0.375 0.75 0.125 0.5 0.375 0.75 0.125 0.75 0.625 0.5 0.875 0.5 0.875 0.75 0.625 0.5 0.875 0.75 0.625 0.75 0.375 0.75 0.4375 0.75 0.4375 1 0.375 0.75 0.4375 1 0.375 1 0.4375 0.75 0.5 0.75 0.5 1 0.4375 0.75 0.5 1 0.4375 1 0.5 0.75 0.5625 0.75 0.5625 1 0.5 0.75 0.5625 1 0.5 1 0.375 0.5 0.4375 0.5 0.4375 0.75 0.375 0.5 0.4375 0.75 0.375 0.75 0.4375 0.5 0.5 0.5 0.5 0.75 0.4375 0.5 0.5 0.75 0.4375 0.75 0.5 0.5 0.5625 0.5 0.5625 0.75 0.5 0.5 0.5625 0.75 0.5 0.75 0.375 0.25 0.4375 0.25 0.4375 0.5 0.375 0.25 0.4375 0.5 0.375 0.5 0.4375 0.25 0.5 0.25 0.5 0.5 0.4375 0.25 0.5 0.5 0.4375 0.5 0.5 0.25 0.5625 0.25 0.5625 0.5 0.5 0.25 0.5625 0.5 0.5 0.5 0.375 0 0.4375 0 0.4375 0.25 0.375 0 0.4375 0.25 0.375 0.25 0.4375 0 0.5 0 0.5 0.25 0.4375 0 0.5 0.25 0.4375 0.25 0.5 0 0.5625 0 0.5625 0.25 0.5 0 0.5625 0.25 0.5 0.25 0.5625 0 0.625 0 0.625 0.25 0.5625 0 0.625 0.25 0.5625 0.25 0.5625 0.25 0.625 0.25 0.625 0.5 0.5625 0.25 0.625 0.5 0.5625 0.5 0.5625 0.5 0.625 0.5 0.625 0.75 0.5625 0.5 0.625 0.75 0.5625 0.75 0.5625 0.75 0.625 0.75 0.625 1 0.5625 0.75 0.625 1 0.5625 1 0.125 0.5 0.375 0.5 0.375 0.75 0.125 0.5 0.375 0.75 0.125 0.75 0.625 0.5 0.875 0.5 0.875 0.75 0.625 0.5 0.875 0.75 0.625 0.75 0.375 0.75 0.4375 0.75 0.4375 1 0.375 0.75 0.4375 1 0.375 1 0.4375 0.75 0.5 0.75 0.5 1 0.4375 0.75 0.5 1 0.4375 1 0.5 0.75 0.5625 0.75 0.5625 1 0.5 0.75 0.5625 1 0.5 1 0.375 0.5 0.4375 0.5 0.4375 0.75 0.375 0.5 0.4375 0.75 0.375 0.75 0.4375 0.5 0.5 0.5 0.5 0.75 0.4375 0.5 0.5 0.75 0.4375 0.75 0.5 0.5 0.5625 0.5 0.5625 0.75 0.5 0.5 0.5625 0.75 0.5 0.75 0.375 0.25 0.4375 0.25 0.4375 0.5 0.375 0.25 0.4375 0.5 0.375 0.5 0.4375 0.25 0.5 0.25 0.5 0.5 0.4375 0.25 0.5 0.5 0.4375 0.5 0.5 0.25 0.5625 0.25 0.5625 0.5 0.5 0.25 0.5625 0.5 0.5 0.5 0.375 0 0.4375 0 0.4375 0.25 0.375 0 0.4375 0.25 0.375 0.25 0.4375 0 0.5 0 0.5 0.25 0.4375 0 0.5 0.25 0.4375 0.25 0.5 0 0.5625 0 0.5625 0.25 0.5 0 0.5625 0.25 0.5 0.25 0.5625 0 0.625 0 0.625 0.25 0.5625 0 0.625 0.25 0.5625 0.25 0.5625 0.25 0.625 0.25 0.625 0.5 0.5625 0.25 0.625 0.5 0.5625 0.5 0.5625 0.5 0.625 0.5 0.625 0.75 0.5625 0.5 0.625 0.75 0.5625 0.75 0.5625 0.75 0.625 0.75 0.625 1 0.5625 0.75 0.625 1 0.5625 1 0.125 0.5 0.375 0.5 0.375 0.75 0.125 0.5 0.375 0.75 0.125 0.75 0.625 0.5 0.875 0.5 0.875 0.75 0.625 0.5 0.875 0.75 0.625 0.75 0.375 0.75 0.4375 0.75 0.4375 1 0.375 0.75 0.4375 1 0.375 1 0.4375 0.75 0.5 0.75 0.5 1 0.4375 0.75 0.5 1 0.4375 1 0.5 0.75 0.5625 0.75 0.5625 1 0.5 0.75 0.5625 1 0.5 1 0.375 0.5 0.4375 0.5 0.4375 0.75 0.375 0.5 0.4375 0.75 0.375 0.75 0.4375 0.5 0.5 0.5 0.5 0.75 0.4375 0.5 0.5 0.75 0.4375 0.75 0.5 0.5 0.5625 0.5 0.5625 0.75 0.5 0.5 0.5625 0.75 0.5 0.75 0.375 0.25 0.4375 0.25 0.4375 0.5 0.375 0.25 0.4375 0.5 0.375 0.5 0.4375 0.25 0.5 0.25 0.5 0.5 0.4375 0.25 0.5 0.5 0.4375 0.5 0.5 0.25 0.5625 0.25 0.5625 0.5 0.5 0.25 0.5625 0.5 0.5 0.5 0.375 0 0.4375 0 0.4375 0.25 0.375 0 0.4375 0.25 0.375 0.25 0.4375 0 0.5 0 0.5 0.25 0.4375 0 0.5 0.25 0.4375 0.25 0.5 0 0.5625 0 0.5625 0.25 0.5 0 0.5625 0.25 0.5 0.25 0.5625 0 0.625 0 0.625 0.25 0.5625 0 0.625 0.25 0.5625 0.25 0.5625 0.25 0.625 0.25 0.625 0.5 0.5625 0.25 0.625 0.5 0.5625 0.5 0.5625 0.5 0.625 0.5 0.625 0.75 0.5625 0.5 0.625 0.75 0.5625 0.75 0.5625 0.75 0.625 0.75 0.625 1 0.5625 0.75 0.625 1 0.5625 1 0.125 0.5 0.375 0.5 0.375 0.75 0.125 0.5 0.375 0.75 0.125 0.75 0.625 0.5 0.875 0.5 0.875 0.75 0.625 0.5 0.875 0.75 0.625 0.75 0.375 0.75 0.4375 0.75 0.4375 1 0.375 0.75 0.4375 1 0.375 1 0.4375 0.75 0.5 0.75 0.5 1 0.4375 0.75 0.5 1 0.4375 1 0.5 0.75 0.5625 0.75 0.5625 1 0.5 0.75 0.5625 1 0.5 1 0.375 0.5 0.4375 0.5 0.4375 0.75 0.375 0.5 0.4375 0.75 0.375 0.75 0.4375 0.5 0.5 0.5 0.5 0.75 0.4375 0.5 0.5 0.75 0.4375 0.75 0.5 0.5 0.5625 0.5 0.5625 0.75 0.5 0.5 0.5625 0.75 0.5 0.75 0.375 0.25 0.4375 0.25 0.4375 0.5 0.375 0.25 0.4375 0.5 0.375 0.5 0.4375 0.25 0.5 0.25 0.5 0.5 0.4375 0.25 0.5 0.5 0.4375 0.5 0.5 0.25 0.5625 0.25 0.5625 0.5 0.5 0.25 0.5625 0.5 0.5 0.5 0.375 0 0.4375 0 0.4375 0.25 0.375 0 0.4375 0.25 0.375 0.25 0.4375 0 0.5 0 0.5 0.25 0.4375 0 0.5 0.25 0.4375 0.25 0.5 0 0.5625 0 0.5625 0.25 0.5 0 0.5625 0.25 0.5 0.25 0.5625 0 0.625 0 0.625 0.25 0.5625 0 0.625 0.25 0.5625 0.25 0.5625 0.25 0.625 0.25 0.625 0.5 0.5625 0.25 0.625 0.5 0.5625 0.5 0.5625 0.5 0.625 0.5 0.625 0.75 0.5625 0.5 0.625 0.75 0.5625 0.75 0.5625 0.75 0.625 0.75 0.625 1 0.5625 0.75 0.625 1 0.5625 1 0.125 0.5 0.375 0.5 0.375 0.75 0.125 0.5 0.375 0.75 0.125 0.75 0.625 0.5 0.875 0.5 0.875 0.75 0.625 0.5 0.875 0.75 0.625 0.75 0.375 0.75 0.4375 0.75 0.4375 1 0.375 0.75 0.4375 1 0.375 1 0.4375 0.75 0.5 0.75 0.5 1 0.4375 0.75 0.5 1 0.4375 1 0.5 0.75 0.5625 0.75 0.5625 1 0.5 0.75 0.5625 1 0.5 1 0.375 0.5 0.4375 0.5 0.4375 0.75 0.375 0.5 0.4375 0.75 0.375 0.75 0.4375 0.5 0.5 0.5 0.5 0.75 0.4375 0.5 0.5 0.75 0.4375 0.75 0.5 0.5 0.5625 0.5 0.5625 0.75 0.5 0.5 0.5625 0.75 0.5 0.75 0.375 0.25 0.4375 0.25 0.4375 0.5 0.375 0.25 0.4375 0.5 0.375 0.5 0.4375 0.25 0.5 0.25 0.5 0.5 0.4375 0.25 0.5 0.5 0.4375 0.5 0.5 0.25 0.5625 0.25 0.5625 0.5 0.5 0.25 0.5625 0.5 0.5 0.5 0.375 0 0.4375 0 0.4375 0.25 0.375 0 0.4375 0.25 0.375 0.25 0.4375 0 0.5 0 0.5 0.25 0.4375 0 0.5 0.25 0.4375 0.25 0.5 0 0.5625 0 0.5625 0.25 0.5 0 0.5625 0.25 0.5 0.25 0.5625 0 0.625 0 0.625 0.25 0.5625 0 0.625 0.25 0.5625 0.25 0.5625 0.25 0.625 0.25 0.625 0.5 0.5625 0.25 0.625 0.5 0.5625 0.5 0.5625 0.5 0.625 0.5 0.625 0.75 0.5625 0.5 0.625 0.75 0.5625 0.75 0.5625 0.75 0.625 0.75 0.625 1 0.5625 0.75 0.625 1 0.5625 1 0.125 0.5 0.375 0.5 0.375 0.75 0.125 0.5 0.375 0.75 0.125 0.75 0.625 0.5 0.875 0.5 0.875 0.75 0.625 0.5 0.875 0.75 0.625 0.75 0.375 0.75 0.4375 0.75 0.4375 1 0.375 0.75 0.4375 1 0.375 1 0.4375 0.75 0.5 0.75 0.5 1 0.4375 0.75 0.5 1 0.4375 1 0.5 0.75 0.5625 0.75 0.5625 1 0.5 0.75 0.5625 1 0.5 1 0.375 0.5 0.4375 0.5 0.4375 0.75 0.375 0.5 0.4375 0.75 0.375 0.75 0.4375 0.5 0.5 0.5 0.5 0.75 0.4375 0.5 0.5 0.75 0.4375 0.75 0.5 0.5 0.5625 0.5 0.5625 0.75 0.5 0.5 0.5625 0.75 0.5 0.75 0.375 0.25 0.4375 0.25 0.4375 0.5 0.375 0.25 0.4375 0.5 0.375 0.5 0.4375 0.25 0.5 0.25 0.5 0.5 0.4375 0.25 0.5 0.5 0.4375 0.5 0.5 0.25 0.5625 0.25 0.5625 0.5 0.5 0.25 0.5625 0.5 0.5 0.5 0.375 0 0.4375 0 0.4375 0.25 0.375 0 0.4375 0.25 0.375 0.25 0.4375 0 0.5 0 0.5 0.25 0.4375 0 0.5 0.25 0.4375 0.25 0.5 0 0.5625 0 0.5625 0.25 0.5 0 0.5625 0.25 0.5 0.25 0.5625 0 0.625 0 0.625 0.25 0.5625 0 0.625 0.25 0.5625 0.25 0.5625 0.25 0.625 0.25 0.625 0.5 0.5625 0.25 0.625 0.5 0.5625 0.5 0.5625 0.5 0.625 0.5 0.625 0.75 0.5625 0.5 0.625 0.75 0.5625 0.75 0.5625 0.75 0.625 0.75 0.625 1 0.5625 0.75 0.625 1 0.5625 1 0.125 0.5 0.375 0.5 0.375 0.75 0.125 0.5 0.375 0.75 0.125 0.75 0.625 0.5 0.875 0.5 0.875 0.75 0.625 0.5 0.875 0.75 0.625 0.75 0.375 0.75 0.4375 0.75 0.4375 1 0.375 0.75 0.4375 1 0.375 1 0.4375 0.75 0.5 0.75 0.5 1 0.4375 0.75 0.5 1 0.4375 1 0.5 0.75 0.5625 0.75 0.5625 1 0.5 0.75 0.5625 1 0.5 1 0.375 0.5 0.4375 0.5 0.4375 0.75 0.375 0.5 0.4375 0.75 0.375 0.75 0.4375 0.5 0.5 0.5 0.5 0.75 0.4375 0.5 0.5 0.75 0.4375 0.75 0.5 0.5 0.5625 0.5 0.5625 0.75 0.5 0.5 0.5625 0.75 0.5 0.75 0.375 0.25 0.4375 0.25 0.4375 0.5 0.375 0.25 0.4375 0.5 0.375 0.5 0.4375 0.25 0.5 0.25 0.5 0.5 0.4375 0.25 0.5 0.5 0.4375 0.5 0.5 0.25 0.5625 0.25 0.5625 0.5 0.5 0.25 0.5625 0.5 0.5 0.5 0.375 0 0.4375 0 0.4375 0.25 0.375 0 0.4375 0.25 0.375 0.25 0.4375 0 0.5 0 0.5 0.25 0.4375 0 0.5 0.25 0.4375 0.25 0.5 0 0.5625 0 0.5625 0.25 0.5 0 0.5625 0.25 0.5 0.25 0.5625 0 0.625 0 0.625 0.25 0.5625 0 0.625 0.25 0.5625 0.25 0.5625 0.25 0.625 0.25 0.625 0.5 0.5625 0.25 0.625 0.5 0.5625 0.5 0.5625 0.5 0.625 0.5 0.625 0.75 0.5625 0.5 0.625 0.75 0.5625 0.75 0.5625 0.75 0.625 0.75 0.625 1 0.5625 0.75 0.625 1 0.5625 1 0.125 0.5 0.375 0.5 0.375 0.75 0.125 0.5 0.375 0.75 0.125 0.75 0.625 0.5 0.875 0.5 0.875 0.75 0.625 0.5 0.875 0.75 0.625 0.75 0.375 0.75 0.4375 0.75 0.4375 1 0.375 0.75 0.4375 1 0.375 1 0.4375 0.75 0.5 0.75 0.5 1 0.4375 0.75 0.5 1 0.4375 1 0.5 0.75 0.5625 0.75 0.5625 1 0.5 0.75 0.5625 1 0.5 1 0.375 0.5 0.4375 0.5 0.4375 0.75 0.375 0.5 0.4375 0.75 0.375 0.75 0.4375 0.5 0.5 0.5 0.5 0.75 0.4375 0.5 0.5 0.75 0.4375 0.75 0.5 0.5 0.5625 0.5 0.5625 0.75 0.5 0.5 0.5625 0.75 0.5 0.75 0.375 0.25 0.4375 0.25 0.4375 0.5 0.375 0.25 0.4375 0.5 0.375 0.5 0.4375 0.25 0.5 0.25 0.5 0.5 0.4375 0.25 0.5 0.5 0.4375 0.5 0.5 0.25 0.5625 0.25 0.5625 0.5 0.5 0.25 0.5625 0.5 0.5 0.5 0.375 0 0.4375 0 0.4375 0.25 0.375 0 0.4375 0.25 0.375 0.25 0.4375 0 0.5 0 0.5 0.25 0.4375 0 0.5 0.25 0.4375 0.25 0.5 0 0.5625 0 0.5625 0.25 0.5 0 0.5625 0.25 0.5 0.25 0.5625 0 0.625 0 0.625 0.25 0.5625 0 0.625 0.25 0.5625 0.25 0.5625 0.25 0.625 0.25 0.625 0.5 0.5625 0.25 0.625 0.5 0.5625 0.5 0.5625 0.5 0.625 0.5 0.625 0.75 0.5625 0.5 0.625 0.75 0.5625 0.75 0.5625 0.75 0.625 0.75 0.625 1 0.5625 0.75 0.625 1 0.5625 1 0.125 0.5 0.375 0.5 0.375 0.75 0.125 0.5 0.375 0.75 0.125 0.75 0.625 0.5 0.875 0.5 0.875 0.75 0.625 0.5 0.875 0.75 0.625 0.75 0.375 0.75 0.4375 0.75 0.4375 1 0.375 0.75 0.4375 1 0.375 1 0.4375 0.75 0.5 0.75 0.5 1 0.4375 0.75 0.5 1 0.4375 1 0.5 0.75 0.5625 0.75 0.5625 1 0.5 0.75 0.5625 1 0.5 1 0.375 0.5 0.4375 0.5 0.4375 0.75 0.375 0.5 0.4375 0.75 0.375 0.75 0.4375 0.5 0.5 0.5 0.5 0.75 0.4375 0.5 0.5 0.75 0.4375 0.75 0.5 0.5 0.5625 0.5 0.5625 0.75 0.5 0.5 0.5625 0.75 0.5 0.75 0.375 0.25 0.4375 0.25 0.4375 0.5 0.375 0.25 0.4375 0.5 0.375 0.5 0.4375 0.25 0.5 0.25 0.5 0.5 0.4375 0.25 0.5 0.5 0.4375 0.5 0.5 0.25 0.5625 0.25 0.5625 0.5 0.5 0.25 0.5625 0.5 0.5 0.5 0.375 0 0.4375 0 0.4375 0.25 0.375 0 0.4375 0.25 0.375 0.25 0.4375 0 0.5 0 0.5 0.25 0.4375 0 0.5 0.25 0.4375 0.25 0.5 0 0.5625 0 0.5625 0.25 0.5 0 0.5625 0.25 0.5 0.25 0.5625 0 0.625 0 0.625 0.25 0.5625 0 0.625 0.25 0.5625 0.25 0.5625 0.25 0.625 0.25 0.625 0.5 0.5625 0.25 0.625 0.5 0.5625 0.5 0.5625 0.5 0.625 0.5 0.625 0.75 0.5625 0.5 0.625 0.75 0.5625 0.75 0.5625 0.75 0.625 0.75 0.625 1 0.5625 0.75 0.625 1 0.5625 1 0.125 0.5 0.375 0.5 0.375 0.75 0.125 0.5 0.375 0.75 0.125 0.75 0.625 0.5 0.875 0.5 0.875 0.75 0.625 0.5 0.875 0.75 0.625 0.75 0.375 0.75 0.4375 0.75 0.4375 1 0.375 0.75 0.4375 1 0.375 1 0.4375 0.75 0.5 0.75 0.5 1 0.4375 0.75 0.5 1 0.4375 1 0.5 0.75 0.5625 0.75 0.5625 1 0.5 0.75 0.5625 1 0.5 1 0.375 0.5 0.4375 0.5 0.4375 0.75 0.375 0.5 0.4375 0.75 0.375 0.75 0.4375 0.5 0.5 0.5 0.5 0.75 0.4375 0.5 0.5 0.75 0.4375 0.75 0.5 0.5 0.5625 0.5 0.5625 0.75 0.5 0.5 0.5625 0.75 0.5 0.75 0.375 0.25 0.4375 0.25 0.4375 0.5 0.375 0.25 0.4375 0.5 0.375 0.5 0.4375 0.25 0.5 0.25 0.5 0.5 0.4375 0.25 0.5 0.5 0.4375 0.5 0.5 0.25 0.5625 0.25 0.5625 0.5 0.5 0.25 0.5625 0.5 0.5 0.5 0.375 0 0.4375 0 0.4375 0.25 0.375 0 0.4375 0.25 0.375 0.25 0.4375 0 0.5 0 0.5 0.25 0.4375 0 0.5 0.25 0.4375 0.25 0.5 0 0.5625 0 0.5625 0.25 0.5 0 0.5625 0.25 0.5 0.25 0.5625 0 0.625 0 0.625 0.25 0.5625 0 0.625 0.25 0.5625 0.25 0.5625 0.25 0.625 0.25 0.625 0.5 0.5625 0.25 0.625 0.5 0.5625 0.5 0.5625 0.5 0.625 0.5 0.625 0.75 0.5625 0.5 0.625 0.75 0.5625 0.75 0.5625 0.75 0.625 0.75 0.625 1 0.5625 0.75 0.625 1 0.5625 1 0.125 0.5 0.375 0.5 0.375 0.75 0.125 0.5 0.375 0.75 0.125 0.75 0.625 0.5 0.875 0.5 0.875 0.75 0.625 0.5 0.875 0.75 0.625 0.75 0.375 0.75 0.4375 0.75 0.4375 1 0.375 0.75 0.4375 1 0.375 1 0.4375 0.75 0.5 0.75 0.5 1 0.4375 0.75 0.5 1 0.4375 1 0.5 0.75 0.5625 0.75 0.5625 1 0.5 0.75 0.5625 1 0.5 1 0.375 0.5 0.4375 0.5 0.4375 0.75 0.375 0.5 0.4375 0.75 0.375 0.75 0.4375 0.5 0.5 0.5 0.5 0.75 0.4375 0.5 0.5 0.75 0.4375 0.75 0.5 0.5 0.5625 0.5 0.5625 0.75 0.5 0.5 0.5625 0.75 0.5 0.75 0.375 0.25 0.4375 0.25 0.4375 0.5 0.375 0.25 0.4375 0.5 0.375 0.5 0.4375 0.25 0.5 0.25 0.5 0.5 0.4375 0.25 0.5 0.5 0.4375 0.5 0.5 0.25 0.5625 0.25 0.5625 0.5 0.5 0.25 0.5625 0.5 0.5 0.5 0.375 0 0.4375 0 0.4375 0.25 0.375 0 0.4375 0.25 0.375 0.25 0.4375 0 0.5 0 0.5 0.25 0.4375 0 0.5 0.25 0.4375 0.25 0.5 0 0.5625 0 0.5625 0.25 0.5 0 0.5625 0.25 0.5 0.25 0.5625 0 0.625 0 0.625 0.25 0.5625 0 0.625 0.25 0.5625 0.25 0.5625 0.25 0.625 0.25 0.625 0.5 0.5625 0.25 0.625 0.5 0.5625 0.5 0.5625 0.5 0.625 0.5 0.625 0.75 0.5625 0.5 0.625 0.75 0.5625 0.75 0.5625 0.75 0.625 0.75 0.625 1 0.5625 0.75 0.625 1 0.5625 1 0.125 0.5 0.375 0.5 0.375 0.75 0.125 0.5 0.375 0.75 0.125 0.75 0.625 0.5 0.875 0.5 0.875 0.75 0.625 0.5 0.875 0.75 0.625 0.75 0.375 0.75 0.4375 0.75 0.4375 1 0.375 0.75 0.4375 1 0.375 1 0.4375 0.75 0.5 0.75 0.5 1 0.4375 0.75 0.5 1 0.4375 1 0.5 0.75 0.5625 0.75 0.5625 1 0.5 0.75 0.5625 1 0.5 1 0.375 0.5 0.4375 0.5 0.4375 0.75 0.375 0.5 0.4375 0.75 0.375 0.75 0.4375 0.5 0.5 0.5 0.5 0.75 0.4375 0.5 0.5 0.75 0.4375 0.75 0.5 0.5 0.5625 0.5 0.5625 0.75 0.5 0.5 0.5625 0.75 0.5 0.75 0.375 0.25 0.4375 0.25 0.4375 0.5 0.375 0.25 0.4375 0.5 0.375 0.5 0.4375 0.25 0.5 0.25 0.5 0.5 0.4375 0.25 0.5 0.5 0.4375 0.5 0.5 0.25 0.5625 0.25 0.5625 0.5 0.5 0.25 0.5625 0.5 0.5 0.5 0.375 0 0.4375 0 0.4375 0.25 0.375 0 0.4375 0.25 0.375 0.25 0.4375 0 0.5 0 0.5 0.25 0.4375 0 0.5 0.25 0.4375 0.25 0.5 0 0.5625 0 0.5625 0.25 0.5 0 0.5625 0.25 0.5 0.25 0.5625 0 0.625 0 0.625 0.25 0.5625 0 0.625 0.25 0.5625 0.25 0.5625 0.25 0.625 0.25 0.625 0.5 0.5625 0.25 0.625 0.5 0.5625 0.5 0.5625 0.5 0.625 0.5 0.625 0.75 0.5625 0.5 0.625 0.75 0.5625 0.75 0.5625 0.75 0.625 0.75 0.625 1 0.5625 0.75 0.625 1 0.5625 1 0.125 0.5 0.375 0.5 0.375 0.75 0.125 0.5 0.375 0.75 0.125 0.75 0.625 0.5 0.875 0.5 0.875 0.75 0.625 0.5 0.875 0.75 0.625 0.75 0.375 0.75 0.4375 0.75 0.4375 1 0.375 0.75 0.4375 1 0.375 1 0.4375 0.75 0.5 0.75 0.5 1 0.4375 0.75 0.5 1 0.4375 1 0.5 0.75 0.5625 0.75 0.5625 1 0.5 0.75 0.5625 1 0.5 1 0.375 0.5 0.4375 0.5 0.4375 0.75 0.375 0.5 0.4375 0.75 0.375 0.75 0.4375 0.5 0.5 0.5 0.5 0.75 0.4375 0.5 0.5 0.75 0.4375 0.75 0.5 0.5 0.5625 0.5 0.5625 0.75 0.5 0.5 0.5625 0.75 0.5 0.75 0.375 0.25 0.4375 0.25 0.4375 0.5 0.375 0.25 0.4375 0.5 0.375 0.5 0.4375 0.25 0.5 0.25 0.5 0.5 0.4375 0.25 0.5 0.5 0.4375 0.5 0.5 0.25 0.5625 0.25 0.5625 0.5 0.5 0.25 0.5625 0.5 0.5 0.5 0.375 0 0.4375 0 0.4375 0.25 0.375 0 0.4375 0.25 0.375 0.25 0.4375 0 0.5 0 0.5 0.25 0.4375 0 0.5 0.25 0.4375 0.25 0.5 0 0.5625 0 0.5625 0.25 0.5 0 0.5625 0.25 0.5 0.25 0.5625 0 0.625 0 0.625 0.25 0.5625 0 0.625 0.25 0.5625 0.25 0.5625 0.25 0.625 0.25 0.625 0.5 0.5625 0.25 0.625 0.5 0.5625 0.5 0.5625 0.5 0.625 0.5 0.625 0.75 0.5625 0.5 0.625 0.75 0.5625 0.75 0.5625 0.75 0.625 0.75 0.625 1 0.5625 0.75 0.625 1 0.5625 1 0.125 0.5 0.375 0.5 0.375 0.75 0.125 0.5 0.375 0.75 0.125 0.75 0.625 0.5 0.875 0.5 0.875 0.75 0.625 0.5 0.875 0.75 0.625 0.75 0.375 0.75 0.4375 0.75 0.4375 1 0.375 0.75 0.4375 1 0.375 1 0.4375 0.75 0.5 0.75 0.5 1 0.4375 0.75 0.5 1 0.4375 1 0.5 0.75 0.5625 0.75 0.5625 1 0.5 0.75 0.5625 1 0.5 1 0.375 0.5 0.4375 0.5 0.4375 0.75 0.375 0.5 0.4375 0.75 0.375 0.75 0.4375 0.5 0.5 0.5 0.5 0.75 0.4375 0.5 0.5 0.75 0.4375 0.75 0.5 0.5 0.5625 0.5 0.5625 0.75 0.5 0.5 0.5625 0.75 0.5 0.75 0.375 0.25 0.4375 0.25 0.4375 0.5 0.375 0.25 0.4375 0.5 0.375 0.5 0.4375 0.25 0.5 0.25 0.5 0.5 0.4375 0.25 0.5 0.5 0.4375 0.5 0.5 0.25 0.5625 0.25 0.5625 0.5 0.5 0.25 0.5625 0.5 0.5 0.5 0.375 0 0.4375 0 0.4375 0.25 0.375 0 0.4375 0.25 0.375 0.25 0.4375 0 0.5 0 0.5 0.25 0.4375 0 0.5 0.25 0.4375 0.25 0.5 0 0.5625 0 0.5625 0.25 0.5 0 0.5625 0.25 0.5 0.25 0.5625 0 0.625 0 0.625 0.25 0.5625 0 0.625 0.25 0.5625 0.25 0.5625 0.25 0.625 0.25 0.625 0.5 0.5625 0.25 0.625 0.5 0.5625 0.5 0.5625 0.5 0.625 0.5 0.625 0.75 0.5625 0.5 0.625 0.75 0.5625 0.75 0.5625 0.75 0.625 0.75 0.625 1 0.5625 0.75 0.625 1 0.5625 1 0.125 0.5 0.375 0.5 0.375 0.75 0.125 0.5 0.375 0.75 0.125 0.75 0.625 0.5 0.875 0.5 0.875 0.75 0.625 0.5 0.875 0.75 0.625 0.75 0.375 0.75 0.4375 0.75 0.4375 1 0.375 0.75 0.4375 1 0.375 1 0.4375 0.75 0.5 0.75 0.5 1 0.4375 0.75 0.5 1 0.4375 1 0.5 0.75 0.5625 0.75 0.5625 1 0.5 0.75 0.5625 1 0.5 1 0.375 0.5 0.4375 0.5 0.4375 0.75 0.375 0.5 0.4375 0.75 0.375 0.75 0.4375 0.5 0.5 0.5 0.5 0.75 0.4375 0.5 0.5 0.75 0.4375 0.75 0.5 0.5 0.5625 0.5 0.5625 0.75 0.5 0.5 0.5625 0.75 0.5 0.75 0.375 0.25 0.4375 0.25 0.4375 0.5 0.375 0.25 0.4375 0.5 0.375 0.5 0.4375 0.25 0.5 0.25 0.5 0.5 0.4375 0.25 0.5 0.5 0.4375 0.5 0.5 0.25 0.5625 0.25 0.5625 0.5 0.5 0.25 0.5625 0.5 0.5 0.5 0.375 0 0.4375 0 0.4375 0.25 0.375 0 0.4375 0.25 0.375 0.25 0.4375 0 0.5 0 0.5 0.25 0.4375 0 0.5 0.25 0.4375 0.25 0.5 0 0.5625 0 0.5625 0.25 0.5 0 0.5625 0.25 0.5 0.25 0.5625 0 0.625 0 0.625 0.25 0.5625 0 0.625 0.25 0.5625 0.25 0.5625 0.25 0.625 0.25 0.625 0.5 0.5625 0.25 0.625 0.5 0.5625 0.5 0.5625 0.5 0.625 0.5 0.625 0.75 0.5625 0.5 0.625 0.75 0.5625 0.75 0.5625 0.75 0.625 0.75 0.625 1 0.5625 0.75 0.625 1 0.5625 1 0.125 0.5 0.375 0.5 0.375 0.75 0.125 0.5 0.375 0.75 0.125 0.75 0.625 0.5 0.875 0.5 0.875 0.75 0.625 0.5 0.875 0.75 0.625 0.75 0.375 0.75 0.4375 0.75 0.4375 1 0.375 0.75 0.4375 1 0.375 1 0.4375 0.75 0.5 0.75 0.5 1 0.4375 0.75 0.5 1 0.4375 1 0.5 0.75 0.5625 0.75 0.5625 1 0.5 0.75 0.5625 1 0.5 1 0.375 0.5 0.4375 0.5 0.4375 0.75 0.375 0.5 0.4375 0.75 0.375 0.75 0.4375 0.5 0.5 0.5 0.5 0.75 0.4375 0.5 0.5 0.75 0.4375 0.75 0.5 0.5 0.5625 0.5 0.5625 0.75 0.5 0.5 0.5625 0.75 0.5 0.75 0.375 0.25 0.4375 0.25 0.4375 0.5 0.375 0.25 0.4375 0.5 0.375 0.5 0.4375 0.25 0.5 0.25 0.5 0.5 0.4375 0.25 0.5 0.5 0.4375 0.5 0.5 0.25 0.5625 0.25 0.5625 0.5 0.5 0.25 0.5625 0.5 0.5 0.5 0.375 0 0.4375 0 0.4375 0.25 0.375 0 0.4375 0.25 0.375 0.25 0.4375 0 0.5 0 0.5 0.25 0.4375 0 0.5 0.25 0.4375 0.25 0.5 0 0.5625 0 0.5625 0.25 0.5 0 0.5625 0.25 0.5 0.25 0.5625 0 0.625 0 0.625 0.25 0.5625 0 0.625 0.25 0.5625 0.25 0.5625 0.25 0.625 0.25 0.625 0.5 0.5625 0.25 0.625 0.5 0.5625 0.5 0.5625 0.5 0.625 0.5 0.625 0.75 0.5625 0.5 0.625 0.75 0.5625 0.75 0.5625 0.75 0.625 0.75 0.625 1 0.5625 0.75 0.625 1 0.5625 1 0.125 0.5 0.375 0.5 0.375 0.75 0.125 0.5 0.375 0.75 0.125 0.75 0.625 0.5 0.875 0.5 0.875 0.75 0.625 0.5 0.875 0.75 0.625 0.75 0.375 0.75 0.4375 0.75 0.4375 1 0.375 0.75 0.4375 1 0.375 1 0.4375 0.75 0.5 0.75 0.5 1 0.4375 0.75 0.5 1 0.4375 1 0.5 0.75 0.5625 0.75 0.5625 1 0.5 0.75 0.5625 1 0.5 1 0.375 0.5 0.4375 0.5 0.4375 0.75 0.375 0.5 0.4375 0.75 0.375 0.75 0.4375 0.5 0.5 0.5 0.5 0.75 0.4375 0.5 0.5 0.75 0.4375 0.75 0.5 0.5 0.5625 0.5 0.5625 0.75 0.5 0.5 0.5625 0.75 0.5 0.75 0.375 0.25 0.4375 0.25 0.4375 0.5 0.375 0.25 0.4375 0.5 0.375 0.5 0.4375 0.25 0.5 0.25 0.5 0.5 0.4375 0.25 0.5 0.5 0.4375 0.5 0.5 0.25 0.5625 0.25 0.5625 0.5 0.5 0.25 0.5625 0.5 0.5 0.5 0.375 0 0.4375 0 0.4375 0.25 0.375 0 0.4375 0.25 0.375 0.25 0.4375 0 0.5 0 0.5 0.25 0.4375 0 0.5 0.25 0.4375 0.25 0.5 0 0.5625 0 0.5625 0.25 0.5 0 0.5625 0.25 0.5 0.25 0.5625 0 0.625 0 0.625 0.25 0.5625 0 0.625 0.25 0.5625 0.25 0.5625 0.25 0.625 0.25 0.625 0.5 0.5625 0.25 0.625 0.5 0.5625 0.5 0.5625 0.5 0.625 0.5 0.625 0.75 0.5625 0.5 0.625 0.75 0.5625 0.75 0.5625 0.75 0.625 0.75 0.625 1 0.5625 0.75 0.625 1 0.5625 1 0.125 0.5 0.375 0.5 0.375 0.75 0.125 0.5 0.375 0.75 0.125 0.75 0.625 0.5 0.875 0.5 0.875 0.75 0.625 0.5 0.875 0.75 0.625 0.75 0.375 0.75 0.4375 0.75 0.4375 1 0.375 0.75 0.4375 1 0.375 1 0.4375 0.75 0.5 0.75 0.5 1 0.4375 0.75 0.5 1 0.4375 1 0.5 0.75 0.5625 0.75 0.5625 1 0.5 0.75 0.5625 1 0.5 1 0.375 0.5 0.4375 0.5 0.4375 0.75 0.375 0.5 0.4375 0.75 0.375 0.75 0.4375 0.5 0.5 0.5 0.5 0.75 0.4375 0.5 0.5 0.75 0.4375 0.75 0.5 0.5 0.5625 0.5 0.5625 0.75 0.5 0.5 0.5625 0.75 0.5 0.75 0.375 0.25 0.4375 0.25 0.4375 0.5 0.375 0.25 0.4375 0.5 0.375 0.5 0.4375 0.25 0.5 0.25 0.5 0.5 0.4375 0.25 0.5 0.5 0.4375 0.5 0.5 0.25 0.5625 0.25 0.5625 0.5 0.5 0.25 0.5625 0.5 0.5 0.5 0.375 0 0.4375 0 0.4375 0.25 0.375 0 0.4375 0.25 0.375 0.25 0.4375 0 0.5 0 0.5 0.25 0.4375 0 0.5 0.25 0.4375 0.25 0.5 0 0.5625 0 0.5625 0.25 0.5 0 0.5625 0.25 0.5 0.25 0.5625 0 0.625 0 0.625 0.25 0.5625 0 0.625 0.25 0.5625 0.25 0.5625 0.25 0.625 0.25 0.625 0.5 0.5625 0.25 0.625 0.5 0.5625 0.5 0.5625 0.5 0.625 0.5 0.625 0.75 0.5625 0.5 0.625 0.75 0.5625 0.75 0.5625 0.75 0.625 0.75 0.625 1 0.5625 0.75 0.625 1 0.5625 1 0.125 0.5 0.375 0.5 0.375 0.75 0.125 0.5 0.375 0.75 0.125 0.75 0.625 0.5 0.875 0.5 0.875 0.75 0.625 0.5 0.875 0.75 0.625 0.75 0.375 0.75 0.4375 0.75 0.4375 1 0.375 0.75 0.4375 1 0.375 1 0.4375 0.75 0.5 0.75 0.5 1 0.4375 0.75 0.5 1 0.4375 1 0.5 0.75 0.5625 0.75 0.5625 1 0.5 0.75 0.5625 1 0.5 1 0.375 0.5 0.4375 0.5 0.4375 0.75 0.375 0.5 0.4375 0.75 0.375 0.75 0.4375 0.5 0.5 0.5 0.5 0.75 0.4375 0.5 0.5 0.75 0.4375 0.75 0.5 0.5 0.5625 0.5 0.5625 0.75 0.5 0.5 0.5625 0.75 0.5 0.75 0.375 0.25 0.4375 0.25 0.4375 0.5 0.375 0.25 0.4375 0.5 0.375 0.5 0.4375 0.25 0.5 0.25 0.5 0.5 0.4375 0.25 0.5 0.5 0.4375 0.5 0.5 0.25 0.5625 0.25 0.5625 0.5 0.5 0.25 0.5625 0.5 0.5 0.5 0.375 0 0.4375 0 0.4375 0.25 0.375 0 0.4375 0.25 0.375 0.25 0.4375 0 0.5 0 0.5 0.25 0.4375 0 0.5 0.25 0.4375 0.25 0.5 0 0.5625 0 0.5625 0.25 0.5 0 0.5625 0.25 0.5 0.25 0.5625 0 0.625 0 0.625 0.25 0.5625 0 0.625 0.25 0.5625 0.25 0.5625 0.25 0.625 0.25 0.625 0.5 0.5625 0.25 0.625 0.5 0.5625 0.5 0.5625 0.5 0.625 0.5 0.625 0.75 0.5625 0.5 0.625 0.75 0.5625 0.75 0.5625 0.75 0.625 0.75 0.625 1 0.5625 0.75 0.625 1 0.5625 1 0.125 0.5 0.375 0.5 0.375 0.75 0.125 0.5 0.375 0.75 0.125 0.75 0.625 0.5 0.875 0.5 0.875 0.75 0.625 0.5 0.875 0.75 0.625 0.75 0.375 0.75 0.4375 0.75 0.4375 1 0.375 0.75 0.4375 1 0.375 1 0.4375 0.75 0.5 0.75 0.5 1 0.4375 0.75 0.5 1 0.4375 1 0.5 0.75 0.5625 0.75 0.5625 1 0.5 0.75 0.5625 1 0.5 1 0.375 0.5 0.4375 0.5 0.4375 0.75 0.375 0.5 0.4375 0.75 0.375 0.75 0.4375 0.5 0.5 0.5 0.5 0.75 0.4375 0.5 0.5 0.75 0.4375 0.75 0.5 0.5 0.5625 0.5 0.5625 0.75 0.5 0.5 0.5625 0.75 0.5 0.75 0.375 0.25 0.4375 0.25 0.4375 0.5 0.375 0.25 0.4375 0.5 0.375 0.5 0.4375 0.25 0.5 0.25 0.5 0.5 0.4375 0.25 0.5 0.5 0.4375 0.5 0.5 0.25 0.5625 0.25 0.5625 0.5 0.5 0.25 0.5625 0.5 0.5 0.5 0.375 0 0.4375 0 0.4375 0.25 0.375 0 0.4375 0.25 0.375 0.25 0.4375 0 0.5 0 0.5 0.25 0.4375 0 0.5 0.25 0.4375 0.25 0.5 0 0.5625 0 0.5625 0.25 0.5 0 0.5625 0.25 0.5 0.25 0.5625 0 0.625 0 0.625 0.25 0.5625 0 0.625 0.25 0.5625 0.25 0.5625 0.25 0.625 0.25 0.625 0.5 0.5625 0.25 0.625 0.5 0.5625 0.5 0.5625 0.5 0.625 0.5 0.625 0.75 0.5625 0.5 0.625 0.75 0.5625 0.75 0.5625 0.75 0.625 0.75 0.625 1 0.5625 0.75 0.625 1 0.5625 1 0.125 0.5 0.375 0.5 0.375 0.75 0.125 0.5 0.375 0.75 0.125 0.75 0.625 0.5 0.875 0.5 0.875 0.75 0.625 0.5 0.875 0.75 0.625 0.75 0.375 0.75 0.4375 0.75 0.4375 1 0.375 0.75 0.4375 1 0.375 1 0.4375 0.75 0.5 0.75 0.5 1 0.4375 0.75 0.5 1 0.4375 1 0.5 0.75 0.5625 0.75 0.5625 1 0.5 0.75 0.5625 1 0.5 1 0.375 0.5 0.4375 0.5 0.4375 0.75 0.375 0.5 0.4375 0.75 0.375 0.75 0.4375 0.5 0.5 0.5 0.5 0.75 0.4375 0.5 0.5 0.75 0.4375 0.75 0.5 0.5 0.5625 0.5 0.5625 0.75 0.5 0.5 0.5625 0.75 0.5 0.75 0.375 0.25 0.4375 0.25 0.4375 0.5 0.375 0.25 0.4375 0.5 0.375 0.5 0.4375 0.25 0.5 0.25 0.5 0.5 0.4375 0.25 0.5 0.5 0.4375 0.5 0.5 0.25 0.5625 0.25 0.5625 0.5 0.5 0.25 0.5625 0.5 0.5 0.5 0.375 0 0.4375 0 0.4375 0.25 0.375 0 0.4375 0.25 0.375 0.25 0.4375 0 0.5 0 0.5 0.25 0.4375 0 0.5 0.25 0.4375 0.25 0.5 0 0.5625 0 0.5625 0.25 0.5 0 0.5625 0.25 0.5 0.25 0.5625 0 0.625 0 0.625 0.25 0.5625 0 0.625 0.25 0.5625 0.25 0.5625 0.25 0.625 0.25 0.625 0.5 0.5625 0.25 0.625 0.5 0.5625 0.5 0.5625 0.5 0.625 0.5 0.625 0.75 0.5625 0.5 0.625 0.75 0.5625 0.75 0.5625 0.75 0.625 0.75 0.625 1 0.5625 0.75 0.625 1 0.5625 1 0.125 0.5 0.375 0.5 0.375 0.75 0.125 0.5 0.375 0.75 0.125 0.75 0.625 0.5 0.875 0.5 0.875 0.75 0.625 0.5 0.875 0.75 0.625 0.75 0.375 0.75 0.4375 0.75 0.4375 1 0.375 0.75 0.4375 1 0.375 1 0.4375 0.75 0.5 0.75 0.5 1 0.4375 0.75 0.5 1 0.4375 1 0.5 0.75 0.5625 0.75 0.5625 1 0.5 0.75 0.5625 1 0.5 1 0.375 0.5 0.4375 0.5 0.4375 0.75 0.375 0.5 0.4375 0.75 0.375 0.75 0.4375 0.5 0.5 0.5 0.5 0.75 0.4375 0.5 0.5 0.75 0.4375 0.75 0.5 0.5 0.5625 0.5 0.5625 0.75 0.5 0.5 0.5625 0.75 0.5 0.75 0.375 0.25 0.4375 0.25 0.4375 0.5 0.375 0.25 0.4375 0.5 0.375 0.5 0.4375 0.25 0.5 0.25 0.5 0.5 0.4375 0.25 0.5 0.5 0.4375 0.5 0.5 0.25 0.5625 0.25 0.5625 0.5 0.5 0.25 0.5625 0.5 0.5 0.5 0.375 0 0.4375 0 0.4375 0.25 0.375 0 0.4375 0.25 0.375 0.25 0.4375 0 0.5 0 0.5 0.25 0.4375 0 0.5 0.25 0.4375 0.25 0.5 0 0.5625 0 0.5625 0.25 0.5 0 0.5625 0.25 0.5 0.25 0.5625 0 0.625 0 0.625 0.25 0.5625 0 0.625 0.25 0.5625 0.25 0.5625 0.25 0.625 0.25 0.625 0.5 0.5625 0.25 0.625 0.5 0.5625 0.5 0.5625 0.5 0.625 0.5 0.625 0.75 0.5625 0.5 0.625 0.75 0.5625 0.75 0.5625 0.75 0.625 0.75 0.625 1 0.5625 0.75 0.625 1 0.5625 1 0.125 0.5 0.375 0.5 0.375 0.75 0.125 0.5 0.375 0.75 0.125 0.75 0.625 0.5 0.875 0.5 0.875 0.75 0.625 0.5 0.875 0.75 0.625 0.75 0.375 0.75 0.4375 0.75 0.4375 1 0.375 0.75 0.4375 1 0.375 1 0.4375 0.75 0.5 0.75 0.5 1 0.4375 0.75 0.5 1 0.4375 1 0.5 0.75 0.5625 0.75 0.5625 1 0.5 0.75 0.5625 1 0.5 1 0.375 0.5 0.4375 0.5 0.4375 0.75 0.375 0.5 0.4375 0.75 0.375 0.75 0.4375 0.5 0.5 0.5 0.5 0.75 0.4375 0.5 0.5 0.75 0.4375 0.75 0.5 0.5 0.5625 0.5 0.5625 0.75 0.5 0.5 0.5625 0.75 0.5 0.75 0.375 0.25 0.4375 0.25 0.4375 0.5 0.375 0.25 0.4375 0.5 0.375 0.5 0.4375 0.25 0.5 0.25 0.5 0.5 0.4375 0.25 0.5 0.5 0.4375 0.5 0.5 0.25 0.5625 0.25 0.5625 0.5 0.5 0.25 0.5625 0.5 0.5 0.5 0.375 0 0.4375 0 0.4375 0.25 0.375 0 0.4375 0.25 0.375 0.25 0.4375 0 0.5 0 0.5 0.25 0.4375 0 0.5 0.25 0.4375 0.25 0.5 0 0.5625 0 0.5625 0.25 0.5 0 0.5625 0.25 0.5 0.25 0.5625 0 0.625 0 0.625 0.25 0.5625 0 0.625 0.25 0.5625 0.25 0.5625 0.25 0.625 0.25 0.625 0.5 0.5625 0.25 0.625 0.5 0.5625 0.5 0.5625 0.5 0.625 0.5 0.625 0.75 0.5625 0.5 0.625 0.75 0.5625 0.75 0.5625 0.75 0.625 0.75 0.625 1 0.5625 0.75 0.625 1 0.5625 1 0.125 0.5 0.375 0.5 0.375 0.75 0.125 0.5 0.375 0.75 0.125 0.75 0.625 0.5 0.875 0.5 0.875 0.75 0.625 0.5 0.875 0.75 0.625 0.75 0.375 0.75 0.4375 0.75 0.4375 1 0.375 0.75 0.4375 1 0.375 1 0.4375 0.75 0.5 0.75 0.5 1 0.4375 0.75 0.5 1 0.4375 1 0.5 0.75 0.5625 0.75 0.5625 1 0.5 0.75 0.5625 1 0.5 1 0.375 0.5 0.4375 0.5 0.4375 0.75 0.375 0.5 0.4375 0.75 0.375 0.75 0.4375 0.5 0.5 0.5 0.5 0.75 0.4375 0.5 0.5 0.75 0.4375 0.75 0.5 0.5 0.5625 0.5 0.5625 0.75 0.5 0.5 0.5625 0.75 0.5 0.75 0.375 0.25 0.4375 0.25 0.4375 0.5 0.375 0.25 0.4375 0.5 0.375 0.5 0.4375 0.25 0.5 0.25 0.5 0.5 0.4375 0.25 0.5 0.5 0.4375 0.5 0.5 0.25 0.5625 0.25 0.5625 0.5 0.5 0.25 0.5625 0.5 0.5 0.5 0.375 0 0.4375 0 0.4375 0.25 0.375 0 0.4375 0.25 0.375 0.25 0.4375 0 0.5 0 0.5 0.25 0.4375 0 0.5 0.25 0.4375 0.25 0.5 0 0.5625 0 0.5625 0.25 0.5 0 0.5625 0.25 0.5 0.25 0.5625 0 0.625 0 0.625 0.25 0.5625 0 0.625 0.25 0.5625 0.25 0.5625 0.25 0.625 0.25 0.625 0.5 0.5625 0.25 0.625 0.5 0.5625 0.5 0.5625 0.5 0.625 0.5 0.625 0.75 0.5625 0.5 0.625 0.75 0.5625 0.75 0.5625 0.75 0.625 0.75 0.625 1 0.5625 0.75 0.625 1 0.5625 1 0.125 0.5 0.375 0.5 0.375 0.75 0.125 0.5 0.375 0.75 0.125 0.75 0.625 0.5 0.875 0.5 0.875 0.75 0.625 0.5 0.875 0.75 0.625 0.75 0.375 0.75 0.4375 0.75 0.4375 1 0.375 0.75 0.4375 1 0.375 1 0.4375 0.75 0.5 0.75 0.5 1 0.4375 0.75 0.5 1 0.4375 1 0.5 0.75 0.5625 0.75 0.5625 1 0.5 0.75 0.5625 1 0.5 1 0.375 0.5 0.4375 0.5 0.4375 0.75 0.375 0.5 0.4375 0.75 0.375 0.75 0.4375 0.5 0.5 0.5 0.5 0.75 0.4375 0.5 0.5 0.75 0.4375 0.75 0.5 0.5 0.5625 0.5 0.5625 0.75 0.5 0.5 0.5625 0.75 0.5 0.75 0.375 0.25 0.4375 0.25 0.4375 0.5 0.375 0.25 0.4375 0.5 0.375 0.5 0.4375 0.25 0.5 0.25 0.5 0.5 0.4375 0.25 0.5 0.5 0.4375 0.5 0.5 0.25 0.5625 0.25 0.5625 0.5 0.5 0.25 0.5625 0.5 0.5 0.5 0.375 0 0.4375 0 0.4375 0.25 0.375 0 0.4375 0.25 0.375 0.25 0.4375 0 0.5 0 0.5 0.25 0.4375 0 0.5 0.25 0.4375 0.25 0.5 0 0.5625 0 0.5625 0.25 0.5 0 0.5625 0.25 0.5 0.25 0.5625 0 0.625 0 0.625 0.25 0.5625 0 0.625 0.25 0.5625 0.25 0.5625 0.25 0.625 0.25 0.625 0.5 0.5625 0.25 0.625 0.5 0.5625 0.5 0.5625 0.5 0.625 0.5 0.625 0.75 0.5625 0.5 0.625 0.75 0.5625 0.75 0.5625 0.75 0.625 0.75 0.625 1 0.5625 0.75 0.625 1 0.5625 1 0.125 0.5 0.375 0.5 0.375 0.75 0.125 0.5 0.375 0.75 0.125 0.75 0.625 0.5 0.875 0.5 0.875 0.75 0.625 0.5 0.875 0.75 0.625 0.75 0.375 0.75 0.4375 0.75 0.4375 1 0.375 0.75 0.4375 1 0.375 1 0.4375 0.75 0.5 0.75 0.5 1 0.4375 0.75 0.5 1 0.4375 1 0.5 0.75 0.5625 0.75 0.5625 1 0.5 0.75 0.5625 1 0.5 1 0.375 0.5 0.4375 0.5 0.4375 0.75 0.375 0.5 0.4375 0.75 0.375 0.75 0.4375 0.5 0.5 0.5 0.5 0.75 0.4375 0.5 0.5 0.75 0.4375 0.75 0.5 0.5 0.5625 0.5 0.5625 0.75 0.5 0.5 0.5625 0.75 0.5 0.75 0.375 0.25 0.4375 0.25 0.4375 0.5 0.375 0.25 0.4375 0.5 0.375 0.5 0.4375 0.25 0.5 0.25 0.5 0.5 0.4375 0.25 0.5 0.5 0.4375 0.5 0.5 0.25 0.5625 0.25 0.5625 0.5 0.5 0.25 0.5625 0.5 0.5 0.5 0.375 0 0.4375 0 0.4375 0.25 0.375 0 0.4375 0.25 0.375 0.25 0.4375 0 0.5 0 0.5 0.25 0.4375 0 0.5 0.25 0.4375 0.25 0.5 0 0.5625 0 0.5625 0.25 0.5 0 0.5625 0.25 0.5 0.25 0.5625 0 0.625 0 0.625 0.25 0.5625 0 0.625 0.25 0.5625 0.25 0.5625 0.25 0.625 0.25 0.625 0.5 0.5625 0.25 0.625 0.5 0.5625 0.5 0.5625 0.5 0.625 0.5 0.625 0.75 0.5625 0.5 0.625 0.75 0.5625 0.75 0.5625 0.75 0.625 0.75 0.625 1 0.5625 0.75 0.625 1 0.5625 1 0.125 0.5 0.375 0.5 0.375 0.75 0.125 0.5 0.375 0.75 0.125 0.75 0.625 0.5 0.875 0.5 0.875 0.75 0.625 0.5 0.875 0.75 0.625 0.75 0.375 0.75 0.4375 0.75 0.4375 1 0.375 0.75 0.4375 1 0.375 1 0.4375 0.75 0.5 0.75 0.5 1 0.4375 0.75 0.5 1 0.4375 1 0.5 0.75 0.5625 0.75 0.5625 1 0.5 0.75 0.5625 1 0.5 1 0.375 0.5 0.4375 0.5 0.4375 0.75 0.375 0.5 0.4375 0.75 0.375 0.75 0.4375 0.5 0.5 0.5 0.5 0.75 0.4375 0.5 0.5 0.75 0.4375 0.75 0.5 0.5 0.5625 0.5 0.5625 0.75 0.5 0.5 0.5625 0.75 0.5 0.75 0.375 0.25 0.4375 0.25 0.4375 0.5 0.375 0.25 0.4375 0.5 0.375 0.5 0.4375 0.25 0.5 0.25 0.5 0.5 0.4375 0.25 0.5 0.5 0.4375 0.5 0.5 0.25 0.5625 0.25 0.5625 0.5 0.5 0.25 0.5625 0.5 0.5 0.5 0.375 0 0.4375 0 0.4375 0.25 0.375 0 0.4375 0.25 0.375 0.25 0.4375 0 0.5 0 0.5 0.25 0.4375 0 0.5 0.25 0.4375 0.25 0.5 0 0.5625 0 0.5625 0.25 0.5 0 0.5625 0.25 0.5 0.25 0.5625 0 0.625 0 0.625 0.25 0.5625 0 0.625 0.25 0.5625 0.25 0.5625 0.25 0.625 0.25 0.625 0.5 0.5625 0.25 0.625 0.5 0.5625 0.5 0.5625 0.5 0.625 0.5 0.625 0.75 0.5625 0.5 0.625 0.75 0.5625 0.75 0.5625 0.75 0.625 0.75 0.625 1 0.5625 0.75 0.625 1 0.5625 1 0.125 0.5 0.375 0.5 0.375 0.75 0.125 0.5 0.375 0.75 0.125 0.75 0.625 0.5 0.875 0.5 0.875 0.75 0.625 0.5 0.875 0.75 0.625 0.75 0.375 0.75 0.4375 0.75 0.4375 1 0.375 0.75 0.4375 1 0.375 1 0.4375 0.75 0.5 0.75 0.5 1 0.4375 0.75 0.5 1 0.4375 1 0.5 0.75 0.5625 0.75 0.5625 1 0.5 0.75 0.5625 1 0.5 1 0.375 0.5 0.4375 0.5 0.4375 0.75 0.375 0.5 0.4375 0.75 0.375 0.75 0.4375 0.5 0.5 0.5 0.5 0.75 0.4375 0.5 0.5 0.75 0.4375 0.75 0.5 0.5 0.5625 0.5 0.5625 0.75 0.5 0.5 0.5625 0.75 0.5 0.75 0.375 0.25 0.4375 0.25 0.4375 0.5 0.375 0.25 0.4375 0.5 0.375 0.5 0.4375 0.25 0.5 0.25 0.5 0.5 0.4375 0.25 0.5 0.5 0.4375 0.5 0.5 0.25 0.5625 0.25 0.5625 0.5 0.5 0.25 0.5625 0.5 0.5 0.5 0.375 0 0.4375 0 0.4375 0.25 0.375 0 0.4375 0.25 0.375 0.25 0.4375 0 0.5 0 0.5 0.25 0.4375 0 0.5 0.25 0.4375 0.25 0.5 0 0.5625 0 0.5625 0.25 0.5 0 0.5625 0.25 0.5 0.25 0.5625 0 0.625 0 0.625 0.25 0.5625 0 0.625 0.25 0.5625 0.25 0.5625 0.25 0.625 0.25 0.625 0.5 0.5625 0.25 0.625 0.5 0.5625 0.5 0.5625 0.5 0.625 0.5 0.625 0.75 0.5625 0.5 0.625 0.75 0.5625 0.75 0.5625 0.75 0.625 0.75 0.625 1 0.5625 0.75 0.625 1 0.5625 1 0.125 0.5 0.375 0.5 0.375 0.75 0.125 0.5 0.375 0.75 0.125 0.75 0.625 0.5 0.875 0.5 0.875 0.75 0.625 0.5 0.875 0.75 0.625 0.75 0.375 0.75 0.4375 0.75 0.4375 1 0.375 0.75 0.4375 1 0.375 1 0.4375 0.75 0.5 0.75 0.5 1 0.4375 0.75 0.5 1 0.4375 1 0.5 0.75 0.5625 0.75 0.5625 1 0.5 0.75 0.5625 1 0.5 1 0.375 0.5 0.4375 0.5 0.4375 0.75 0.375 0.5 0.4375 0.75 0.375 0.75 0.4375 0.5 0.5 0.5 0.5 0.75 0.4375 0.5 0.5 0.75 0.4375 0.75 0.5 0.5 0.5625 0.5 0.5625 0.75 0.5 0.5 0.5625 0.75 0.5 0.75 0.375 0.25 0.4375 0.25 0.4375 0.5 0.375 0.25 0.4375 0.5 0.375 0.5 0.4375 0.25 0.5 0.25 0.5 0.5 0.4375 0.25 0.5 0.5 0.4375 0.5 0.5 0.25 0.5625 0.25 0.5625 0.5 0.5 0.25 0.5625 0.5 0.5 0.5 0.375 0 0.4375 0 0.4375 0.25 0.375 0 0.4375 0.25 0.375 0.25 0.4375 0 0.5 0 0.5 0.25 0.4375 0 0.5 0.25 0.4375 0.25 0.5 0 0.5625 0 0.5625 0.25 0.5 0 0.5625 0.25 0.5 0.25 0.5625 0 0.625 0 0.625 0.25 0.5625 0 0.625 0.25 0.5625 0.25 0.5625 0.25 0.625 0.25 0.625 0.5 0.5625 0.25 0.625 0.5 0.5625 0.5 0.5625 0.5 0.625 0.5 0.625 0.75 0.5625 0.5 0.625 0.75 0.5625 0.75 0.5625 0.75 0.625 0.75 0.625 1 0.5625 0.75 0.625 1 0.5625 1 0.125 0.5 0.375 0.5 0.375 0.75 0.125 0.5 0.375 0.75 0.125 0.75 0.625 0.5 0.875 0.5 0.875 0.75 0.625 0.5 0.875 0.75 0.625 0.75 0.375 0.75 0.4375 0.75 0.4375 1 0.375 0.75 0.4375 1 0.375 1 0.4375 0.75 0.5 0.75 0.5 1 0.4375 0.75 0.5 1 0.4375 1 0.5 0.75 0.5625 0.75 0.5625 1 0.5 0.75 0.5625 1 0.5 1 0.375 0.5 0.4375 0.5 0.4375 0.75 0.375 0.5 0.4375 0.75 0.375 0.75 0.4375 0.5 0.5 0.5 0.5 0.75 0.4375 0.5 0.5 0.75 0.4375 0.75 0.5 0.5 0.5625 0.5 0.5625 0.75 0.5 0.5 0.5625 0.75 0.5 0.75 0.375 0.25 0.4375 0.25 0.4375 0.5 0.375 0.25 0.4375 0.5 0.375 0.5 0.4375 0.25 0.5 0.25 0.5 0.5 0.4375 0.25 0.5 0.5 0.4375 0.5 0.5 0.25 0.5625 0.25 0.5625 0.5 0.5 0.25 0.5625 0.5 0.5 0.5 0.375 0 0.4375 0 0.4375 0.25 0.375 0 0.4375 0.25 0.375 0.25 0.4375 0 0.5 0 0.5 0.25 0.4375 0 0.5 0.25 0.4375 0.25 0.5 0 0.5625 0 0.5625 0.25 0.5 0 0.5625 0.25 0.5 0.25 0.5625 0 0.625 0 0.625 0.25 0.5625 0 0.625 0.25 0.5625 0.25 0.5625 0.25 0.625 0.25 0.625 0.5 0.5625 0.25 0.625 0.5 0.5625 0.5 0.5625 0.5 0.625 0.5 0.625 0.75 0.5625 0.5 0.625 0.75 0.5625 0.75 0.5625 0.75 0.625 0.75 0.625 1 0.5625 0.75 0.625 1 0.5625 1 0.125 0.5 0.375 0.5 0.375 0.75 0.125 0.5 0.375 0.75 0.125 0.75 0.625 0.5 0.875 0.5 0.875 0.75 0.625 0.5 0.875 0.75 0.625 0.75 0.375 0.75 0.4375 0.75 0.4375 1 0.375 0.75 0.4375 1 0.375 1 0.4375 0.75 0.5 0.75 0.5 1 0.4375 0.75 0.5 1 0.4375 1 0.5 0.75 0.5625 0.75 0.5625 1 0.5 0.75 0.5625 1 0.5 1 0.375 0.5 0.4375 0.5 0.4375 0.75 0.375 0.5 0.4375 0.75 0.375 0.75 0.4375 0.5 0.5 0.5 0.5 0.75 0.4375 0.5 0.5 0.75 0.4375 0.75 0.5 0.5 0.5625 0.5 0.5625 0.75 0.5 0.5 0.5625 0.75 0.5 0.75 0.375 0.25 0.4375 0.25 0.4375 0.5 0.375 0.25 0.4375 0.5 0.375 0.5 0.4375 0.25 0.5 0.25 0.5 0.5 0.4375 0.25 0.5 0.5 0.4375 0.5 0.5 0.25 0.5625 0.25 0.5625 0.5 0.5 0.25 0.5625 0.5 0.5 0.5 0.375 0 0.4375 0 0.4375 0.25 0.375 0 0.4375 0.25 0.375 0.25 0.4375 0 0.5 0 0.5 0.25 0.4375 0 0.5 0.25 0.4375 0.25 0.5 0 0.5625 0 0.5625 0.25 0.5 0 0.5625 0.25 0.5 0.25 0.5625 0 0.625 0 0.625 0.25 0.5625 0 0.625 0.25 0.5625 0.25 0.5625 0.25 0.625 0.25 0.625 0.5 0.5625 0.25 0.625 0.5 0.5625 0.5 0.5625 0.5 0.625 0.5 0.625 0.75 0.5625 0.5 0.625 0.75 0.5625 0.75 0.5625 0.75 0.625 0.75 0.625 1 0.5625 0.75 0.625 1 0.5625 1 0.125 0.5 0.375 0.5 0.375 0.75 0.125 0.5 0.375 0.75 0.125 0.75 0.625 0.5 0.875 0.5 0.875 0.75 0.625 0.5 0.875 0.75 0.625 0.75 0.375 0.75 0.4375 0.75 0.4375 1 0.375 0.75 0.4375 1 0.375 1 0.4375 0.75 0.5 0.75 0.5 1 0.4375 0.75 0.5 1 0.4375 1 0.5 0.75 0.5625 0.75 0.5625 1 0.5 0.75 0.5625 1 0.5 1 0.375 0.5 0.4375 0.5 0.4375 0.75 0.375 0.5 0.4375 0.75 0.375 0.75 0.4375 0.5 0.5 0.5 0.5 0.75 0.4375 0.5 0.5 0.75 0.4375 0.75 0.5 0.5 0.5625 0.5 0.5625 0.75 0.5 0.5 0.5625 0.75 0.5 0.75 0.375 0.25 0.4375 0.25 0.4375 0.5 0.375 0.25 0.4375 0.5 0.375 0.5 0.4375 0.25 0.5 0.25 0.5 0.5 0.4375 0.25 0.5 0.5 0.4375 0.5 0.5 0.25 0.5625 0.25 0.5625 0.5 0.5 0.25 0.5625 0.5 0.5 0.5 0.375 0 0.4375 0 0.4375 0.25 0.375 0 0.4375 0.25 0.375 0.25 0.4375 0 0.5 0 0.5 0.25 0.4375 0 0.5 0.25 0.4375 0.25 0.5 0 0.5625 0 0.5625 0.25 0.5 0 0.5625 0.25 0.5 0.25 0.5625 0 0.625 0 0.625 0.25 0.5625 0 0.625 0.25 0.5625 0.25 0.5625 0.25 0.625 0.25 0.625 0.5 0.5625 0.25 0.625 0.5 0.5625 0.5 0.5625 0.5 0.625 0.5 0.625 0.75 0.5625 0.5 0.625 0.75 0.5625 0.75 0.5625 0.75 0.625 0.75 0.625 1 0.5625 0.75 0.625 1 0.5625 1 0.125 0.5 0.375 0.5 0.375 0.75 0.125 0.5 0.375 0.75 0.125 0.75 0.625 0.5 0.875 0.5 0.875 0.75 0.625 0.5 0.875 0.75 0.625 0.75 0.375 0.75 0.4375 0.75 0.4375 1 0.375 0.75 0.4375 1 0.375 1 0.4375 0.75 0.5 0.75 0.5 1 0.4375 0.75 0.5 1 0.4375 1 0.5 0.75 0.5625 0.75 0.5625 1 0.5 0.75 0.5625 1 0.5 1 0.375 0.5 0.4375 0.5 0.4375 0.75 0.375 0.5 0.4375 0.75 0.375 0.75 0.4375 0.5 0.5 0.5 0.5 0.75 0.4375 0.5 0.5 0.75 0.4375 0.75 0.5 0.5 0.5625 0.5 0.5625 0.75 0.5 0.5 0.5625 0.75 0.5 0.75 0.375 0.25 0.4375 0.25 0.4375 0.5 0.375 0.25 0.4375 0.5 0.375 0.5 0.4375 0.25 0.5 0.25 0.5 0.5 0.4375 0.25 0.5 0.5 0.4375 0.5 0.5 0.25 0.5625 0.25 0.5625 0.5 0.5 0.25 0.5625 0.5 0.5 0.5 0.375 0 0.4375 0 0.4375 0.25 0.375 0 0.4375 0.25 0.375 0.25 0.4375 0 0.5 0 0.5 0.25 0.4375 0 0.5 0.25 0.4375 0.25 0.5 0 0.5625 0 0.5625 0.25 0.5 0 0.5625 0.25 0.5 0.25 0.5625 0 0.625 0 0.625 0.25 0.5625 0 0.625 0.25 0.5625 0.25 0.5625 0.25 0.625 0.25 0.625 0.5 0.5625 0.25 0.625 0.5 0.5625 0.5 0.5625 0.5 0.625 0.5 0.625 0.75 0.5625 0.5 0.625 0.75 0.5625 0.75 0.5625 0.75 0.625 0.75 0.625 1 0.5625 0.75 0.625 1 0.5625 1 0.125 0.5 0.375 0.5 0.375 0.75 0.125 0.5 0.375 0.75 0.125 0.75 0.625 0.5 0.875 0.5 0.875 0.75 0.625 0.5 0.875 0.75 0.625 0.75 0.375 0.75 0.4375 0.75 0.4375 1 0.375 0.75 0.4375 1 0.375 1 0.4375 0.75 0.5 0.75 0.5 1 0.4375 0.75 0.5 1 0.4375 1 0.5 0.75 0.5625 0.75 0.5625 1 0.5 0.75 0.5625 1 0.5 1 0.375 0.5 0.4375 0.5 0.4375 0.75 0.375 0.5 0.4375 0.75 0.375 0.75 0.4375 0.5 0.5 0.5 0.5 0.75 0.4375 0.5 0.5 0.75 0.4375 0.75 0.5 0.5 0.5625 0.5 0.5625 0.75 0.5 0.5 0.5625 0.75 0.5 0.75 0.375 0.25 0.4375 0.25 0.4375 0.5 0.375 0.25 0.4375 0.5 0.375 0.5 0.4375 0.25 0.5 0.25 0.5 0.5 0.4375 0.25 0.5 0.5 0.4375 0.5 0.5 0.25 0.5625 0.25 0.5625 0.5 0.5 0.25 0.5625 0.5 0.5 0.5 0.375 0 0.4375 0 0.4375 0.25 0.375 0 0.4375 0.25 0.375 0.25 0.4375 0 0.5 0 0.5 0.25 0.4375 0 0.5 0.25 0.4375 0.25 0.5 0 0.5625 0 0.5625 0.25 0.5 0 0.5625 0.25 0.5 0.25 0.5625 0 0.625 0 0.625 0.25 0.5625 0 0.625 0.25 0.5625 0.25 0.5625 0.25 0.625 0.25 0.625 0.5 0.5625 0.25 0.625 0.5 0.5625 0.5 0.5625 0.5 0.625 0.5 0.625 0.75 0.5625 0.5 0.625 0.75 0.5625 0.75 0.5625 0.75 0.625 0.75 0.625 1 0.5625 0.75 0.625 1 0.5625 1 0.125 0.5 0.375 0.5 0.375 0.75 0.125 0.5 0.375 0.75 0.125 0.75 0.625 0.5 0.875 0.5 0.875 0.75 0.625 0.5 0.875 0.75 0.625 0.75 0.375 0.75 0.4375 0.75 0.4375 1 0.375 0.75 0.4375 1 0.375 1 0.4375 0.75 0.5 0.75 0.5 1 0.4375 0.75 0.5 1 0.4375 1 0.5 0.75 0.5625 0.75 0.5625 1 0.5 0.75 0.5625 1 0.5 1 0.375 0.5 0.4375 0.5 0.4375 0.75 0.375 0.5 0.4375 0.75 0.375 0.75 0.4375 0.5 0.5 0.5 0.5 0.75 0.4375 0.5 0.5 0.75 0.4375 0.75 0.5 0.5 0.5625 0.5 0.5625 0.75 0.5 0.5 0.5625 0.75 0.5 0.75 0.375 0.25 0.4375 0.25 0.4375 0.5 0.375 0.25 0.4375 0.5 0.375 0.5 0.4375 0.25 0.5 0.25 0.5 0.5 0.4375 0.25 0.5 0.5 0.4375 0.5 0.5 0.25 0.5625 0.25 0.5625 0.5 0.5 0.25 0.5625 0.5 0.5 0.5 0.375 0 0.4375 0 0.4375 0.25 0.375 0 0.4375 0.25 0.375 0.25 0.4375 0 0.5 0 0.5 0.25 0.4375 0 0.5 0.25 0.4375 0.25 0.5 0 0.5625 0 0.5625 0.25 0.5 0 0.5625 0.25 0.5 0.25 0.5625 0 0.625 0 0.625 0.25 0.5625 0 0.625 0.25 0.5625 0.25 0.5625 0.25 0.625 0.25 0.625 0.5 0.5625 0.25 0.625 0.5 0.5625 0.5 0.5625 0.5 0.625 0.5 0.625 0.75 0.5625 0.5 0.625 0.75 0.5625 0.75 0.5625 0.75 0.625 0.75 0.625 1 0.5625 0.75 0.625 1 0.5625 1 0.125 0.5 0.375 0.5 0.375 0.75 0.125 0.5 0.375 0.75 0.125 0.75 0.625 0.5 0.875 0.5 0.875 0.75 0.625 0.5 0.875 0.75 0.625 0.75 0.375 0.75 0.4375 0.75 0.4375 1 0.375 0.75 0.4375 1 0.375 1 0.4375 0.75 0.5 0.75 0.5 1 0.4375 0.75 0.5 1 0.4375 1 0.5 0.75 0.5625 0.75 0.5625 1 0.5 0.75 0.5625 1 0.5 1 0.375 0.5 0.4375 0.5 0.4375 0.75 0.375 0.5 0.4375 0.75 0.375 0.75 0.4375 0.5 0.5 0.5 0.5 0.75 0.4375 0.5 0.5 0.75 0.4375 0.75 0.5 0.5 0.5625 0.5 0.5625 0.75 0.5 0.5 0.5625 0.75 0.5 0.75 0.375 0.25 0.4375 0.25 0.4375 0.5 0.375 0.25 0.4375 0.5 0.375 0.5 0.4375 0.25 0.5 0.25 0.5 0.5 0.4375 0.25 0.5 0.5 0.4375 0.5 0.5 0.25 0.5625 0.25 0.5625 0.5 0.5 0.25 0.5625 0.5 0.5 0.5 0.375 0 0.4375 0 0.4375 0.25 0.375 0 0.4375 0.25 0.375 0.25 0.4375 0 0.5 0 0.5 0.25 0.4375 0 0.5 0.25 0.4375 0.25 0.5 0 0.5625 0 0.5625 0.25 0.5 0 0.5625 0.25 0.5 0.25 0.5625 0 0.625 0 0.625 0.25 0.5625 0 0.625 0.25 0.5625 0.25 0.5625 0.25 0.625 0.25 0.625 0.5 0.5625 0.25 0.625 0.5 0.5625 0.5 0.5625 0.5 0.625 0.5 0.625 0.75 0.5625 0.5 0.625 0.75 0.5625 0.75 0.5625 0.75 0.625 0.75 0.625 1 0.5625 0.75 0.625 1 0.5625 1 0.125 0.5 0.375 0.5 0.375 0.75 0.125 0.5 0.375 0.75 0.125 0.75 0.625 0.5 0.875 0.5 0.875 0.75 0.625 0.5 0.875 0.75 0.625 0.75 0.375 0.75 0.4375 0.75 0.4375 1 0.375 0.75 0.4375 1 0.375 1 0.4375 0.75 0.5 0.75 0.5 1 0.4375 0.75 0.5 1 0.4375 1 0.5 0.75 0.5625 0.75 0.5625 1 0.5 0.75 0.5625 1 0.5 1 0.375 0.5 0.4375 0.5 0.4375 0.75 0.375 0.5 0.4375 0.75 0.375 0.75 0.4375 0.5 0.5 0.5 0.5 0.75 0.4375 0.5 0.5 0.75 0.4375 0.75 0.5 0.5 0.5625 0.5 0.5625 0.75 0.5 0.5 0.5625 0.75 0.5 0.75 0.375 0.25 0.4375 0.25 0.4375 0.5 0.375 0.25 0.4375 0.5 0.375 0.5 0.4375 0.25 0.5 0.25 0.5 0.5 0.4375 0.25 0.5 0.5 0.4375 0.5 0.5 0.25 0.5625 0.25 0.5625 0.5 0.5 0.25 0.5625 0.5 0.5 0.5 0.375 0 0.4375 0 0.4375 0.25 0.375 0 0.4375 0.25 0.375 0.25 0.4375 0 0.5 0 0.5 0.25 0.4375 0 0.5 0.25 0.4375 0.25 0.5 0 0.5625 0 0.5625 0.25 0.5 0 0.5625 0.25 0.5 0.25 0.5625 0 0.625 0 0.625 0.25 0.5625 0 0.625 0.25 0.5625 0.25 0.5625 0.25 0.625 0.25 0.625 0.5 0.5625 0.25 0.625 0.5 0.5625 0.5 0.5625 0.5 0.625 0.5 0.625 0.75 0.5625 0.5 0.625 0.75 0.5625 0.75 0.5625 0.75 0.625 0.75 0.625 1 0.5625 0.75 0.625 1 0.5625 1 0.125 0.5 0.375 0.5 0.375 0.75 0.125 0.5 0.375 0.75 0.125 0.75 0.625 0.5 0.875 0.5 0.875 0.75 0.625 0.5 0.875 0.75 0.625 0.75 0.375 0.75 0.4375 0.75 0.4375 1 0.375 0.75 0.4375 1 0.375 1 0.4375 0.75 0.5 0.75 0.5 1 0.4375 0.75 0.5 1 0.4375 1 0.5 0.75 0.5625 0.75 0.5625 1 0.5 0.75 0.5625 1 0.5 1 0.375 0.5 0.4375 0.5 0.4375 0.75 0.375 0.5 0.4375 0.75 0.375 0.75 0.4375 0.5 0.5 0.5 0.5 0.75 0.4375 0.5 0.5 0.75 0.4375 0.75 0.5 0.5 0.5625 0.5 0.5625 0.75 0.5 0.5 0.5625 0.75 0.5 0.75 0.375 0.25 0.4375 0.25 0.4375 0.5 0.375 0.25 0.4375 0.5 0.375 0.5 0.4375 0.25 0.5 0.25 0.5 0.5 0.4375 0.25 0.5 0.5 0.4375 0.5 0.5 0.25 0.5625 0.25 0.5625 0.5 0.5 0.25 0.5625 0.5 0.5 0.5 0.375 0 0.4375 0 0.4375 0.25 0.375 0 0.4375 0.25 0.375 0.25 0.4375 0 0.5 0 0.5 0.25 0.4375 0 0.5 0.25 0.4375 0.25 0.5 0 0.5625 0 0.5625 0.25 0.5 0 0.5625 0.25 0.5 0.25 0.5625 0 0.625 0 0.625 0.25 0.5625 0 0.625 0.25 0.5625 0.25 0.5625 0.25 0.625 0.25 0.625 0.5 0.5625 0.25 0.625 0.5 0.5625 0.5 0.5625 0.5 0.625 0.5 0.625 0.75 0.5625 0.5 0.625 0.75 0.5625 0.75 0.5625 0.75 0.625 0.75 0.625 1 0.5625 0.75 0.625 1 0.5625 1 0.125 0.5 0.375 0.5 0.375 0.75 0.125 0.5 0.375 0.75 0.125 0.75 0.625 0.5 0.875 0.5 0.875 0.75 0.625 0.5 0.875 0.75 0.625 0.75 0.375 0.75 0.4375 0.75 0.4375 1 0.375 0.75 0.4375 1 0.375 1 0.4375 0.75 0.5 0.75 0.5 1 0.4375 0.75 0.5 1 0.4375 1 0.5 0.75 0.5625 0.75 0.5625 1 0.5 0.75 0.5625 1 0.5 1 0.375 0.5 0.4375 0.5 0.4375 0.75 0.375 0.5 0.4375 0.75 0.375 0.75 0.4375 0.5 0.5 0.5 0.5 0.75 0.4375 0.5 0.5 0.75 0.4375 0.75 0.5 0.5 0.5625 0.5 0.5625 0.75 0.5 0.5 0.5625 0.75 0.5 0.75 0.375 0.25 0.4375 0.25 0.4375 0.5 0.375 0.25 0.4375 0.5 0.375 0.5 0.4375 0.25 0.5 0.25 0.5 0.5 0.4375 0.25 0.5 0.5 0.4375 0.5 0.5 0.25 0.5625 0.25 0.5625 0.5 0.5 0.25 0.5625 0.5 0.5 0.5 0.375 0 0.4375 0 0.4375 0.25 0.375 0 0.4375 0.25 0.375 0.25 0.4375 0 0.5 0 0.5 0.25 0.4375 0 0.5 0.25 0.4375 0.25 0.5 0 0.5625 0 0.5625 0.25 0.5 0 0.5625 0.25 0.5 0.25 0.5625 0 0.625 0 0.625 0.25 0.5625 0 0.625 0.25 0.5625 0.25 0.5625 0.25 0.625 0.25 0.625 0.5 0.5625 0.25 0.625 0.5 0.5625 0.5 0.5625 0.5 0.625 0.5 0.625 0.75 0.5625 0.5 0.625 0.75 0.5625 0.75 0.5625 0.75 0.625 0.75 0.625 1 0.5625 0.75 0.625 1 0.5625 1 0.125 0.5 0.375 0.5 0.375 0.75 0.125 0.5 0.375 0.75 0.125 0.75 0.625 0.5 0.875 0.5 0.875 0.75 0.625 0.5 0.875 0.75 0.625 0.75 0.375 0.75 0.4375 0.75 0.4375 1 0.375 0.75 0.4375 1 0.375 1 0.4375 0.75 0.5 0.75 0.5 1 0.4375 0.75 0.5 1 0.4375 1 0.5 0.75 0.5625 0.75 0.5625 1 0.5 0.75 0.5625 1 0.5 1 0.375 0.5 0.4375 0.5 0.4375 0.75 0.375 0.5 0.4375 0.75 0.375 0.75 0.4375 0.5 0.5 0.5 0.5 0.75 0.4375 0.5 0.5 0.75 0.4375 0.75 0.5 0.5 0.5625 0.5 0.5625 0.75 0.5 0.5 0.5625 0.75 0.5 0.75 0.375 0.25 0.4375 0.25 0.4375 0.5 0.375 0.25 0.4375 0.5 0.375 0.5 0.4375 0.25 0.5 0.25 0.5 0.5 0.4375 0.25 0.5 0.5 0.4375 0.5 0.5 0.25 0.5625 0.25 0.5625 0.5 0.5 0.25 0.5625 0.5 0.5 0.5 0.375 0 0.4375 0 0.4375 0.25 0.375 0 0.4375 0.25 0.375 0.25 0.4375 0 0.5 0 0.5 0.25 0.4375 0 0.5 0.25 0.4375 0.25 0.5 0 0.5625 0 0.5625 0.25 0.5 0 0.5625 0.25 0.5 0.25 0.5625 0 0.625 0 0.625 0.25 0.5625 0 0.625 0.25 0.5625 0.25 0.5625 0.25 0.625 0.25 0.625 0.5 0.5625 0.25 0.625 0.5 0.5625 0.5 0.5625 0.5 0.625 0.5 0.625 0.75 0.5625 0.5 0.625 0.75 0.5625 0.75 0.5625 0.75 0.625 0.75 0.625 1 0.5625 0.75 0.625 1 0.5625 1 0.125 0.5 0.375 0.5 0.375 0.75 0.125 0.5 0.375 0.75 0.125 0.75 0.625 0.5 0.875 0.5 0.875 0.75 0.625 0.5 0.875 0.75 0.625 0.75 0.375 0.75 0.4375 0.75 0.4375 1 0.375 0.75 0.4375 1 0.375 1 0.4375 0.75 0.5 0.75 0.5 1 0.4375 0.75 0.5 1 0.4375 1 0.5 0.75 0.5625 0.75 0.5625 1 0.5 0.75 0.5625 1 0.5 1 0.375 0.5 0.4375 0.5 0.4375 0.75 0.375 0.5 0.4375 0.75 0.375 0.75 0.4375 0.5 0.5 0.5 0.5 0.75 0.4375 0.5 0.5 0.75 0.4375 0.75 0.5 0.5 0.5625 0.5 0.5625 0.75 0.5 0.5 0.5625 0.75 0.5 0.75 0.375 0.25 0.4375 0.25 0.4375 0.5 0.375 0.25 0.4375 0.5 0.375 0.5 0.4375 0.25 0.5 0.25 0.5 0.5 0.4375 0.25 0.5 0.5 0.4375 0.5 0.5 0.25 0.5625 0.25 0.5625 0.5 0.5 0.25 0.5625 0.5 0.5 0.5 0.375 0 0.4375 0 0.4375 0.25 0.375 0 0.4375 0.25 0.375 0.25 0.4375 0 0.5 0 0.5 0.25 0.4375 0 0.5 0.25 0.4375 0.25 0.5 0 0.5625 0 0.5625 0.25 0.5 0 0.5625 0.25 0.5 0.25 0.5625 0 0.625 0 0.625 0.25 0.5625 0 0.625 0.25 0.5625 0.25 0.5625 0.25 0.625 0.25 0.625 0.5 0.5625 0.25 0.625 0.5 0.5625 0.5 0.5625 0.5 0.625 0.5 0.625 0.75 0.5625 0.5 0.625 0.75 0.5625 0.75 0.5625 0.75 0.625 0.75 0.625 1 0.5625 0.75 0.625 1 0.5625 1 0.125 0.5 0.375 0.5 0.375 0.75 0.125 0.5 0.375 0.75 0.125 0.75 0.625 0.5 0.875 0.5 0.875 0.75 0.625 0.5 0.875 0.75 0.625 0.75 0.375 0.75 0.4375 0.75 0.4375 1 0.375 0.75 0.4375 1 0.375 1 0.4375 0.75 0.5 0.75 0.5 1 0.4375 0.75 0.5 1 0.4375 1 0.5 0.75 0.5625 0.75 0.5625 1 0.5 0.75 0.5625 1 0.5 1 0.375 0.5 0.4375 0.5 0.4375 0.75 0.375 0.5 0.4375 0.75 0.375 0.75 0.4375 0.5 0.5 0.5 0.5 0.75 0.4375 0.5 0.5 0.75 0.4375 0.75 0.5 0.5 0.5625 0.5 0.5625 0.75 0.5 0.5 0.5625 0.75 0.5 0.75 0.375 0.25 0.4375 0.25 0.4375 0.5 0.375 0.25 0.4375 0.5 0.375 0.5 0.4375 0.25 0.5 0.25 0.5 0.5 0.4375 0.25 0.5 0.5 0.4375 0.5 0.5 0.25 0.5625 0.25 0.5625 0.5 0.5 0.25 0.5625 0.5 0.5 0.5 0.375 0 0.4375 0 0.4375 0.25 0.375 0 0.4375 0.25 0.375 0.25 0.4375 0 0.5 0 0.5 0.25 0.4375 0 0.5 0.25 0.4375 0.25 0.5 0 0.5625 0 0.5625 0.25 0.5 0 0.5625 0.25 0.5 0.25 0.5625 0 0.625 0 0.625 0.25 0.5625 0 0.625 0.25 0.5625 0.25 0.5625 0.25 0.625 0.25 0.625 0.5 0.5625 0.25 0.625 0.5 0.5625 0.5 0.5625 0.5 0.625 0.5 0.625 0.75 0.5625 0.5 0.625 0.75 0.5625 0.75 0.5625 0.75 0.625 0.75 0.625 1 0.5625 0.75 0.625 1 0.5625 1 0.125 0.5 0.375 0.5 0.375 0.75 0.125 0.5 0.375 0.75 0.125 0.75 0.625 0.5 0.875 0.5 0.875 0.75 0.625 0.5 0.875 0.75 0.625 0.75 0.375 0.75 0.4375 0.75 0.4375 1 0.375 0.75 0.4375 1 0.375 1 0.4375 0.75 0.5 0.75 0.5 1 0.4375 0.75 0.5 1 0.4375 1 0.5 0.75 0.5625 0.75 0.5625 1 0.5 0.75 0.5625 1 0.5 1 0.375 0.5 0.4375 0.5 0.4375 0.75 0.375 0.5 0.4375 0.75 0.375 0.75 0.4375 0.5 0.5 0.5 0.5 0.75 0.4375 0.5 0.5 0.75 0.4375 0.75 0.5 0.5 0.5625 0.5 0.5625 0.75 0.5 0.5 0.5625 0.75 0.5 0.75 0.375 0.25 0.4375 0.25 0.4375 0.5 0.375 0.25 0.4375 0.5 0.375 0.5 0.4375 0.25 0.5 0.25 0.5 0.5 0.4375 0.25 0.5 0.5 0.4375 0.5 0.5 0.25 0.5625 0.25 0.5625 0.5 0.5 0.25 0.5625 0.5 0.5 0.5 0.375 0 0.4375 0 0.4375 0.25 0.375 0 0.4375 0.25 0.375 0.25 0.4375 0 0.5 0 0.5 0.25 0.4375 0 0.5 0.25 0.4375 0.25 0.5 0 0.5625 0 0.5625 0.25 0.5 0 0.5625 0.25 0.5 0.25 0.5625 0 0.625 0 0.625 0.25 0.5625 0 0.625 0.25 0.5625 0.25 0.5625 0.25 0.625 0.25 0.625 0.5 0.5625 0.25 0.625 0.5 0.5625 0.5 0.5625 0.5 0.625 0.5 0.625 0.75 0.5625 0.5 0.625 0.75 0.5625 0.75 0.5625 0.75 0.625 0.75 0.625 1 0.5625 0.75 0.625 1 0.5625 1 0.125 0.5 0.375 0.5 0.375 0.75 0.125 0.5 0.375 0.75 0.125 0.75 0.625 0.5 0.875 0.5 0.875 0.75 0.625 0.5 0.875 0.75 0.625 0.75 0.375 0.75 0.4375 0.75 0.4375 1 0.375 0.75 0.4375 1 0.375 1 0.4375 0.75 0.5 0.75 0.5 1 0.4375 0.75 0.5 1 0.4375 1 0.5 0.75 0.5625 0.75 0.5625 1 0.5 0.75 0.5625 1 0.5 1 0.375 0.5 0.4375 0.5 0.4375 0.75 0.375 0.5 0.4375 0.75 0.375 0.75 0.4375 0.5 0.5 0.5 0.5 0.75 0.4375 0.5 0.5 0.75 0.4375 0.75 0.5 0.5 0.5625 0.5 0.5625 0.75 0.5 0.5 0.5625 0.75 0.5 0.75 0.375 0.25 0.4375 0.25 0.4375 0.5 0.375 0.25 0.4375 0.5 0.375 0.5 0.4375 0.25 0.5 0.25 0.5 0.5 0.4375 0.25 0.5 0.5 0.4375 0.5 0.5 0.25 0.5625 0.25 0.5625 0.5 0.5 0.25 0.5625 0.5 0.5 0.5 0.375 0 0.4375 0 0.4375 0.25 0.375 0 0.4375 0.25 0.375 0.25 0.4375 0 0.5 0 0.5 0.25 0.4375 0 0.5 0.25 0.4375 0.25 0.5 0 0.5625 0 0.5625 0.25 0.5 0 0.5625 0.25 0.5 0.25 0.5625 0 0.625 0 0.625 0.25 0.5625 0 0.625 0.25 0.5625 0.25 0.5625 0.25 0.625 0.25 0.625 0.5 0.5625 0.25 0.625 0.5 0.5625 0.5 0.5625 0.5 0.625 0.5 0.625 0.75 0.5625 0.5 0.625 0.75 0.5625 0.75 0.5625 0.75 0.625 0.75 0.625 1 0.5625 0.75 0.625 1 0.5625 1 0.125 0.5 0.375 0.5 0.375 0.75 0.125 0.5 0.375 0.75 0.125 0.75 0.625 0.5 0.875 0.5 0.875 0.75 0.625 0.5 0.875 0.75 0.625 0.75 0.375 0.75 0.4375 0.75 0.4375 1 0.375 0.75 0.4375 1 0.375 1 0.4375 0.75 0.5 0.75 0.5 1 0.4375 0.75 0.5 1 0.4375 1 0.5 0.75 0.5625 0.75 0.5625 1 0.5 0.75 0.5625 1 0.5 1 0.375 0.5 0.4375 0.5 0.4375 0.75 0.375 0.5 0.4375 0.75 0.375 0.75 0.4375 0.5 0.5 0.5 0.5 0.75 0.4375 0.5 0.5 0.75 0.4375 0.75 0.5 0.5 0.5625 0.5 0.5625 0.75 0.5 0.5 0.5625 0.75 0.5 0.75 0.375 0.25 0.4375 0.25 0.4375 0.5 0.375 0.25 0.4375 0.5 0.375 0.5 0.4375 0.25 0.5 0.25 0.5 0.5 0.4375 0.25 0.5 0.5 0.4375 0.5 0.5 0.25 0.5625 0.25 0.5625 0.5 0.5 0.25 0.5625 0.5 0.5 0.5 0.375 0 0.4375 0 0.4375 0.25 0.375 0 0.4375 0.25 0.375 0.25 0.4375 0 0.5 0 0.5 0.25 0.4375 0 0.5 0.25 0.4375 0.25 0.5 0 0.5625 0 0.5625 0.25 0.5 0 0.5625 0.25 0.5 0.25 0.5625 0 0.625 0 0.625 0.25 0.5625 0 0.625 0.25 0.5625 0.25 0.5625 0.25 0.625 0.25 0.625 0.5 0.5625 0.25 0.625 0.5 0.5625 0.5 0.5625 0.5 0.625 0.5 0.625 0.75 0.5625 0.5 0.625 0.75 0.5625 0.75 0.5625 0.75 0.625 0.75 0.625 1 0.5625 0.75 0.625 1 0.5625 1 0.125 0.5 0.375 0.5 0.375 0.75 0.125 0.5 0.375 0.75 0.125 0.75 0.625 0.5 0.875 0.5 0.875 0.75 0.625 0.5 0.875 0.75 0.625 0.75 0.375 0.75 0.4375 0.75 0.4375 1 0.375 0.75 0.4375 1 0.375 1 0.4375 0.75 0.5 0.75 0.5 1 0.4375 0.75 0.5 1 0.4375 1 0.5 0.75 0.5625 0.75 0.5625 1 0.5 0.75 0.5625 1 0.5 1 0.375 0.5 0.4375 0.5 0.4375 0.75 0.375 0.5 0.4375 0.75 0.375 0.75 0.4375 0.5 0.5 0.5 0.5 0.75 0.4375 0.5 0.5 0.75 0.4375 0.75 0.5 0.5 0.5625 0.5 0.5625 0.75 0.5 0.5 0.5625 0.75 0.5 0.75 0.375 0.25 0.4375 0.25 0.4375 0.5 0.375 0.25 0.4375 0.5 0.375 0.5 0.4375 0.25 0.5 0.25 0.5 0.5 0.4375 0.25 0.5 0.5 0.4375 0.5 0.5 0.25 0.5625 0.25 0.5625 0.5 0.5 0.25 0.5625 0.5 0.5 0.5 0.375 0 0.4375 0 0.4375 0.25 0.375 0 0.4375 0.25 0.375 0.25 0.4375 0 0.5 0 0.5 0.25 0.4375 0 0.5 0.25 0.4375 0.25 0.5 0 0.5625 0 0.5625 0.25 0.5 0 0.5625 0.25 0.5 0.25 0.5625 0 0.625 0 0.625 0.25 0.5625 0 0.625 0.25 0.5625 0.25 0.5625 0.25 0.625 0.25 0.625 0.5 0.5625 0.25 0.625 0.5 0.5625 0.5 0.5625 0.5 0.625 0.5 0.625 0.75 0.5625 0.5 0.625 0.75 0.5625 0.75 0.5625 0.75 0.625 0.75 0.625 1 0.5625 0.75 0.625 1 0.5625 1 0.125 0.5 0.375 0.5 0.375 0.75 0.125 0.5 0.375 0.75 0.125 0.75 0.625 0.5 0.875 0.5 0.875 0.75 0.625 0.5 0.875 0.75 0.625 0.75 0.375 0.75 0.4375 0.75 0.4375 1 0.375 0.75 0.4375 1 0.375 1 0.4375 0.75 0.5 0.75 0.5 1 0.4375 0.75 0.5 1 0.4375 1 0.5 0.75 0.5625 0.75 0.5625 1 0.5 0.75 0.5625 1 0.5 1 0.375 0.5 0.4375 0.5 0.4375 0.75 0.375 0.5 0.4375 0.75 0.375 0.75 0.4375 0.5 0.5 0.5 0.5 0.75 0.4375 0.5 0.5 0.75 0.4375 0.75 0.5 0.5 0.5625 0.5 0.5625 0.75 0.5 0.5 0.5625 0.75 0.5 0.75 0.375 0.25 0.4375 0.25 0.4375 0.5 0.375 0.25 0.4375 0.5 0.375 0.5 0.4375 0.25 0.5 0.25 0.5 0.5 0.4375 0.25 0.5 0.5 0.4375 0.5 0.5 0.25 0.5625 0.25 0.5625 0.5 0.5 0.25 0.5625 0.5 0.5 0.5 0.375 0 0.4375 0 0.4375 0.25 0.375 0 0.4375 0.25 0.375 0.25 0.4375 0 0.5 0 0.5 0.25 0.4375 0 0.5 0.25 0.4375 0.25 0.5 0 0.5625 0 0.5625 0.25 0.5 0 0.5625 0.25 0.5 0.25 0.5625 0 0.625 0 0.625 0.25 0.5625 0 0.625 0.25 0.5625 0.25 0.5625 0.25 0.625 0.25 0.625 0.5 0.5625 0.25 0.625 0.5 0.5625 0.5 0.5625 0.5 0.625 0.5 0.625 0.75 0.5625 0.5 0.625 0.75 0.5625 0.75 0.5625 0.75 0.625 0.75 0.625 1 0.5625 0.75 0.625 1 0.5625 1 0.125 0.5 0.375 0.5 0.375 0.75 0.125 0.5 0.375 0.75 0.125 0.75 0.625 0.5 0.875 0.5 0.875 0.75 0.625 0.5 0.875 0.75 0.625 0.75 0.375 0.75 0.4375 0.75 0.4375 1 0.375 0.75 0.4375 1 0.375 1 0.4375 0.75 0.5 0.75 0.5 1 0.4375 0.75 0.5 1 0.4375 1 0.5 0.75 0.5625 0.75 0.5625 1 0.5 0.75 0.5625 1 0.5 1 0.375 0.5 0.4375 0.5 0.4375 0.75 0.375 0.5 0.4375 0.75 0.375 0.75 0.4375 0.5 0.5 0.5 0.5 0.75 0.4375 0.5 0.5 0.75 0.4375 0.75 0.5 0.5 0.5625 0.5 0.5625 0.75 0.5 0.5 0.5625 0.75 0.5 0.75 0.375 0.25 0.4375 0.25 0.4375 0.5 0.375 0.25 0.4375 0.5 0.375 0.5 0.4375 0.25 0.5 0.25 0.5 0.5 0.4375 0.25 0.5 0.5 0.4375 0.5 0.5 0.25 0.5625 0.25 0.5625 0.5 0.5 0.25 0.5625 0.5 0.5 0.5 0.375 0 0.4375 0 0.4375 0.25 0.375 0 0.4375 0.25 0.375 0.25 0.4375 0 0.5 0 0.5 0.25 0.4375 0 0.5 0.25 0.4375 0.25 0.5 0 0.5625 0 0.5625 0.25 0.5 0 0.5625 0.25 0.5 0.25 0.5625 0 0.625 0 0.625 0.25 0.5625 0 0.625 0.25 0.5625 0.25 0.5625 0.25 0.625 0.25 0.625 0.5 0.5625 0.25 0.625 0.5 0.5625 0.5 0.5625 0.5 0.625 0.5 0.625 0.75 0.5625 0.5 0.625 0.75 0.5625 0.75 0.5625 0.75 0.625 0.75 0.625 1 0.5625 0.75 0.625 1 0.5625 1 0.125 0.5 0.375 0.5 0.375 0.75 0.125 0.5 0.375 0.75 0.125 0.75 0.625 0.5 0.875 0.5 0.875 0.75 0.625 0.5 0.875 0.75 0.625 0.75 0.375 0.75 0.4375 0.75 0.4375 1 0.375 0.75 0.4375 1 0.375 1 0.4375 0.75 0.5 0.75 0.5 1 0.4375 0.75 0.5 1 0.4375 1 0.5 0.75 0.5625 0.75 0.5625 1 0.5 0.75 0.5625 1 0.5 1 0.375 0.5 0.4375 0.5 0.4375 0.75 0.375 0.5 0.4375 0.75 0.375 0.75 0.4375 0.5 0.5 0.5 0.5 0.75 0.4375 0.5 0.5 0.75 0.4375 0.75 0.5 0.5 0.5625 0.5 0.5625 0.75 0.5 0.5 0.5625 0.75 0.5 0.75 0.375 0.25 0.4375 0.25 0.4375 0.5 0.375 0.25 0.4375 0.5 0.375 0.5 0.4375 0.25 0.5 0.25 0.5 0.5 0.4375 0.25 0.5 0.5 0.4375 0.5 0.5 0.25 0.5625 0.25 0.5625 0.5 0.5 0.25 0.5625 0.5 0.5 0.5 0.375 0 0.4375 0 0.4375 0.25 0.375 0 0.4375 0.25 0.375 0.25 0.4375 0 0.5 0 0.5 0.25 0.4375 0 0.5 0.25 0.4375 0.25 0.5 0 0.5625 0 0.5625 0.25 0.5 0 0.5625 0.25 0.5 0.25 0.5625 0 0.625 0 0.625 0.25 0.5625 0 0.625 0.25 0.5625 0.25 0.5625 0.25 0.625 0.25 0.625 0.5 0.5625 0.25 0.625 0.5 0.5625 0.5 0.5625 0.5 0.625 0.5 0.625 0.75 0.5625 0.5 0.625 0.75 0.5625 0.75 0.5625 0.75 0.625 0.75 0.625 1 0.5625 0.75 0.625 1 0.5625 1 0.125 0.5 0.375 0.5 0.375 0.75 0.125 0.5 0.375 0.75 0.125 0.75 0.625 0.5 0.875 0.5 0.875 0.75 0.625 0.5 0.875 0.75 0.625 0.75 0.375 0.75 0.4375 0.75 0.4375 1 0.375 0.75 0.4375 1 0.375 1 0.4375 0.75 0.5 0.75 0.5 1 0.4375 0.75 0.5 1 0.4375 1 0.5 0.75 0.5625 0.75 0.5625 1 0.5 0.75 0.5625 1 0.5 1 0.375 0.5 0.4375 0.5 0.4375 0.75 0.375 0.5 0.4375 0.75 0.375 0.75 0.4375 0.5 0.5 0.5 0.5 0.75 0.4375 0.5 0.5 0.75 0.4375 0.75 0.5 0.5 0.5625 0.5 0.5625 0.75 0.5 0.5 0.5625 0.75 0.5 0.75 0.375 0.25 0.4375 0.25 0.4375 0.5 0.375 0.25 0.4375 0.5 0.375 0.5 0.4375 0.25 0.5 0.25 0.5 0.5 0.4375 0.25 0.5 0.5 0.4375 0.5 0.5 0.25 0.5625 0.25 0.5625 0.5 0.5 0.25 0.5625 0.5 0.5 0.5 0.375 0 0.4375 0 0.4375 0.25 0.375 0 0.4375 0.25 0.375 0.25 0.4375 0 0.5 0 0.5 0.25 0.4375 0 0.5 0.25 0.4375 0.25 0.5 0 0.5625 0 0.5625 0.25 0.5 0 0.5625 0.25 0.5 0.25 0.5625 0 0.625 0 0.625 0.25 0.5625 0 0.625 0.25 0.5625 0.25 0.5625 0.25 0.625 0.25 0.625 0.5 0.5625 0.25 0.625 0.5 0.5625 0.5 0.5625 0.5 0.625 0.5 0.625 0.75 0.5625 0.5 0.625 0.75 0.5625 0.75 0.5625 0.75 0.625 0.75 0.625 1 0.5625 0.75 0.625 1 0.5625 1 0.125 0.5 0.375 0.5 0.375 0.75 0.125 0.5 0.375 0.75 0.125 0.75 0.625 0.5 0.875 0.5 0.875 0.75 0.625 0.5 0.875 0.75 0.625 0.75 0.375 0.75 0.4375 0.75 0.4375 1 0.375 0.75 0.4375 1 0.375 1 0.4375 0.75 0.5 0.75 0.5 1 0.4375 0.75 0.5 1 0.4375 1 0.5 0.75 0.5625 0.75 0.5625 1 0.5 0.75 0.5625 1 0.5 1 0.375 0.5 0.4375 0.5 0.4375 0.75 0.375 0.5 0.4375 0.75 0.375 0.75 0.4375 0.5 0.5 0.5 0.5 0.75 0.4375 0.5 0.5 0.75 0.4375 0.75 0.5 0.5 0.5625 0.5 0.5625 0.75 0.5 0.5 0.5625 0.75 0.5 0.75 0.375 0.25 0.4375 0.25 0.4375 0.5 0.375 0.25 0.4375 0.5 0.375 0.5 0.4375 0.25 0.5 0.25 0.5 0.5 0.4375 0.25 0.5 0.5 0.4375 0.5 0.5 0.25 0.5625 0.25 0.5625 0.5 0.5 0.25 0.5625 0.5 0.5 0.5 0.375 0 0.4375 0 0.4375 0.25 0.375 0 0.4375 0.25 0.375 0.25 0.4375 0 0.5 0 0.5 0.25 0.4375 0 0.5 0.25 0.4375 0.25 0.5 0 0.5625 0 0.5625 0.25 0.5 0 0.5625 0.25 0.5 0.25 0.5625 0 0.625 0 0.625 0.25 0.5625 0 0.625 0.25 0.5625 0.25 0.5625 0.25 0.625 0.25 0.625 0.5 0.5625 0.25 0.625 0.5 0.5625 0.5 0.5625 0.5 0.625 0.5 0.625 0.75 0.5625 0.5 0.625 0.75 0.5625 0.75 0.5625 0.75 0.625 0.75 0.625 1 0.5625 0.75 0.625 1 0.5625 1 0.125 0.5 0.375 0.5 0.375 0.75 0.125 0.5 0.375 0.75 0.125 0.75 0.625 0.5 0.875 0.5 0.875 0.75 0.625 0.5 0.875 0.75 0.625 0.75 0.375 0.75 0.4375 0.75 0.4375 1 0.375 0.75 0.4375 1 0.375 1 0.4375 0.75 0.5 0.75 0.5 1 0.4375 0.75 0.5 1 0.4375 1 0.5 0.75 0.5625 0.75 0.5625 1 0.5 0.75 0.5625 1 0.5 1 0.375 0.5 0.4375 0.5 0.4375 0.75 0.375 0.5 0.4375 0.75 0.375 0.75 0.4375 0.5 0.5 0.5 0.5 0.75 0.4375 0.5 0.5 0.75 0.4375 0.75 0.5 0.5 0.5625 0.5 0.5625 0.75 0.5 0.5 0.5625 0.75 0.5 0.75 0.375 0.25 0.4375 0.25 0.4375 0.5 0.375 0.25 0.4375 0.5 0.375 0.5 0.4375 0.25 0.5 0.25 0.5 0.5 0.4375 0.25 0.5 0.5 0.4375 0.5 0.5 0.25 0.5625 0.25 0.5625 0.5 0.5 0.25 0.5625 0.5 0.5 0.5 0.375 0 0.4375 0 0.4375 0.25 0.375 0 0.4375 0.25 0.375 0.25 0.4375 0 0.5 0 0.5 0.25 0.4375 0 0.5 0.25 0.4375 0.25 0.5 0 0.5625 0 0.5625 0.25 0.5 0 0.5625 0.25 0.5 0.25 0.5625 0 0.625 0 0.625 0.25 0.5625 0 0.625 0.25 0.5625 0.25 0.5625 0.25 0.625 0.25 0.625 0.5 0.5625 0.25 0.625 0.5 0.5625 0.5 0.5625 0.5 0.625 0.5 0.625 0.75 0.5625 0.5 0.625 0.75 0.5625 0.75 0.5625 0.75 0.625 0.75 0.625 1 0.5625 0.75 0.625 1 0.5625 1 0.125 0.5 0.375 0.5 0.375 0.75 0.125 0.5 0.375 0.75 0.125 0.75 0.625 0.5 0.875 0.5 0.875 0.75 0.625 0.5 0.875 0.75 0.625 0.75 0.375 0.75 0.4375 0.75 0.4375 1 0.375 0.75 0.4375 1 0.375 1 0.4375 0.75 0.5 0.75 0.5 1 0.4375 0.75 0.5 1 0.4375 1 0.5 0.75 0.5625 0.75 0.5625 1 0.5 0.75 0.5625 1 0.5 1 0.375 0.5 0.4375 0.5 0.4375 0.75 0.375 0.5 0.4375 0.75 0.375 0.75 0.4375 0.5 0.5 0.5 0.5 0.75 0.4375 0.5 0.5 0.75 0.4375 0.75 0.5 0.5 0.5625 0.5 0.5625 0.75 0.5 0.5 0.5625 0.75 0.5 0.75 0.375 0.25 0.4375 0.25 0.4375 0.5 0.375 0.25 0.4375 0.5 0.375 0.5 0.4375 0.25 0.5 0.25 0.5 0.5 0.4375 0.25 0.5 0.5 0.4375 0.5 0.5 0.25 0.5625 0.25 0.5625 0.5 0.5 0.25 0.5625 0.5 0.5 0.5 0.375 0 0.4375 0 0.4375 0.25 0.375 0 0.4375 0.25 0.375 0.25 0.4375 0 0.5 0 0.5 0.25 0.4375 0 0.5 0.25 0.4375 0.25 0.5 0 0.5625 0 0.5625 0.25 0.5 0 0.5625 0.25 0.5 0.25 0.5625 0 0.625 0 0.625 0.25 0.5625 0 0.625 0.25 0.5625 0.25 0.5625 0.25 0.625 0.25 0.625 0.5 0.5625 0.25 0.625 0.5 0.5625 0.5 0.5625 0.5 0.625 0.5 0.625 0.75 0.5625 0.5 0.625 0.75 0.5625 0.75 0.5625 0.75 0.625 0.75 0.625 1 0.5625 0.75 0.625 1 0.5625 1 0.125 0.5 0.375 0.5 0.375 0.75 0.125 0.5 0.375 0.75 0.125 0.75 0.625 0.5 0.875 0.5 0.875 0.75 0.625 0.5 0.875 0.75 0.625 0.75 0.375 0.75 0.4375 0.75 0.4375 1 0.375 0.75 0.4375 1 0.375 1 0.4375 0.75 0.5 0.75 0.5 1 0.4375 0.75 0.5 1 0.4375 1 0.5 0.75 0.5625 0.75 0.5625 1 0.5 0.75 0.5625 1 0.5 1 0.375 0.5 0.4375 0.5 0.4375 0.75 0.375 0.5 0.4375 0.75 0.375 0.75 0.4375 0.5 0.5 0.5 0.5 0.75 0.4375 0.5 0.5 0.75 0.4375 0.75 0.5 0.5 0.5625 0.5 0.5625 0.75 0.5 0.5 0.5625 0.75 0.5 0.75 0.375 0.25 0.4375 0.25 0.4375 0.5 0.375 0.25 0.4375 0.5 0.375 0.5 0.4375 0.25 0.5 0.25 0.5 0.5 0.4375 0.25 0.5 0.5 0.4375 0.5 0.5 0.25 0.5625 0.25 0.5625 0.5 0.5 0.25 0.5625 0.5 0.5 0.5 0.375 0 0.4375 0 0.4375 0.25 0.375 0 0.4375 0.25 0.375 0.25 0.4375 0 0.5 0 0.5 0.25 0.4375 0 0.5 0.25 0.4375 0.25 0.5 0 0.5625 0 0.5625 0.25 0.5 0 0.5625 0.25 0.5 0.25 0.5625 0 0.625 0 0.625 0.25 0.5625 0 0.625 0.25 0.5625 0.25 0.5625 0.25 0.625 0.25 0.625 0.5 0.5625 0.25 0.625 0.5 0.5625 0.5 0.5625 0.5 0.625 0.5 0.625 0.75 0.5625 0.5 0.625 0.75 0.5625 0.75 0.5625 0.75 0.625 0.75 0.625 1 0.5625 0.75 0.625 1 0.5625 1 0.125 0.5 0.375 0.5 0.375 0.75 0.125 0.5 0.375 0.75 0.125 0.75 0.625 0.5 0.875 0.5 0.875 0.75 0.625 0.5 0.875 0.75 0.625 0.75 0.375 0.75 0.4375 0.75 0.4375 1 0.375 0.75 0.4375 1 0.375 1 0.4375 0.75 0.5 0.75 0.5 1 0.4375 0.75 0.5 1 0.4375 1 0.5 0.75 0.5625 0.75 0.5625 1 0.5 0.75 0.5625 1 0.5 1 0.375 0.5 0.4375 0.5 0.4375 0.75 0.375 0.5 0.4375 0.75 0.375 0.75 0.4375 0.5 0.5 0.5 0.5 0.75 0.4375 0.5 0.5 0.75 0.4375 0.75 0.5 0.5 0.5625 0.5 0.5625 0.75 0.5 0.5 0.5625 0.75 0.5 0.75 0.375 0.25 0.4375 0.25 0.4375 0.5 0.375 0.25 0.4375 0.5 0.375 0.5 0.4375 0.25 0.5 0.25 0.5 0.5 0.4375 0.25 0.5 0.5 0.4375 0.5 0.5 0.25 0.5625 0.25 0.5625 0.5 0.5 0.25 0.5625 0.5 0.5 0.5 0.375 0 0.4375 0 0.4375 0.25 0.375 0 0.4375 0.25 0.375 0.25 0.4375 0 0.5 0 0.5 0.25 0.4375 0 0.5 0.25 0.4375 0.25 0.5 0 0.5625 0 0.5625 0.25 0.5 0 0.5625 0.25 0.5 0.25 0.5625 0 0.625 0 0.625 0.25 0.5625 0 0.625 0.25 0.5625 0.25 0.5625 0.25 0.625 0.25 0.625 0.5 0.5625 0.25 0.625 0.5 0.5625 0.5 0.5625 0.5 0.625 0.5 0.625 0.75 0.5625 0.5 0.625 0.75 0.5625 0.75 0.5625 0.75 0.625 0.75 0.625 1 0.5625 0.75 0.625 1 0.5625 1 0.125 0.5 0.375 0.5 0.375 0.75 0.125 0.5 0.375 0.75 0.125 0.75 0.625 0.5 0.875 0.5 0.875 0.75 0.625 0.5 0.875 0.75 0.625 0.75 0.375 0.75 0.4375 0.75 0.4375 1 0.375 0.75 0.4375 1 0.375 1 0.4375 0.75 0.5 0.75 0.5 1 0.4375 0.75 0.5 1 0.4375 1 0.5 0.75 0.5625 0.75 0.5625 1 0.5 0.75 0.5625 1 0.5 1 0.375 0.5 0.4375 0.5 0.4375 0.75 0.375 0.5 0.4375 0.75 0.375 0.75 0.4375 0.5 0.5 0.5 0.5 0.75 0.4375 0.5 0.5 0.75 0.4375 0.75 0.5 0.5 0.5625 0.5 0.5625 0.75 0.5 0.5 0.5625 0.75 0.5 0.75 0.375 0.25 0.4375 0.25 0.4375 0.5 0.375 0.25 0.4375 0.5 0.375 0.5 0.4375 0.25 0.5 0.25 0.5 0.5 0.4375 0.25 0.5 0.5 0.4375 0.5 0.5 0.25 0.5625 0.25 0.5625 0.5 0.5 0.25 0.5625 0.5 0.5 0.5 0.375 0 0.4375 0 0.4375 0.25 0.375 0 0.4375 0.25 0.375 0.25 0.4375 0 0.5 0 0.5 0.25 0.4375 0 0.5 0.25 0.4375 0.25 0.5 0 0.5625 0 0.5625 0.25 0.5 0 0.5625 0.25 0.5 0.25 0.5625 0 0.625 0 0.625 0.25 0.5625 0 0.625 0.25 0.5625 0.25 0.5625 0.25 0.625 0.25 0.625 0.5 0.5625 0.25 0.625 0.5 0.5625 0.5 0.5625 0.5 0.625 0.5 0.625 0.75 0.5625 0.5 0.625 0.75 0.5625 0.75 0.5625 0.75 0.625 0.75 0.625 1 0.5625 0.75 0.625 1 0.5625 1 0.125 0.5 0.375 0.5 0.375 0.75 0.125 0.5 0.375 0.75 0.125 0.75 0.625 0.5 0.875 0.5 0.875 0.75 0.625 0.5 0.875 0.75 0.625 0.75 0.375 0.75 0.4375 0.75 0.4375 1 0.375 0.75 0.4375 1 0.375 1 0.4375 0.75 0.5 0.75 0.5 1 0.4375 0.75 0.5 1 0.4375 1 0.5 0.75 0.5625 0.75 0.5625 1 0.5 0.75 0.5625 1 0.5 1 0.375 0.5 0.4375 0.5 0.4375 0.75 0.375 0.5 0.4375 0.75 0.375 0.75 0.4375 0.5 0.5 0.5 0.5 0.75 0.4375 0.5 0.5 0.75 0.4375 0.75 0.5 0.5 0.5625 0.5 0.5625 0.75 0.5 0.5 0.5625 0.75 0.5 0.75 0.375 0.25 0.4375 0.25 0.4375 0.5 0.375 0.25 0.4375 0.5 0.375 0.5 0.4375 0.25 0.5 0.25 0.5 0.5 0.4375 0.25 0.5 0.5 0.4375 0.5 0.5 0.25 0.5625 0.25 0.5625 0.5 0.5 0.25 0.5625 0.5 0.5 0.5 0.375 0 0.4375 0 0.4375 0.25 0.375 0 0.4375 0.25 0.375 0.25 0.4375 0 0.5 0 0.5 0.25 0.4375 0 0.5 0.25 0.4375 0.25 0.5 0 0.5625 0 0.5625 0.25 0.5 0 0.5625 0.25 0.5 0.25 0.5625 0 0.625 0 0.625 0.25 0.5625 0 0.625 0.25 0.5625 0.25 0.5625 0.25 0.625 0.25 0.625 0.5 0.5625 0.25 0.625 0.5 0.5625 0.5 0.5625 0.5 0.625 0.5 0.625 0.75 0.5625 0.5 0.625 0.75 0.5625 0.75 0.5625 0.75 0.625 0.75 0.625 1 0.5625 0.75 0.625 1 0.5625 1 0.125 0.5 0.375 0.5 0.375 0.75 0.125 0.5 0.375 0.75 0.125 0.75 0.625 0.5 0.875 0.5 0.875 0.75 0.625 0.5 0.875 0.75 0.625 0.75 0.375 0.75 0.4375 0.75 0.4375 1 0.375 0.75 0.4375 1 0.375 1 0.4375 0.75 0.5 0.75 0.5 1 0.4375 0.75 0.5 1 0.4375 1 0.5 0.75 0.5625 0.75 0.5625 1 0.5 0.75 0.5625 1 0.5 1 0.375 0.5 0.4375 0.5 0.4375 0.75 0.375 0.5 0.4375 0.75 0.375 0.75 0.4375 0.5 0.5 0.5 0.5 0.75 0.4375 0.5 0.5 0.75 0.4375 0.75 0.5 0.5 0.5625 0.5 0.5625 0.75 0.5 0.5 0.5625 0.75 0.5 0.75 0.375 0.25 0.4375 0.25 0.4375 0.5 0.375 0.25 0.4375 0.5 0.375 0.5 0.4375 0.25 0.5 0.25 0.5 0.5 0.4375 0.25 0.5 0.5 0.4375 0.5 0.5 0.25 0.5625 0.25 0.5625 0.5 0.5 0.25 0.5625 0.5 0.5 0.5 0.375 0 0.4375 0 0.4375 0.25 0.375 0 0.4375 0.25 0.375 0.25 0.4375 0 0.5 0 0.5 0.25 0.4375 0 0.5 0.25 0.4375 0.25 0.5 0 0.5625 0 0.5625 0.25 0.5 0 0.5625 0.25 0.5 0.25 0.5625 0 0.625 0 0.625 0.25 0.5625 0 0.625 0.25 0.5625 0.25 0.5625 0.25 0.625 0.25 0.625 0.5 0.5625 0.25 0.625 0.5 0.5625 0.5 0.5625 0.5 0.625 0.5 0.625 0.75 0.5625 0.5 0.625 0.75 0.5625 0.75 0.5625 0.75 0.625 0.75 0.625 1 0.5625 0.75 0.625 1 0.5625 1 0.125 0.5 0.375 0.5 0.375 0.75 0.125 0.5 0.375 0.75 0.125 0.75 0.625 0.5 0.875 0.5 0.875 0.75 0.625 0.5 0.875 0.75 0.625 0.75 0.375 0.75 0.4375 0.75 0.4375 1 0.375 0.75 0.4375 1 0.375 1 0.4375 0.75 0.5 0.75 0.5 1 0.4375 0.75 0.5 1 0.4375 1 0.5 0.75 0.5625 0.75 0.5625 1 0.5 0.75 0.5625 1 0.5 1 0.375 0.5 0.4375 0.5 0.4375 0.75 0.375 0.5 0.4375 0.75 0.375 0.75 0.4375 0.5 0.5 0.5 0.5 0.75 0.4375 0.5 0.5 0.75 0.4375 0.75 0.5 0.5 0.5625 0.5 0.5625 0.75 0.5 0.5 0.5625 0.75 0.5 0.75 0.375 0.25 0.4375 0.25 0.4375 0.5 0.375 0.25 0.4375 0.5 0.375 0.5 0.4375 0.25 0.5 0.25 0.5 0.5 0.4375 0.25 0.5 0.5 0.4375 0.5 0.5 0.25 0.5625 0.25 0.5625 0.5 0.5 0.25 0.5625 0.5 0.5 0.5 0.375 0 0.4375 0 0.4375 0.25 0.375 0 0.4375 0.25 0.375 0.25 0.4375 0 0.5 0 0.5 0.25 0.4375 0 0.5 0.25 0.4375 0.25 0.5 0 0.5625 0 0.5625 0.25 0.5 0 0.5625 0.25 0.5 0.25 0.5625 0 0.625 0 0.625 0.25 0.5625 0 0.625 0.25 0.5625 0.25 0.5625 0.25 0.625 0.25 0.625 0.5 0.5625 0.25 0.625 0.5 0.5625 0.5 0.5625 0.5 0.625 0.5 0.625 0.75 0.5625 0.5 0.625 0.75 0.5625 0.75 0.5625 0.75 0.625 0.75 0.625 1 0.5625 0.75 0.625 1 0.5625 1 0.125 0.5 0.375 0.5 0.375 0.75 0.125 0.5 0.375 0.75 0.125 0.75 0.625 0.5 0.875 0.5 0.875 0.75 0.625 0.5 0.875 0.75 0.625 0.75 0.375 0.75 0.4375 0.75 0.4375 1 0.375 0.75 0.4375 1 0.375 1 0.4375 0.75 0.5 0.75 0.5 1 0.4375 0.75 0.5 1 0.4375 1 0.5 0.75 0.5625 0.75 0.5625 1 0.5 0.75 0.5625 1 0.5 1 0.375 0.5 0.4375 0.5 0.4375 0.75 0.375 0.5 0.4375 0.75 0.375 0.75 0.4375 0.5 0.5 0.5 0.5 0.75 0.4375 0.5 0.5 0.75 0.4375 0.75 0.5 0.5 0.5625 0.5 0.5625 0.75 0.5 0.5 0.5625 0.75 0.5 0.75 0.375 0.25 0.4375 0.25 0.4375 0.5 0.375 0.25 0.4375 0.5 0.375 0.5 0.4375 0.25 0.5 0.25 0.5 0.5 0.4375 0.25 0.5 0.5 0.4375 0.5 0.5 0.25 0.5625 0.25 0.5625 0.5 0.5 0.25 0.5625 0.5 0.5 0.5 0.375 0 0.4375 0 0.4375 0.25 0.375 0 0.4375 0.25 0.375 0.25 0.4375 0 0.5 0 0.5 0.25 0.4375 0 0.5 0.25 0.4375 0.25 0.5 0 0.5625 0 0.5625 0.25 0.5 0 0.5625 0.25 0.5 0.25 0.5625 0 0.625 0 0.625 0.25 0.5625 0 0.625 0.25 0.5625 0.25 0.5625 0.25 0.625 0.25 0.625 0.5 0.5625 0.25 0.625 0.5 0.5625 0.5 0.5625 0.5 0.625 0.5 0.625 0.75 0.5625 0.5 0.625 0.75 0.5625 0.75 0.5625 0.75 0.625 0.75 0.625 1 0.5625 0.75 0.625 1 0.5625 1 0.125 0.5 0.375 0.5 0.375 0.75 0.125 0.5 0.375 0.75 0.125 0.75 0.625 0.5 0.875 0.5 0.875 0.75 0.625 0.5 0.875 0.75 0.625 0.75 0.375 0.75 0.4375 0.75 0.4375 1 0.375 0.75 0.4375 1 0.375 1 0.4375 0.75 0.5 0.75 0.5 1 0.4375 0.75 0.5 1 0.4375 1 0.5 0.75 0.5625 0.75 0.5625 1 0.5 0.75 0.5625 1 0.5 1 0.375 0.5 0.4375 0.5 0.4375 0.75 0.375 0.5 0.4375 0.75 0.375 0.75 0.4375 0.5 0.5 0.5 0.5 0.75 0.4375 0.5 0.5 0.75 0.4375 0.75 0.5 0.5 0.5625 0.5 0.5625 0.75 0.5 0.5 0.5625 0.75 0.5 0.75 0.375 0.25 0.4375 0.25 0.4375 0.5 0.375 0.25 0.4375 0.5 0.375 0.5 0.4375 0.25 0.5 0.25 0.5 0.5 0.4375 0.25 0.5 0.5 0.4375 0.5 0.5 0.25 0.5625 0.25 0.5625 0.5 0.5 0.25 0.5625 0.5 0.5 0.5 0.375 0 0.4375 0 0.4375 0.25 0.375 0 0.4375 0.25 0.375 0.25 0.4375 0 0.5 0 0.5 0.25 0.4375 0 0.5 0.25 0.4375 0.25 0.5 0 0.5625 0 0.5625 0.25 0.5 0 0.5625 0.25 0.5 0.25 0.5625 0 0.625 0 0.625 0.25 0.5625 0 0.625 0.25 0.5625 0.25 0.5625 0.25 0.625 0.25 0.625 0.5 0.5625 0.25 0.625 0.5 0.5625 0.5 0.5625 0.5 0.625 0.5 0.625 0.75 0.5625 0.5 0.625 0.75 0.5625 0.75 0.5625 0.75 0.625 0.75 0.625 1 0.5625 0.75 0.625 1 0.5625 1 0.125 0.5 0.375 0.5 0.375 0.75 0.125 0.5 0.375 0.75 0.125 0.75 0.625 0.5 0.875 0.5 0.875 0.75 0.625 0.5 0.875 0.75 0.625 0.75 0.375 0.75 0.4375 0.75 0.4375 1 0.375 0.75 0.4375 1 0.375 1 0.4375 0.75 0.5 0.75 0.5 1 0.4375 0.75 0.5 1 0.4375 1 0.5 0.75 0.5625 0.75 0.5625 1 0.5 0.75 0.5625 1 0.5 1 0.375 0.5 0.4375 0.5 0.4375 0.75 0.375 0.5 0.4375 0.75 0.375 0.75 0.4375 0.5 0.5 0.5 0.5 0.75 0.4375 0.5 0.5 0.75 0.4375 0.75 0.5 0.5 0.5625 0.5 0.5625 0.75 0.5 0.5 0.5625 0.75 0.5 0.75 0.375 0.25 0.4375 0.25 0.4375 0.5 0.375 0.25 0.4375 0.5 0.375 0.5 0.4375 0.25 0.5 0.25 0.5 0.5 0.4375 0.25 0.5 0.5 0.4375 0.5 0.5 0.25 0.5625 0.25 0.5625 0.5 0.5 0.25 0.5625 0.5 0.5 0.5 0.375 0 0.4375 0 0.4375 0.25 0.375 0 0.4375 0.25 0.375 0.25 0.4375 0 0.5 0 0.5 0.25 0.4375 0 0.5 0.25 0.4375 0.25 0.5 0 0.5625 0 0.5625 0.25 0.5 0 0.5625 0.25 0.5 0.25 0.5625 0 0.625 0 0.625 0.25 0.5625 0 0.625 0.25 0.5625 0.25 0.5625 0.25 0.625 0.25 0.625 0.5 0.5625 0.25 0.625 0.5 0.5625 0.5 0.5625 0.5 0.625 0.5 0.625 0.75 0.5625 0.5 0.625 0.75 0.5625 0.75 0.5625 0.75 0.625 0.75 0.625 1 0.5625 0.75 0.625 1 0.5625 1 0.125 0.5 0.375 0.5 0.375 0.75 0.125 0.5 0.375 0.75 0.125 0.75 0.625 0.5 0.875 0.5 0.875 0.75 0.625 0.5 0.875 0.75 0.625 0.75 0.375 0.75 0.4375 0.75 0.4375 1 0.375 0.75 0.4375 1 0.375 1 0.4375 0.75 0.5 0.75 0.5 1 0.4375 0.75 0.5 1 0.4375 1 0.5 0.75 0.5625 0.75 0.5625 1 0.5 0.75 0.5625 1 0.5 1 0.375 0.5 0.4375 0.5 0.4375 0.75 0.375 0.5 0.4375 0.75 0.375 0.75 0.4375 0.5 0.5 0.5 0.5 0.75 0.4375 0.5 0.5 0.75 0.4375 0.75 0.5 0.5 0.5625 0.5 0.5625 0.75 0.5 0.5 0.5625 0.75 0.5 0.75 0.375 0.25 0.4375 0.25 0.4375 0.5 0.375 0.25 0.4375 0.5 0.375 0.5 0.4375 0.25 0.5 0.25 0.5 0.5 0.4375 0.25 0.5 0.5 0.4375 0.5 0.5 0.25 0.5625 0.25 0.5625 0.5 0.5 0.25 0.5625 0.5 0.5 0.5 0.375 0 0.4375 0 0.4375 0.25 0.375 0 0.4375 0.25 0.375 0.25 0.4375 0 0.5 0 0.5 0.25 0.4375 0 0.5 0.25 0.4375 0.25 0.5 0 0.5625 0 0.5625 0.25 0.5 0 0.5625 0.25 0.5 0.25 0.5625 0 0.625 0 0.625 0.25 0.5625 0 0.625 0.25 0.5625 0.25 0.5625 0.25 0.625 0.25 0.625 0.5 0.5625 0.25 0.625 0.5 0.5625 0.5 0.5625 0.5 0.625 0.5 0.625 0.75 0.5625 0.5 0.625 0.75 0.5625 0.75 0.5625 0.75 0.625 0.75 0.625 1 0.5625 0.75 0.625 1 0.5625 1 0.125 0.5 0.375 0.5 0.375 0.75 0.125 0.5 0.375 0.75 0.125 0.75 0.625 0.5 0.875 0.5 0.875 0.75 0.625 0.5 0.875 0.75 0.625 0.75 0.375 0.75 0.4375 0.75 0.4375 1 0.375 0.75 0.4375 1 0.375 1 0.4375 0.75 0.5 0.75 0.5 1 0.4375 0.75 0.5 1 0.4375 1 0.5 0.75 0.5625 0.75 0.5625 1 0.5 0.75 0.5625 1 0.5 1 0.375 0.5 0.4375 0.5 0.4375 0.75 0.375 0.5 0.4375 0.75 0.375 0.75 0.4375 0.5 0.5 0.5 0.5 0.75 0.4375 0.5 0.5 0.75 0.4375 0.75 0.5 0.5 0.5625 0.5 0.5625 0.75 0.5 0.5 0.5625 0.75 0.5 0.75 0.375 0.25 0.4375 0.25 0.4375 0.5 0.375 0.25 0.4375 0.5 0.375 0.5 0.4375 0.25 0.5 0.25 0.5 0.5 0.4375 0.25 0.5 0.5 0.4375 0.5 0.5 0.25 0.5625 0.25 0.5625 0.5 0.5 0.25 0.5625 0.5 0.5 0.5 0.375 0 0.4375 0 0.4375 0.25 0.375 0 0.4375 0.25 0.375 0.25 0.4375 0 0.5 0 0.5 0.25 0.4375 0 0.5 0.25 0.4375 0.25 0.5 0 0.5625 0 0.5625 0.25 0.5 0 0.5625 0.25 0.5 0.25 0.5625 0 0.625 0 0.625 0.25 0.5625 0 0.625 0.25 0.5625 0.25 0.5625 0.25 0.625 0.25 0.625 0.5 0.5625 0.25 0.625 0.5 0.5625 0.5 0.5625 0.5 0.625 0.5 0.625 0.75 0.5625 0.5 0.625 0.75 0.5625 0.75 0.5625 0.75 0.625 0.75 0.625 1 0.5625 0.75 0.625 1 0.5625 1 0.125 0.5 0.375 0.5 0.375 0.75 0.125 0.5 0.375 0.75 0.125 0.75 0.625 0.5 0.875 0.5 0.875 0.75 0.625 0.5 0.875 0.75 0.625 0.75 0.375 0.75 0.4375 0.75 0.4375 1 0.375 0.75 0.4375 1 0.375 1 0.4375 0.75 0.5 0.75 0.5 1 0.4375 0.75 0.5 1 0.4375 1 0.5 0.75 0.5625 0.75 0.5625 1 0.5 0.75 0.5625 1 0.5 1 0.375 0.5 0.4375 0.5 0.4375 0.75 0.375 0.5 0.4375 0.75 0.375 0.75 0.4375 0.5 0.5 0.5 0.5 0.75 0.4375 0.5 0.5 0.75 0.4375 0.75 0.5 0.5 0.5625 0.5 0.5625 0.75 0.5 0.5 0.5625 0.75 0.5 0.75 0.375 0.25 0.4375 0.25 0.4375 0.5 0.375 0.25 0.4375 0.5 0.375 0.5 0.4375 0.25 0.5 0.25 0.5 0.5 0.4375 0.25 0.5 0.5 0.4375 0.5 0.5 0.25 0.5625 0.25 0.5625 0.5 0.5 0.25 0.5625 0.5 0.5 0.5 0.375 0 0.4375 0 0.4375 0.25 0.375 0 0.4375 0.25 0.375 0.25 0.4375 0 0.5 0 0.5 0.25 0.4375 0 0.5 0.25 0.4375 0.25 0.5 0 0.5625 0 0.5625 0.25 0.5 0 0.5625 0.25 0.5 0.25 0.5625 0 0.625 0 0.625 0.25 0.5625 0 0.625 0.25 0.5625 0.25 0.5625 0.25 0.625 0.25 0.625 0.5 0.5625 0.25 0.625 0.5 0.5625 0.5 0.5625 0.5 0.625 0.5 0.625 0.75 0.5625 0.5 0.625 0.75 0.5625 0.75 0.5625 0.75 0.625 0.75 0.625 1 0.5625 0.75 0.625 1 0.5625 1 0.125 0.5 0.375 0.5 0.375 0.75 0.125 0.5 0.375 0.75 0.125 0.75 0.625 0.5 0.875 0.5 0.875 0.75 0.625 0.5 0.875 0.75 0.625 0.75 0.375 0.75 0.4375 0.75 0.4375 1 0.375 0.75 0.4375 1 0.375 1 0.4375 0.75 0.5 0.75 0.5 1 0.4375 0.75 0.5 1 0.4375 1 0.5 0.75 0.5625 0.75 0.5625 1 0.5 0.75 0.5625 1 0.5 1 0.375 0.5 0.4375 0.5 0.4375 0.75 0.375 0.5 0.4375 0.75 0.375 0.75 0.4375 0.5 0.5 0.5 0.5 0.75 0.4375 0.5 0.5 0.75 0.4375 0.75 0.5 0.5 0.5625 0.5 0.5625 0.75 0.5 0.5 0.5625 0.75 0.5 0.75 0.375 0.25 0.4375 0.25 0.4375 0.5 0.375 0.25 0.4375 0.5 0.375 0.5 0.4375 0.25 0.5 0.25 0.5 0.5 0.4375 0.25 0.5 0.5 0.4375 0.5 0.5 0.25 0.5625 0.25 0.5625 0.5 0.5 0.25 0.5625 0.5 0.5 0.5 0.375 0 0.4375 0 0.4375 0.25 0.375 0 0.4375 0.25 0.375 0.25 0.4375 0 0.5 0 0.5 0.25 0.4375 0 0.5 0.25 0.4375 0.25 0.5 0 0.5625 0 0.5625 0.25 0.5 0 0.5625 0.25 0.5 0.25 0.5625 0 0.625 0 0.625 0.25 0.5625 0 0.625 0.25 0.5625 0.25 0.5625 0.25 0.625 0.25 0.625 0.5 0.5625 0.25 0.625 0.5 0.5625 0.5 0.5625 0.5 0.625 0.5 0.625 0.75 0.5625 0.5 0.625 0.75 0.5625 0.75 0.5625 0.75 0.625 0.75 0.625 1 0.5625 0.75 0.625 1 0.5625 1 0.125 0.5 0.375 0.5 0.375 0.75 0.125 0.5 0.375 0.75 0.125 0.75 0.625 0.5 0.875 0.5 0.875 0.75 0.625 0.5 0.875 0.75 0.625 0.75 0.375 0.75 0.4375 0.75 0.4375 1 0.375 0.75 0.4375 1 0.375 1 0.4375 0.75 0.5 0.75 0.5 1 0.4375 0.75 0.5 1 0.4375 1 0.5 0.75 0.5625 0.75 0.5625 1 0.5 0.75 0.5625 1 0.5 1 0.375 0.5 0.4375 0.5 0.4375 0.75 0.375 0.5 0.4375 0.75 0.375 0.75 0.4375 0.5 0.5 0.5 0.5 0.75 0.4375 0.5 0.5 0.75 0.4375 0.75 0.5 0.5 0.5625 0.5 0.5625 0.75 0.5 0.5 0.5625 0.75 0.5 0.75 0.375 0.25 0.4375 0.25 0.4375 0.5 0.375 0.25 0.4375 0.5 0.375 0.5 0.4375 0.25 0.5 0.25 0.5 0.5 0.4375 0.25 0.5 0.5 0.4375 0.5 0.5 0.25 0.5625 0.25 0.5625 0.5 0.5 0.25 0.5625 0.5 0.5 0.5 0.375 0 0.4375 0 0.4375 0.25 0.375 0 0.4375 0.25 0.375 0.25 0.4375 0 0.5 0 0.5 0.25 0.4375 0 0.5 0.25 0.4375 0.25 0.5 0 0.5625 0 0.5625 0.25 0.5 0 0.5625 0.25 0.5 0.25 0.5625 0 0.625 0 0.625 0.25 0.5625 0 0.625 0.25 0.5625 0.25 0.5625 0.25 0.625 0.25 0.625 0.5 0.5625 0.25 0.625 0.5 0.5625 0.5 0.5625 0.5 0.625 0.5 0.625 0.75 0.5625 0.5 0.625 0.75 0.5625 0.75 0.5625 0.75 0.625 0.75 0.625 1 0.5625 0.75 0.625 1 0.5625 1 0.125 0.5 0.375 0.5 0.375 0.75 0.125 0.5 0.375 0.75 0.125 0.75 0.625 0.5 0.875 0.5 0.875 0.75 0.625 0.5 0.875 0.75 0.625 0.75 0.375 0.75 0.4375 0.75 0.4375 1 0.375 0.75 0.4375 1 0.375 1 0.4375 0.75 0.5 0.75 0.5 1 0.4375 0.75 0.5 1 0.4375 1 0.5 0.75 0.5625 0.75 0.5625 1 0.5 0.75 0.5625 1 0.5 1 0.375 0.5 0.4375 0.5 0.4375 0.75 0.375 0.5 0.4375 0.75 0.375 0.75 0.4375 0.5 0.5 0.5 0.5 0.75 0.4375 0.5 0.5 0.75 0.4375 0.75 0.5 0.5 0.5625 0.5 0.5625 0.75 0.5 0.5 0.5625 0.75 0.5 0.75 0.375 0.25 0.4375 0.25 0.4375 0.5 0.375 0.25 0.4375 0.5 0.375 0.5 0.4375 0.25 0.5 0.25 0.5 0.5 0.4375 0.25 0.5 0.5 0.4375 0.5 0.5 0.25 0.5625 0.25 0.5625 0.5 0.5 0.25 0.5625 0.5 0.5 0.5 0.375 0 0.4375 0 0.4375 0.25 0.375 0 0.4375 0.25 0.375 0.25 0.4375 0 0.5 0 0.5 0.25 0.4375 0 0.5 0.25 0.4375 0.25 0.5 0 0.5625 0 0.5625 0.25 0.5 0 0.5625 0.25 0.5 0.25 0.5625 0 0.625 0 0.625 0.25 0.5625 0 0.625 0.25 0.5625 0.25 0.5625 0.25 0.625 0.25 0.625 0.5 0.5625 0.25 0.625 0.5 0.5625 0.5 0.5625 0.5 0.625 0.5 0.625 0.75 0.5625 0.5 0.625 0.75 0.5625 0.75 0.5625 0.75 0.625 0.75 0.625 1 0.5625 0.75 0.625 1 0.5625 1 0.125 0.5 0.375 0.5 0.375 0.75 0.125 0.5 0.375 0.75 0.125 0.75 0.625 0.5 0.875 0.5 0.875 0.75 0.625 0.5 0.875 0.75 0.625 0.75 0.375 0.75 0.4375 0.75 0.4375 1 0.375 0.75 0.4375 1 0.375 1 0.4375 0.75 0.5 0.75 0.5 1 0.4375 0.75 0.5 1 0.4375 1 0.5 0.75 0.5625 0.75 0.5625 1 0.5 0.75 0.5625 1 0.5 1 0.375 0.5 0.4375 0.5 0.4375 0.75 0.375 0.5 0.4375 0.75 0.375 0.75 0.4375 0.5 0.5 0.5 0.5 0.75 0.4375 0.5 0.5 0.75 0.4375 0.75 0.5 0.5 0.5625 0.5 0.5625 0.75 0.5 0.5 0.5625 0.75 0.5 0.75 0.375 0.25 0.4375 0.25 0.4375 0.5 0.375 0.25 0.4375 0.5 0.375 0.5 0.4375 0.25 0.5 0.25 0.5 0.5 0.4375 0.25 0.5 0.5 0.4375 0.5 0.5 0.25 0.5625 0.25 0.5625 0.5 0.5 0.25 0.5625 0.5 0.5 0.5 0.375 0 0.4375 0 0.4375 0.25 0.375 0 0.4375 0.25 0.375 0.25 0.4375 0 0.5 0 0.5 0.25 0.4375 0 0.5 0.25 0.4375 0.25 0.5 0 0.5625 0 0.5625 0.25 0.5 0 0.5625 0.25 0.5 0.25 0.5625 0 0.625 0 0.625 0.25 0.5625 0 0.625 0.25 0.5625 0.25 0.5625 0.25 0.625 0.25 0.625 0.5 0.5625 0.25 0.625 0.5 0.5625 0.5 0.5625 0.5 0.625 0.5 0.625 0.75 0.5625 0.5 0.625 0.75 0.5625 0.75 0.5625 0.75 0.625 0.75 0.625 1 0.5625 0.75 0.625 1 0.5625 1 0.125 0.5 0.375 0.5 0.375 0.75 0.125 0.5 0.375 0.75 0.125 0.75 0.625 0.5 0.875 0.5 0.875 0.75 0.625 0.5 0.875 0.75 0.625 0.75 0.375 0.75 0.4375 0.75 0.4375 1 0.375 0.75 0.4375 1 0.375 1 0.4375 0.75 0.5 0.75 0.5 1 0.4375 0.75 0.5 1 0.4375 1 0.5 0.75 0.5625 0.75 0.5625 1 0.5 0.75 0.5625 1 0.5 1 0.375 0.5 0.4375 0.5 0.4375 0.75 0.375 0.5 0.4375 0.75 0.375 0.75 0.4375 0.5 0.5 0.5 0.5 0.75 0.4375 0.5 0.5 0.75 0.4375 0.75 0.5 0.5 0.5625 0.5 0.5625 0.75 0.5 0.5 0.5625 0.75 0.5 0.75 0.375 0.25 0.4375 0.25 0.4375 0.5 0.375 0.25 0.4375 0.5 0.375 0.5 0.4375 0.25 0.5 0.25 0.5 0.5 0.4375 0.25 0.5 0.5 0.4375 0.5 0.5 0.25 0.5625 0.25 0.5625 0.5 0.5 0.25 0.5625 0.5 0.5 0.5 0.375 0 0.4375 0 0.4375 0.25 0.375 0 0.4375 0.25 0.375 0.25 0.4375 0 0.5 0 0.5 0.25 0.4375 0 0.5 0.25 0.4375 0.25 0.5 0 0.5625 0 0.5625 0.25 0.5 0 0.5625 0.25 0.5 0.25 0.5625 0 0.625 0 0.625 0.25 0.5625 0 0.625 0.25 0.5625 0.25 0.5625 0.25 0.625 0.25 0.625 0.5 0.5625 0.25 0.625 0.5 0.5625 0.5 0.5625 0.5 0.625 0.5 0.625 0.75 0.5625 0.5 0.625 0.75 0.5625 0.75 0.5625 0.75 0.625 0.75 0.625 1 0.5625 0.75 0.625 1 0.5625 1 0.125 0.5 0.375 0.5 0.375 0.75 0.125 0.5 0.375 0.75 0.125 0.75 0.625 0.5 0.875 0.5 0.875 0.75 0.625 0.5 0.875 0.75 0.625 0.75 0.375 0.75 0.4375 0.75 0.4375 1 0.375 0.75 0.4375 1 0.375 1 0.4375 0.75 0.5 0.75 0.5 1 0.4375 0.75 0.5 1 0.4375 1 0.5 0.75 0.5625 0.75 0.5625 1 0.5 0.75 0.5625 1 0.5 1 0.375 0.5 0.4375 0.5 0.4375 0.75 0.375 0.5 0.4375 0.75 0.375 0.75 0.4375 0.5 0.5 0.5 0.5 0.75 0.4375 0.5 0.5 0.75 0.4375 0.75 0.5 0.5 0.5625 0.5 0.5625 0.75 0.5 0.5 0.5625 0.75 0.5 0.75 0.375 0.25 0.4375 0.25 0.4375 0.5 0.375 0.25 0.4375 0.5 0.375 0.5 0.4375 0.25 0.5 0.25 0.5 0.5 0.4375 0.25 0.5 0.5 0.4375 0.5 0.5 0.25 0.5625 0.25 0.5625 0.5 0.5 0.25 0.5625 0.5 0.5 0.5 0.375 0 0.4375 0 0.4375 0.25 0.375 0 0.4375 0.25 0.375 0.25 0.4375 0 0.5 0 0.5 0.25 0.4375 0 0.5 0.25 0.4375 0.25 0.5 0 0.5625 0 0.5625 0.25 0.5 0 0.5625 0.25 0.5 0.25 0.5625 0 0.625 0 0.625 0.25 0.5625 0 0.625 0.25 0.5625 0.25 0.5625 0.25 0.625 0.25 0.625 0.5 0.5625 0.25 0.625 0.5 0.5625 0.5 0.5625 0.5 0.625 0.5 0.625 0.75 0.5625 0.5 0.625 0.75 0.5625 0.75 0.5625 0.75 0.625 0.75 0.625 1 0.5625 0.75 0.625 1 0.5625 1 0.125 0.5 0.375 0.5 0.375 0.75 0.125 0.5 0.375 0.75 0.125 0.75 0.625 0.5 0.875 0.5 0.875 0.75 0.625 0.5 0.875 0.75 0.625 0.75 0.375 0.75 0.4375 0.75 0.4375 1 0.375 0.75 0.4375 1 0.375 1 0.4375 0.75 0.5 0.75 0.5 1 0.4375 0.75 0.5 1 0.4375 1 0.5 0.75 0.5625 0.75 0.5625 1 0.5 0.75 0.5625 1 0.5 1 0.375 0.5 0.4375 0.5 0.4375 0.75 0.375 0.5 0.4375 0.75 0.375 0.75 0.4375 0.5 0.5 0.5 0.5 0.75 0.4375 0.5 0.5 0.75 0.4375 0.75 0.5 0.5 0.5625 0.5 0.5625 0.75 0.5 0.5 0.5625 0.75 0.5 0.75 0.375 0.25 0.4375 0.25 0.4375 0.5 0.375 0.25 0.4375 0.5 0.375 0.5 0.4375 0.25 0.5 0.25 0.5 0.5 0.4375 0.25 0.5 0.5 0.4375 0.5 0.5 0.25 0.5625 0.25 0.5625 0.5 0.5 0.25 0.5625 0.5 0.5 0.5 0.375 0 0.4375 0 0.4375 0.25 0.375 0 0.4375 0.25 0.375 0.25 0.4375 0 0.5 0 0.5 0.25 0.4375 0 0.5 0.25 0.4375 0.25 0.5 0 0.5625 0 0.5625 0.25 0.5 0 0.5625 0.25 0.5 0.25 0.5625 0 0.625 0 0.625 0.25 0.5625 0 0.625 0.25 0.5625 0.25 0.5625 0.25 0.625 0.25 0.625 0.5 0.5625 0.25 0.625 0.5 0.5625 0.5 0.5625 0.5 0.625 0.5 0.625 0.75 0.5625 0.5 0.625 0.75 0.5625 0.75 0.5625 0.75 0.625 0.75 0.625 1 0.5625 0.75 0.625 1 0.5625 1 0.125 0.5 0.375 0.5 0.375 0.75 0.125 0.5 0.375 0.75 0.125 0.75 0.625 0.5 0.875 0.5 0.875 0.75 0.625 0.5 0.875 0.75 0.625 0.75 0.375 0.75 0.4375 0.75 0.4375 1 0.375 0.75 0.4375 1 0.375 1 0.4375 0.75 0.5 0.75 0.5 1 0.4375 0.75 0.5 1 0.4375 1 0.5 0.75 0.5625 0.75 0.5625 1 0.5 0.75 0.5625 1 0.5 1 0.375 0.5 0.4375 0.5 0.4375 0.75 0.375 0.5 0.4375 0.75 0.375 0.75 0.4375 0.5 0.5 0.5 0.5 0.75 0.4375 0.5 0.5 0.75 0.4375 0.75 0.5 0.5 0.5625 0.5 0.5625 0.75 0.5 0.5 0.5625 0.75 0.5 0.75 0.375 0.25 0.4375 0.25 0.4375 0.5 0.375 0.25 0.4375 0.5 0.375 0.5 0.4375 0.25 0.5 0.25 0.5 0.5 0.4375 0.25 0.5 0.5 0.4375 0.5 0.5 0.25 0.5625 0.25 0.5625 0.5 0.5 0.25 0.5625 0.5 0.5 0.5 0.375 0 0.4375 0 0.4375 0.25 0.375 0 0.4375 0.25 0.375 0.25 0.4375 0 0.5 0 0.5 0.25 0.4375 0 0.5 0.25 0.4375 0.25 0.5 0 0.5625 0 0.5625 0.25 0.5 0 0.5625 0.25 0.5 0.25 0.5625 0 0.625 0 0.625 0.25 0.5625 0 0.625 0.25 0.5625 0.25 0.5625 0.25 0.625 0.25 0.625 0.5 0.5625 0.25 0.625 0.5 0.5625 0.5 0.5625 0.5 0.625 0.5 0.625 0.75 0.5625 0.5 0.625 0.75 0.5625 0.75 0.5625 0.75 0.625 0.75 0.625 1 0.5625 0.75 0.625 1 0.5625 1 0.125 0.5 0.375 0.5 0.375 0.75 0.125 0.5 0.375 0.75 0.125 0.75 0.625 0.5 0.875 0.5 0.875 0.75 0.625 0.5 0.875 0.75 0.625 0.75 0.375 0.75 0.4375 0.75 0.4375 1 0.375 0.75 0.4375 1 0.375 1 0.4375 0.75 0.5 0.75 0.5 1 0.4375 0.75 0.5 1 0.4375 1 0.5 0.75 0.5625 0.75 0.5625 1 0.5 0.75 0.5625 1 0.5 1 0.375 0.5 0.4375 0.5 0.4375 0.75 0.375 0.5 0.4375 0.75 0.375 0.75 0.4375 0.5 0.5 0.5 0.5 0.75 0.4375 0.5 0.5 0.75 0.4375 0.75 0.5 0.5 0.5625 0.5 0.5625 0.75 0.5 0.5 0.5625 0.75 0.5 0.75 0.375 0.25 0.4375 0.25 0.4375 0.5 0.375 0.25 0.4375 0.5 0.375 0.5 0.4375 0.25 0.5 0.25 0.5 0.5 0.4375 0.25 0.5 0.5 0.4375 0.5 0.5 0.25 0.5625 0.25 0.5625 0.5 0.5 0.25 0.5625 0.5 0.5 0.5 0.375 0 0.4375 0 0.4375 0.25 0.375 0 0.4375 0.25 0.375 0.25 0.4375 0 0.5 0 0.5 0.25 0.4375 0 0.5 0.25 0.4375 0.25 0.5 0 0.5625 0 0.5625 0.25 0.5 0 0.5625 0.25 0.5 0.25</float_array>
          <technique_common>
            <accessor source="#Cube_007-mesh-map-0-array" count="12096" stride="2">
              <param name="S" type="float"/>
              <param name="T" type="float"/>
            </accessor>
          </technique_common>
        </source>
        <vertices id="Cube_007-mesh-vertices">
          <input semantic="POSITION" source="#Cube_007-mesh-positions"/>
        </vertices>
        <triangles material="Material_018-material" count="4032">
          <input semantic="VERTEX" source="#Cube_007-mesh-vertices" offset="0"/>
          <input semantic="NORMAL" source="#Cube_007-mesh-normals" offset="1"/>
          <input semantic="TEXCOORD" source="#Cube_007-mesh-map-0" offset="2" set="0"/>
          <p>35 0 0 5 1 1 10 2 2 35 0 3 10 2 4 37 3 5 39 4 6 11 5 7 23 6 8 39 4 9 23 6 10 51 7 11 49 8 12 22 9 13 16 10 14 49 8 15 16 10 16 61 11 17 63 12 18 17 13 19 4 14 20 63 12 21 4 14 22 33 15 23 8 16 24 20 17 25 14 18 26 8 16 27 14 18 28 2 19 29 21 20 30 9 20 31 3 20 32 21 20 33 3 20 34 15 20 35 13 21 36 71 22 37 27 23 38 13 21 39 27 23 40 1 24 41 69 25 42 67 26 43 30 27 44 69 25 45 30 27 46 26 28 47 65 29 48 62 29 49 32 29 50 65 30 51 32 30 52 29 30 53 19 31 54 59 32 55 70 33 56 19 31 57 70 33 58 12 34 59 58 35 60 54 36 61 66 37 62 58 35 63 66 37 64 68 38 65 53 39 66 48 40 67 60 41 68 53 39 69 60 41 70 64 42 71 7 43 72 47 44 73 57 45 74 7 43 75 57 45 76 18 46 77 45 47 78 41 48 79 52 49 80 45 47 81 52 49 82 56 50 83 43 51 84 38 52 85 50 53 86 43 51 87 50 53 88 55 54 89 0 55 90 25 56 91 46 57 92 0 55 93 46 57 94 6 58 95 24 59 96 28 60 97 40 61 98 24 59 99 40 61 100 44 62 101 31 63 102 34 64 103 36 65 104 31 63 105 36 65 106 42 66 107 104 67 108 76 68 109 83 69 110 104 67 111 83 69 112 110 70 113 109 71 114 82 72 115 95 73 116 109 71 117 95 73 118 123 74 119 120 75 120 94 76 121 88 77 122 120 75 123 88 77 124 132 78 125 135 79 126 89 80 127 77 81 128 135 79 129 77 81 130 107 82 131 78 83 132 90 83 133 84 83 134 78 84 135 84 84 136 72 84 137 93 20 138 81 20 139 75 20 140 93 20 141 75 20 142 87 20 143 86 85 144 142 86 145 98 87 146 86 88 147 98 89 148 74 90 149 143 91 150 139 92 151 103 93 152 143 91 153 103 93 154 99 94 155 138 95 156 134 96 157 106 97 158 138 95 159 106 97 160 102 98 161 91 99 162 128 100 163 140 101 164 91 102 165 140 103 166 85 104 167 129 105 168 125 106 169 137 107 170 129 105 171 137 107 172 141 108 173 124 109 174 121 110 175 133 111 176 124 109 177 133 111 178 136 112 179 79 113 180 116 113 181 130 113 182 79 114 183 130 115 184 92 116 185 117 117 186 113 118 187 127 119 188 117 117 189 127 119 190 131 120 191 112 121 192 108 122 193 122 123 194 112 121 195 122 123 196 126 124 197 73 125 198 96 126 199 118 127 200 73 125 201 118 127 202 80 128 203 97 129 204 101 130 205 115 131 206 97 129 207 115 131 208 119 132 209 100 133 210 105 134 211 111 135 212 100 133 213 111 135 214 114 136 215 177 137 216 148 138 217 155 139 218 177 137 219 155 139 220 183 140 221 181 141 222 154 142 223 167 143 224 181 141 225 167 143 226 195 144 227 193 145 228 166 146 229 160 147 230 193 145 231 160 147 232 205 148 233 207 149 234 161 150 235 149 151 236 207 149 237 149 151 238 179 152 239 152 153 240 163 153 241 156 153 242 152 154 243 156 154 244 145 154 245 165 20 246 153 20 247 147 20 248 165 20 249 147 20 250 159 20 251 158 155 252 214 156 253 170 157 254 158 155 255 170 157 256 146 158 257 215 159 258 211 160 259 175 161 260 215 159 261 175 161 262 171 162 263 210 163 264 206 164 265 178 165 266 210 163 267 178 165 268 174 166 269 164 167 270 203 168 271 213 169 272 164 167 273 213 169 274 157 170 275 200 171 276 196 172 277 208 173 278 200 171 279 208 173 280 212 174 281 197 175 282 192 176 283 204 177 284 197 175 285 204 177 286 209 178 287 151 179 288 189 180 289 201 181 290 151 179 291 201 181 292 162 182 293 190 183 294 185 184 295 199 185 296 190 183 297 199 185 298 202 186 299 184 187 300 180 188 301 194 189 302 184 187 303 194 189 304 198 190 305 144 191 306 168 192 307 188 193 308 144 191 309 188 193 310 150 194 311 169 195 312 172 196 313 186 197 314 169 195 315 186 197 316 191 198 317 173 199 318 176 200 319 182 201 320 173 199 321 182 201 322 187 202 323 248 203 324 220 204 325 227 205 326 248 203 327 227 205 328 254 206 329 253 207 330 226 208 331 238 209 332 253 207 333 238 209 334 265 210 335 266 211 336 239 212 337 233 213 338 266 211 339 233 213 340 278 214 341 277 215 342 232 216 343 221 217 344 277 215 345 221 217 346 251 218 347 222 219 348 234 219 349 228 219 350 222 220 351 228 220 352 216 220 353 237 221 354 225 221 355 219 221 356 237 222 357 219 222 358 231 222 359 229 223 360 284 224 361 242 225 362 229 223 363 242 225 364 218 226 365 285 227 366 281 228 367 247 229 368 285 227 369 247 229 370 243 230 371 280 231 372 276 232 373 250 233 374 280 231 375 250 233 376 246 234 377 236 235 378 275 236 379 287 237 380 236 238 381 287 239 382 230 240 383 274 241 384 270 242 385 282 243 386 274 241 387 282 243 388 286 244 389 271 245 390 267 246 391 279 247 392 271 245 393 279 247 394 283 248 395 223 249 396 260 250 397 272 250 398 223 251 399 272 252 400 235 253 401 261 254 402 257 255 403 269 256 404 261 254 405 269 256 406 273 257 407 256 258 408 252 259 409 264 260 410 256 258 411 264 260 412 268 261 413 217 262 414 241 263 415 263 264 416 217 265 417 263 266 418 224 267 419 240 268 420 244 269 421 258 270 422 240 268 423 258 270 424 262 271 425 245 272 426 249 273 427 255 274 428 245 272 429 255 274 430 259 275 431 320 276 432 292 277 433 299 278 434 320 276 435 299 278 436 326 279 437 325 280 438 298 281 439 310 282 440 325 280 441 310 282 442 337 283 443 339 284 444 311 285 445 305 286 446 339 284 447 305 286 448 351 287 449 349 288 450 304 289 451 293 290 452 349 288 453 293 290 454 323 291 455 294 292 456 306 292 457 300 292 458 294 293 459 300 293 460 288 293 461 309 20 462 297 20 463 291 20 464 309 294 465 291 294 466 303 294 467 301 295 468 357 296 469 315 297 470 301 295 471 315 297 472 290 298 473 356 299 474 353 300 475 319 301 476 356 299 477 319 301 478 314 302 479 352 303 480 348 304 481 322 305 482 352 303 483 322 305 484 318 306 485 308 307 486 347 308 487 359 309 488 308 307 489 359 309 490 302 310 491 346 311 492 343 312 493 355 313 494 346 311 495 355 313 496 358 314 497 342 315 498 338 316 499 350 317 500 342 315 501 350 317 502 354 318 503 295 319 504 333 320 505 345 321 506 295 319 507 345 321 508 307 322 509 332 323 510 329 324 511 341 325 512 332 323 513 341 325 514 344 326 515 328 327 516 324 328 517 336 329 518 328 327 519 336 329 520 340 330 521 289 331 522 313 332 523 335 333 524 289 331 525 335 333 526 296 334 527 312 335 528 317 336 529 331 337 530 312 335 531 331 337 532 334 338 533 316 339 534 321 340 535 327 341 536 316 339 537 327 341 538 330 342 539 392 343 540 364 343 541 370 343 542 392 344 543 370 344 544 396 344 545 399 345 546 371 345 547 383 345 548 399 346 549 383 346 550 411 346 551 408 347 552 382 347 553 377 347 554 408 348 555 377 348 556 422 348 557 421 349 558 376 349 559 365 349 560 421 350 561 365 350 562 395 350 563 366 351 564 378 351 565 372 351 566 366 352 567 372 352 568 360 352 569 381 20 570 369 20 571 363 20 572 381 20 573 363 20 574 375 20 575 373 353 576 428 353 577 386 353 578 373 354 579 386 355 580 362 356 581 429 357 582 424 358 583 390 359 584 429 357 585 390 359 586 387 360 587 425 361 588 420 362 589 394 363 590 425 364 591 394 365 592 391 366 593 379 367 594 417 367 595 431 367 596 379 368 597 431 369 598 374 370 599 416 371 600 412 372 601 426 373 602 416 371 603 426 373 604 430 374 605 413 375 606 409 376 607 423 377 608 413 375 609 423 377 610 427 378 611 368 379 612 407 379 613 419 379 614 368 380 615 419 381 616 380 382 617 406 383 618 402 384 619 414 385 620 406 383 621 414 385 622 418 386 623 403 387 624 398 388 625 410 389 626 403 387 627 410 389 628 415 390 629 361 391 630 385 391 631 405 391 632 361 392 633 405 393 634 367 394 635 384 395 636 388 396 637 400 397 638 384 395 639 400 397 640 404 398 641 389 399 642 393 400 643 397 401 644 389 399 645 397 401 646 401 402 647 464 403 648 436 403 649 443 403 650 464 404 651 443 404 652 470 404 653 468 405 654 442 405 655 454 405 656 468 406 657 454 406 658 480 406 659 482 407 660 455 407 661 449 407 662 482 408 663 449 408 664 494 408 665 492 409 666 448 409 667 437 409 668 492 410 669 437 410 670 466 410 671 438 411 672 450 411 673 444 411 674 438 411 675 444 411 676 432 411 677 453 20 678 441 20 679 435 20 680 453 412 681 435 412 682 447 412 683 445 413 684 500 413 685 458 414 686 445 415 687 458 416 688 434 417 689 501 418 690 496 419 691 462 420 692 501 418 693 462 420 694 459 421 695 497 422 696 493 423 697 467 424 698 497 422 699 467 424 700 463 425 701 452 426 702 491 426 703 503 426 704 452 427 705 503 428 706 446 429 707 490 430 708 486 431 709 498 432 710 490 430 711 498 432 712 502 433 713 487 434 714 483 435 715 495 436 716 487 434 717 495 436 718 499 437 719 439 438 720 477 438 721 489 438 722 439 439 723 489 440 724 451 441 725 476 442 726 472 443 727 484 444 728 476 442 729 484 444 730 488 445 731 473 446 732 469 447 733 481 448 734 473 446 735 481 448 736 485 449 737 433 450 738 457 451 739 479 452 740 433 450 741 479 452 742 440 453 743 456 454 744 460 455 745 474 456 746 456 454 747 474 456 748 478 457 749 461 458 750 465 459 751 471 460 752 461 458 753 471 460 754 475 461 755 539 462 756 509 463 757 515 464 758 539 462 759 515 464 760 543 465 761 541 466 762 514 467 763 526 468 764 541 466 765 526 468 766 553 469 767 555 470 768 527 471 769 520 472 770 555 470 771 520 472 772 565 473 773 567 474 774 521 475 775 508 476 776 567 474 777 508 476 778 537 477 779 510 478 780 522 479 781 517 480 782 510 478 783 517 480 784 505 481 785 525 20 786 513 20 787 507 20 788 525 482 789 507 482 790 519 482 791 516 483 792 574 484 793 529 485 794 516 483 795 529 485 796 504 486 797 572 487 798 568 488 799 532 489 800 572 487 801 532 489 802 528 490 803 571 491 804 566 492 805 536 493 806 571 491 807 536 493 808 533 494 809 523 495 810 561 496 811 575 497 812 523 495 813 575 497 814 518 498 815 560 499 816 557 500 817 569 501 818 560 499 819 569 501 820 573 502 821 558 503 822 554 504 823 564 505 824 558 503 825 564 505 826 570 506 827 511 507 828 549 508 829 563 509 830 511 507 831 563 509 832 524 510 833 548 511 834 545 512 835 559 513 836 548 511 837 559 513 838 562 514 839 544 515 840 540 516 841 552 517 842 544 515 843 552 517 844 556 518 845 506 519 846 531 520 847 551 521 848 506 519 849 551 521 850 512 522 851 530 523 852 534 524 853 546 525 854 530 523 855 546 525 856 550 526 857 535 527 858 538 528 859 542 529 860 535 527 861 542 529 862 547 530 863 611 531 864 581 532 865 586 533 866 611 531 867 586 533 868 613 534 869 615 535 870 587 536 871 599 537 872 615 535 873 599 537 874 627 538 875 625 539 876 598 540 877 592 541 878 625 539 879 592 541 880 637 542 881 639 543 882 593 544 883 580 545 884 639 543 885 580 545 886 609 546 887 584 547 888 596 548 889 590 549 890 584 547 891 590 549 892 578 550 893 597 551 894 585 551 895 579 551 896 597 20 897 579 20 898 591 20 899 588 552 900 646 553 901 603 554 902 588 552 903 603 554 904 577 555 905 645 556 906 643 557 907 606 558 908 645 556 909 606 558 910 602 559 911 641 560 912 638 560 913 608 560 914 641 561 915 608 561 916 605 561 917 595 562 918 635 563 919 647 564 920 595 562 921 647 564 922 589 565 923 634 566 924 630 567 925 642 568 926 634 566 927 642 568 928 644 569 929 628 570 930 624 571 931 636 572 932 628 570 933 636 572 934 640 573 935 583 574 936 623 575 937 633 576 938 583 574 939 633 576 940 594 577 941 621 578 942 617 579 943 629 580 944 621 578 945 629 580 946 632 581 947 619 582 948 614 583 949 626 584 950 619 582 951 626 584 952 631 585 953 576 586 954 601 587 955 622 588 956 576 586 957 622 588 958 582 589 959 600 590 960 604 591 961 616 592 962 600 590 963 616 592 964 620 593 965 607 594 966 610 595 967 612 596 968 607 594 969 612 596 970 618 597 971 680 598 972 652 599 973 659 600 974 680 598 975 659 600 976 686 601 977 685 602 978 658 603 979 671 604 980 685 602 981 671 604 982 699 605 983 696 606 984 670 607 985 664 608 986 696 606 987 664 608 988 708 609 989 711 610 990 665 611 991 653 612 992 711 610 993 653 612 994 683 613 995 654 614 996 666 614 997 660 614 998 654 411 999 660 411 1000 648 411 1001 669 20 1002 657 20 1003 651 20 1004 669 615 1005 651 615 1006 663 615 1007 662 616 1008 718 616 1009 674 616 1010 662 617 1011 674 618 1012 650 619 1013 719 620 1014 715 621 1015 679 622 1016 719 620 1017 679 622 1018 675 623 1019 714 624 1020 710 625 1021 682 626 1022 714 624 1023 682 626 1024 678 627 1025 667 628 1026 704 628 1027 716 628 1028 667 629 1029 716 630 1030 661 631 1031 705 632 1032 701 633 1033 713 634 1034 705 632 1035 713 634 1036 717 635 1037 700 636 1038 697 637 1039 709 638 1040 700 636 1041 709 638 1042 712 639 1043 655 640 1044 692 640 1045 706 640 1046 655 641 1047 706 642 1048 668 643 1049 693 644 1050 689 645 1051 703 646 1052 693 644 1053 703 646 1054 707 647 1055 688 648 1056 684 649 1057 698 650 1058 688 648 1059 698 650 1060 702 651 1061 649 652 1062 672 653 1063 694 654 1064 649 655 1065 694 656 1066 656 657 1067 673 658 1068 677 659 1069 691 660 1070 673 658 1071 691 660 1072 695 661 1073 676 662 1074 681 663 1075 687 664 1076 676 662 1077 687 664 1078 690 665 1079 753 666 1080 724 667 1081 731 668 1082 753 666 1083 731 668 1084 759 669 1085 757 670 1086 730 671 1087 743 672 1088 757 670 1089 743 672 1090 771 673 1091 769 674 1092 742 675 1093 736 676 1094 769 674 1095 736 676 1096 781 677 1097 783 678 1098 737 679 1099 725 680 1100 783 678 1101 725 680 1102 755 681 1103 727 682 1104 740 682 1105 733 682 1106 727 683 1107 733 683 1108 720 683 1109 741 684 1110 729 684 1111 723 684 1112 741 20 1113 723 20 1114 735 20 1115 734 685 1116 790 686 1117 746 687 1118 734 685 1119 746 687 1120 722 688 1121 791 689 1122 787 690 1123 751 691 1124 791 689 1125 751 691 1126 747 692 1127 786 693 1128 782 694 1129 754 695 1130 786 693 1131 754 695 1132 750 696 1133 738 697 1134 776 698 1135 788 699 1136 738 697 1137 788 699 1138 732 700 1139 777 701 1140 772 702 1141 784 703 1142 777 701 1143 784 703 1144 789 704 1145 773 705 1146 768 706 1147 780 707 1148 773 705 1149 780 707 1150 785 708 1151 726 709 1152 764 710 1153 778 711 1154 726 709 1155 778 711 1156 739 712 1157 765 713 1158 761 714 1159 775 715 1160 765 713 1161 775 715 1162 779 716 1163 760 717 1164 756 718 1165 770 719 1166 760 717 1167 770 719 1168 774 720 1169 721 721 1170 744 722 1171 766 723 1172 721 721 1173 766 723 1174 728 724 1175 745 725 1176 748 726 1177 762 727 1178 745 725 1179 762 727 1180 767 728 1181 749 729 1182 752 730 1183 758 731 1184 749 729 1185 758 731 1186 763 732 1187 824 733 1188 796 734 1189 802 735 1190 824 733 1191 802 735 1192 828 736 1193 831 737 1194 803 738 1195 814 739 1196 831 737 1197 814 739 1198 841 740 1199 842 741 1200 815 742 1201 808 743 1202 842 741 1203 808 743 1204 852 744 1205 855 745 1206 809 746 1207 797 747 1208 855 745 1209 797 747 1210 827 748 1211 798 749 1212 810 749 1213 804 749 1214 798 750 1215 804 750 1216 792 750 1217 813 20 1218 801 20 1219 795 20 1220 813 20 1221 795 20 1222 807 20 1223 806 751 1224 862 751 1225 818 751 1226 806 752 1227 818 753 1228 794 754 1229 863 755 1230 859 756 1231 823 757 1232 863 755 1233 823 757 1234 819 758 1235 858 759 1236 854 760 1237 826 761 1238 858 759 1239 826 761 1240 822 762 1241 812 763 1242 851 763 1243 861 763 1244 812 764 1245 861 765 1246 805 766 1247 850 767 1248 846 768 1249 856 769 1250 850 767 1251 856 769 1252 860 770 1253 847 771 1254 843 772 1255 853 773 1256 847 771 1257 853 773 1258 857 774 1259 800 775 1260 838 775 1261 848 775 1262 800 776 1263 848 777 1264 811 778 1265 839 779 1266 835 780 1267 845 781 1268 839 779 1269 845 781 1270 849 782 1271 834 783 1272 830 784 1273 840 785 1274 834 783 1275 840 785 1276 844 786 1277 793 787 1278 817 787 1279 837 787 1280 793 788 1281 837 789 1282 799 790 1283 816 791 1284 820 792 1285 832 793 1286 816 791 1287 832 793 1288 836 794 1289 821 795 1290 825 796 1291 829 797 1292 821 795 1293 829 797 1294 833 798 1295 896 799 1296 868 800 1297 874 801 1298 896 799 1299 874 801 1300 900 802 1301 903 803 1302 875 804 1303 886 805 1304 903 803 1305 886 805 1306 913 806 1307 915 807 1308 887 808 1309 880 809 1310 915 807 1311 880 809 1312 925 810 1313 927 811 1314 881 812 1315 869 813 1316 927 811 1317 869 813 1318 899 814 1319 872 815 1320 883 816 1321 876 817 1322 872 818 1323 876 818 1324 865 818 1325 885 20 1326 873 20 1327 867 20 1328 885 20 1329 867 20 1330 879 20 1331 877 819 1332 933 820 1333 890 821 1334 877 819 1335 890 821 1336 866 822 1337 934 823 1338 931 824 1339 895 825 1340 934 823 1341 895 825 1342 891 826 1343 930 827 1344 926 828 1345 898 829 1346 930 827 1347 898 829 1348 894 830 1349 884 831 1350 923 832 1351 935 833 1352 884 831 1353 935 833 1354 878 834 1355 922 835 1356 919 836 1357 929 837 1358 922 835 1359 929 837 1360 932 838 1361 918 839 1362 914 840 1363 924 841 1364 918 839 1365 924 841 1366 928 842 1367 870 843 1368 909 844 1369 920 845 1370 870 843 1371 920 845 1372 882 846 1373 910 847 1374 907 848 1375 917 849 1376 910 847 1377 917 849 1378 921 850 1379 906 851 1380 902 852 1381 912 853 1382 906 851 1383 912 853 1384 916 854 1385 864 855 1386 889 856 1387 911 857 1388 864 855 1389 911 857 1390 871 858 1391 888 859 1392 893 860 1393 905 861 1394 888 859 1395 905 861 1396 908 862 1397 892 863 1398 897 864 1399 901 865 1400 892 863 1401 901 865 1402 904 866 1403 970 867 1404 941 867 1405 946 867 1406 970 868 1407 946 868 1408 972 868 1409 975 869 1410 947 869 1411 958 869 1412 975 870 1413 958 870 1414 985 870 1415 986 871 1416 959 871 1417 953 871 1418 986 872 1419 953 872 1420 998 872 1421 996 873 1422 952 873 1423 940 873 1424 996 874 1425 940 874 1426 968 874 1427 942 411 1428 954 411 1429 948 411 1430 942 875 1431 948 875 1432 936 875 1433 957 20 1434 945 20 1435 939 20 1436 957 876 1437 939 876 1438 951 876 1439 949 877 1440 1004 877 1441 960 877 1442 949 878 1443 960 879 1444 937 880 1445 1005 881 1446 1000 882 1447 964 883 1448 1005 881 1449 964 883 1450 961 884 1451 1001 885 1452 997 886 1453 969 887 1454 1001 885 1455 969 887 1456 965 888 1457 956 889 1458 995 889 1459 1007 890 1460 956 891 1461 1007 892 1462 950 893 1463 994 894 1464 990 895 1465 1002 896 1466 994 894 1467 1002 896 1468 1006 897 1469 991 898 1470 987 899 1471 999 900 1472 991 901 1473 999 902 1474 1003 903 1475 944 904 1476 983 904 1477 993 904 1478 944 905 1479 993 906 1480 955 907 1481 982 908 1482 978 909 1483 988 910 1484 982 908 1485 988 910 1486 992 911 1487 979 912 1488 974 913 1489 984 914 1490 979 912 1491 984 914 1492 989 915 1493 938 916 1494 963 916 1495 981 916 1496 938 917 1497 981 918 1498 943 919 1499 962 920 1500 966 921 1501 976 922 1502 962 920 1503 976 922 1504 980 923 1505 967 924 1506 971 925 1507 973 926 1508 967 924 1509 973 926 1510 977 927 1511 1040 928 1512 1012 928 1513 1019 928 1514 1040 929 1515 1019 929 1516 1046 929 1517 1044 930 1518 1018 930 1519 1030 930 1520 1044 931 1521 1030 931 1522 1056 931 1523 1058 932 1524 1031 932 1525 1025 932 1526 1058 933 1527 1025 933 1528 1070 933 1529 1068 934 1530 1024 934 1531 1013 934 1532 1068 935 1533 1013 935 1534 1042 935 1535 1014 936 1536 1026 936 1537 1020 936 1538 1014 411 1539 1020 411 1540 1008 411 1541 1029 20 1542 1017 20 1543 1011 20 1544 1029 937 1545 1011 937 1546 1023 937 1547 1021 938 1548 1076 938 1549 1034 938 1550 1021 939 1551 1034 940 1552 1010 941 1553 1077 942 1554 1072 943 1555 1038 944 1556 1077 942 1557 1038 944 1558 1035 945 1559 1073 946 1560 1069 947 1561 1043 948 1562 1073 946 1563 1043 948 1564 1039 949 1565 1028 950 1566 1067 950 1567 1079 950 1568 1028 951 1569 1079 952 1570 1022 953 1571 1066 954 1572 1062 955 1573 1074 956 1574 1066 954 1575 1074 956 1576 1078 957 1577 1063 958 1578 1059 959 1579 1071 960 1580 1063 958 1581 1071 960 1582 1075 961 1583 1015 962 1584 1053 963 1585 1065 964 1586 1015 962 1587 1065 964 1588 1027 965 1589 1052 966 1590 1048 967 1591 1060 968 1592 1052 966 1593 1060 968 1594 1064 969 1595 1049 970 1596 1045 971 1597 1057 972 1598 1049 970 1599 1057 972 1600 1061 973 1601 1009 974 1602 1033 975 1603 1055 976 1604 1009 977 1605 1055 978 1606 1016 979 1607 1032 980 1608 1036 981 1609 1050 982 1610 1032 980 1611 1050 982 1612 1054 983 1613 1037 984 1614 1041 985 1615 1047 986 1616 1037 984 1617 1047 986 1618 1051 987 1619 1115 988 1620 1085 989 1621 1091 990 1622 1115 988 1623 1091 990 1624 1119 991 1625 1116 992 1626 1090 993 1627 1103 994 1628 1116 992 1629 1103 994 1630 1130 995 1631 1129 996 1632 1102 997 1633 1097 998 1634 1129 996 1635 1097 998 1636 1143 999 1637 1140 1000 1638 1096 1001 1639 1084 1002 1640 1140 1000 1641 1084 1002 1642 1112 1003 1643 1086 1004 1644 1098 1005 1645 1092 1006 1646 1086 1004 1647 1092 1006 1648 1080 1007 1649 1101 20 1650 1089 20 1651 1083 20 1652 1101 1008 1653 1083 1008 1654 1095 1008 1655 1093 1009 1656 1150 1010 1657 1105 1011 1658 1093 1009 1659 1105 1011 1660 1081 1012 1661 1148 1013 1662 1145 1014 1663 1109 1015 1664 1148 1013 1665 1109 1015 1666 1104 1016 1667 1144 1017 1668 1141 1018 1669 1113 1019 1670 1144 1017 1671 1113 1019 1672 1108 1020 1673 1099 1021 1674 1137 1022 1675 1151 1023 1676 1099 1021 1677 1151 1023 1678 1094 1024 1679 1136 1025 1680 1132 1026 1681 1146 1027 1682 1136 1025 1683 1146 1027 1684 1149 1028 1685 1133 1029 1686 1128 1030 1687 1142 1031 1688 1133 1029 1689 1142 1031 1690 1147 1032 1691 1087 1033 1692 1126 1034 1693 1139 1035 1694 1087 1033 1695 1139 1035 1696 1100 1036 1697 1124 1037 1698 1121 1038 1699 1135 1039 1700 1124 1037 1701 1135 1039 1702 1138 1040 1703 1120 1041 1704 1117 1042 1705 1131 1043 1706 1120 1041 1707 1131 1043 1708 1134 1044 1709 1082 1045 1710 1107 1046 1711 1127 1047 1712 1082 1045 1713 1127 1047 1714 1088 1048 1715 1106 1049 1716 1110 1050 1717 1122 1051 1718 1106 1049 1719 1122 1051 1720 1125 1052 1721 1111 1053 1722 1114 1054 1723 1118 1055 1724 1111 1053 1725 1118 1055 1726 1123 1056 1727 1184 1057 1728 1156 1058 1729 1162 1059 1730 1184 1057 1731 1162 1059 1732 1188 1060 1733 1191 1061 1734 1163 1062 1735 1174 1063 1736 1191 1061 1737 1174 1063 1738 1201 1064 1739 1202 1065 1740 1175 1066 1741 1168 1067 1742 1202 1065 1743 1168 1067 1744 1212 1068 1745 1215 1069 1746 1169 1070 1747 1157 1071 1748 1215 1069 1749 1157 1071 1750 1187 1072 1751 1158 1073 1752 1171 1074 1753 1166 1075 1754 1158 1073 1755 1166 1075 1756 1153 1076 1757 1173 1077 1758 1161 1077 1759 1155 1077 1760 1173 1078 1761 1155 1078 1762 1167 1078 1763 1164 1079 1764 1222 1080 1765 1177 1081 1766 1164 1079 1767 1177 1081 1768 1152 1082 1769 1221 1083 1770 1217 1084 1771 1181 1085 1772 1221 1083 1773 1181 1085 1774 1176 1086 1775 1219 1087 1776 1214 1088 1777 1186 1089 1778 1219 1090 1779 1186 1090 1780 1183 1090 1781 1170 1091 1782 1209 1092 1783 1223 1093 1784 1170 1091 1785 1223 1093 1786 1165 1094 1787 1208 1095 1788 1204 1096 1789 1216 1097 1790 1208 1095 1791 1216 1097 1792 1220 1098 1793 1206 1099 1794 1203 1100 1795 1213 1101 1796 1206 1099 1797 1213 1101 1798 1218 1102 1799 1159 1103 1800 1197 1104 1801 1210 1105 1802 1159 1103 1803 1210 1105 1804 1172 1106 1805 1199 1107 1806 1195 1108 1807 1207 1109 1808 1199 1107 1809 1207 1109 1810 1211 1110 1811 1193 1111 1812 1190 1112 1813 1200 1113 1814 1193 1111 1815 1200 1113 1816 1205 1114 1817 1154 1115 1818 1179 1116 1819 1198 1117 1820 1154 1115 1821 1198 1117 1822 1160 1118 1823 1178 1119 1824 1182 1120 1825 1194 1121 1826 1178 1119 1827 1194 1121 1828 1196 1122 1829 1180 1123 1830 1185 1124 1831 1189 1125 1832 1180 1123 1833 1189 1125 1834 1192 1126 1835 1256 1127 1836 1228 1128 1837 1234 1129 1838 1256 1127 1839 1234 1129 1840 1260 1130 1841 1263 1131 1842 1235 1132 1843 1247 1133 1844 1263 1131 1845 1247 1133 1846 1275 1134 1847 1272 1135 1848 1246 1136 1849 1241 1137 1850 1272 1135 1851 1241 1137 1852 1286 1138 1853 1285 1139 1854 1240 1140 1855 1229 1141 1856 1285 1139 1857 1229 1141 1858 1259 1142 1859 1230 1143 1860 1242 1143 1861 1236 1143 1862 1230 411 1863 1236 411 1864 1224 411 1865 1245 1144 1866 1233 1144 1867 1227 1144 1868 1245 615 1869 1227 615 1870 1239 615 1871 1237 1145 1872 1292 1145 1873 1250 1145 1874 1237 1146 1875 1250 1147 1876 1226 1148 1877 1293 1149 1878 1289 1150 1879 1255 1151 1880 1293 1149 1881 1255 1151 1882 1251 1152 1883 1288 1153 1884 1284 1154 1885 1258 1155 1886 1288 1153 1887 1258 1155 1888 1254 1156 1889 1243 1157 1890 1280 1157 1891 1294 1157 1892 1243 1158 1893 1294 1159 1894 1238 1160 1895 1281 1161 1896 1277 1162 1897 1291 1163 1898 1281 1161 1899 1291 1163 1900 1295 1164 1901 1276 1165 1902 1273 1166 1903 1287 1167 1904 1276 1165 1905 1287 1167 1906 1290 1168 1907 1232 1169 1908 1270 1169 1909 1282 1169 1910 1232 1170 1911 1282 1171 1912 1244 1172 1913 1271 1173 1914 1267 1174 1915 1279 1175 1916 1271 1173 1917 1279 1175 1918 1283 1176 1919 1266 1177 1920 1262 1178 1921 1274 1179 1922 1266 1177 1923 1274 1179 1924 1278 1180 1925 1225 1181 1926 1248 1181 1927 1268 1181 1928 1225 1182 1929 1268 1183 1930 1231 1184 1931 1249 1185 1932 1253 1186 1933 1265 1187 1934 1249 1185 1935 1265 1187 1936 1269 1188 1937 1252 1189 1938 1257 1190 1939 1261 1191 1940 1252 1189 1941 1261 1191 1942 1264 1192 1943 1329 1193 1944 1300 1194 1945 1306 1195 1946 1329 1193 1947 1306 1195 1948 1333 1196 1949 1335 1197 1950 1307 1198 1951 1319 1199 1952 1335 1197 1953 1319 1199 1954 1347 1200 1955 1345 1201 1956 1318 1202 1957 1313 1203 1958 1345 1201 1959 1313 1203 1960 1359 1204 1961 1357 1205 1962 1312 1206 1963 1301 1207 1964 1357 1205 1965 1301 1207 1966 1331 1208 1967 1302 1209 1968 1314 1209 1969 1308 1209 1970 1302 1210 1971 1308 1210 1972 1296 1210 1973 1317 1211 1974 1305 1211 1975 1299 1211 1976 1317 1212 1977 1299 1212 1978 1311 1212 1979 1309 1213 1980 1364 1214 1981 1321 1215 1982 1309 1213 1983 1321 1215 1984 1298 1216 1985 1365 1217 1986 1361 1218 1987 1327 1219 1988 1365 1217 1989 1327 1219 1990 1323 1220 1991 1360 1221 1992 1356 1222 1993 1330 1223 1994 1360 1221 1995 1330 1223 1996 1326 1224 1997 1315 1225 1998 1352 1226 1999 1366 1227 2000 1315 1225 2001 1366 1227 2002 1310 1228 2003 1353 1229 2004 1348 1230 2005 1362 1231 2006 1353 1229 2007 1362 1231 2008 1367 1232 2009 1349 1233 2010 1344 1234 2011 1358 1235 2012 1349 1233 2013 1358 1235 2014 1363 1236 2015 1304 1237 2016 1342 1238 2017 1354 1239 2018 1304 1237 2019 1354 1239 2020 1316 1240 2021 1343 1241 2022 1339 1242 2023 1351 1243 2024 1343 1241 2025 1351 1243 2026 1355 1244 2027 1338 1245 2028 1334 1246 2029 1346 1247 2030 1338 1245 2031 1346 1247 2032 1350 1248 2033 1297 1249 2034 1320 1250 2035 1340 1251 2036 1297 1249 2037 1340 1251 2038 1303 1252 2039 1322 1253 2040 1324 1254 2041 1336 1255 2042 1322 1253 2043 1336 1255 2044 1341 1256 2045 1325 1257 2046 1328 1258 2047 1332 1259 2048 1325 1257 2049 1332 1259 2050 1337 1260 2051 1403 1261 2052 1373 1262 2053 1378 1263 2054 1403 1261 2055 1378 1263 2056 1405 1264 2057 1407 1265 2058 1379 1266 2059 1391 1267 2060 1407 1265 2061 1391 1267 2062 1419 1268 2063 1416 1269 2064 1390 1270 2065 1384 1271 2066 1416 1269 2067 1384 1271 2068 1428 1272 2069 1431 1273 2070 1385 1274 2071 1372 1275 2072 1431 1273 2073 1372 1275 2074 1401 1276 2075 1374 411 2076 1386 411 2077 1380 411 2078 1374 411 2079 1380 411 2080 1368 411 2081 1389 1277 2082 1377 1277 2083 1371 1277 2084 1389 20 2085 1371 20 2086 1383 20 2087 1382 1278 2088 1438 1278 2089 1392 1278 2090 1382 1279 2091 1392 1280 2092 1369 1280 2093 1439 1281 2094 1435 1282 2095 1397 1283 2096 1439 1281 2097 1397 1283 2098 1393 1284 2099 1434 1285 2100 1430 1286 2101 1400 1287 2102 1434 1285 2103 1400 1287 2104 1396 1288 2105 1387 1289 2106 1425 1289 2107 1437 1289 2108 1387 1290 2109 1437 1291 2110 1381 1292 2111 1424 1293 2112 1420 1294 2113 1432 1295 2114 1424 1293 2115 1432 1295 2116 1436 1296 2117 1421 1297 2118 1417 1298 2119 1429 1299 2120 1421 1297 2121 1429 1299 2122 1433 1300 2123 1376 1301 2124 1414 1302 2125 1426 1303 2126 1376 1301 2127 1426 1303 2128 1388 1304 2129 1415 1305 2130 1411 1306 2131 1423 1307 2132 1415 1305 2133 1423 1307 2134 1427 1308 2135 1410 1309 2136 1406 1310 2137 1418 1311 2138 1410 1309 2139 1418 1311 2140 1422 1312 2141 1370 1313 2142 1395 1313 2143 1413 1313 2144 1370 1314 2145 1413 1315 2146 1375 1316 2147 1394 1317 2148 1398 1318 2149 1408 1319 2150 1394 1317 2151 1408 1319 2152 1412 1320 2153 1399 1321 2154 1402 1322 2155 1404 1323 2156 1399 1321 2157 1404 1323 2158 1409 1324 2159 1474 1325 2160 1445 1326 2161 1450 1327 2162 1474 1325 2163 1450 1327 2164 1476 1328 2165 1479 1329 2166 1451 1330 2167 1463 1331 2168 1479 1329 2169 1463 1331 2170 1491 1332 2171 1489 1333 2172 1462 1334 2173 1456 1335 2174 1489 1333 2175 1456 1335 2176 1501 1336 2177 1503 1337 2178 1457 1338 2179 1444 1339 2180 1503 1337 2181 1444 1339 2182 1473 1340 2183 1446 1341 2184 1458 1341 2185 1452 1341 2186 1446 1342 2187 1452 1342 2188 1440 1342 2189 1461 1343 2190 1449 1343 2191 1443 1343 2192 1461 1344 2193 1443 1344 2194 1455 1344 2195 1454 1345 2196 1510 1346 2197 1464 1347 2198 1454 1345 2199 1464 1347 2200 1441 1348 2201 1511 1349 2202 1507 1350 2203 1469 1351 2204 1511 1349 2205 1469 1351 2206 1465 1352 2207 1506 1353 2208 1502 1354 2209 1472 1355 2210 1506 1353 2211 1472 1355 2212 1468 1356 2213 1459 1357 2214 1497 1358 2215 1509 1359 2216 1459 1357 2217 1509 1359 2218 1453 1360 2219 1496 1361 2220 1493 1362 2221 1505 1363 2222 1496 1361 2223 1505 1363 2224 1508 1364 2225 1492 1365 2226 1488 1366 2227 1500 1367 2228 1492 1365 2229 1500 1367 2230 1504 1368 2231 1448 1369 2232 1486 1370 2233 1498 1371 2234 1448 1369 2235 1498 1371 2236 1460 1372 2237 1487 1373 2238 1483 1374 2239 1495 1375 2240 1487 1373 2241 1495 1375 2242 1499 1376 2243 1482 1377 2244 1478 1378 2245 1490 1379 2246 1482 1377 2247 1490 1379 2248 1494 1380 2249 1442 1381 2250 1467 1382 2251 1485 1383 2252 1442 1381 2253 1485 1383 2254 1447 1384 2255 1466 1385 2256 1471 1386 2257 1481 1387 2258 1466 1385 2259 1481 1387 2260 1484 1388 2261 1470 1389 2262 1475 1390 2263 1477 1391 2264 1470 1389 2265 1477 1391 2266 1480 1392 2267 1546 1393 2268 1517 1393 2269 1523 1393 2270 1546 1394 2271 1523 1394 2272 1550 1394 2273 1549 1395 2274 1522 1395 2275 1534 1395 2276 1549 1396 2277 1534 1396 2278 1561 1396 2279 1562 1397 2280 1535 1397 2281 1528 1397 2282 1562 1398 2283 1528 1398 2284 1572 1398 2285 1574 1399 2286 1529 1399 2287 1516 1399 2288 1574 1400 2289 1516 1400 2290 1544 1400 2291 1518 411 2292 1530 411 2293 1524 411 2294 1518 1401 2295 1524 1401 2296 1512 1401 2297 1533 20 2298 1521 20 2299 1515 20 2300 1533 1402 2301 1515 1402 2302 1527 1402 2303 1526 1403 2304 1583 1404 2305 1537 1405 2306 1526 1406 2307 1537 1407 2308 1513 1408 2309 1582 1409 2310 1578 1410 2311 1540 1411 2312 1582 1409 2313 1540 1411 2314 1536 1412 2315 1579 1413 2316 1575 1414 2317 1545 1415 2318 1579 1413 2319 1545 1415 2320 1541 1416 2321 1532 1417 2322 1571 1418 2323 1581 1419 2324 1532 1420 2325 1581 1421 2326 1525 1422 2327 1570 1423 2328 1566 1424 2329 1576 1425 2330 1570 1423 2331 1576 1425 2332 1580 1426 2333 1567 1427 2334 1563 1428 2335 1573 1429 2336 1567 1427 2337 1573 1429 2338 1577 1430 2339 1519 1431 2340 1557 1432 2341 1569 1433 2342 1519 1434 2343 1569 1435 2344 1531 1436 2345 1556 1437 2346 1552 1438 2347 1564 1439 2348 1556 1437 2349 1564 1439 2350 1568 1440 2351 1553 1441 2352 1548 1442 2353 1560 1443 2354 1553 1441 2355 1560 1443 2356 1565 1444 2357 1514 1445 2358 1539 1446 2359 1559 1447 2360 1514 1445 2361 1559 1447 2362 1520 1448 2363 1538 1449 2364 1542 1450 2365 1554 1451 2366 1538 1449 2367 1554 1451 2368 1558 1452 2369 1543 1453 2370 1547 1454 2371 1551 1455 2372 1543 1453 2373 1551 1455 2374 1555 1456 2375 1618 1457 2376 1589 1457 2377 1595 1457 2378 1618 1458 2379 1595 1458 2380 1622 1458 2381 1620 1459 2382 1594 1459 2383 1607 1459 2384 1620 1460 2385 1607 1460 2386 1634 1460 2387 1632 1461 2388 1606 1461 2389 1601 1461 2390 1632 1462 2391 1601 1462 2392 1646 1462 2393 1644 1463 2394 1600 1463 2395 1588 1463 2396 1644 1464 2397 1588 1464 2398 1616 1464 2399 1590 411 2400 1602 411 2401 1596 411 2402 1590 411 2403 1596 411 2404 1584 411 2405 1605 20 2406 1593 20 2407 1587 20 2408 1605 1465 2409 1587 1465 2410 1599 1465 2411 1597 1466 2412 1652 1466 2413 1608 1466 2414 1597 1467 2415 1608 1468 2416 1585 1469 2417 1653 1470 2418 1648 1471 2419 1612 1472 2420 1653 1470 2421 1612 1472 2422 1609 1473 2423 1649 1474 2424 1645 1475 2425 1617 1476 2426 1649 1474 2427 1617 1476 2428 1613 1477 2429 1603 1478 2430 1641 1478 2431 1655 1478 2432 1603 1479 2433 1655 1480 2434 1598 1481 2435 1640 1482 2436 1636 1483 2437 1650 1484 2438 1640 1482 2439 1650 1484 2440 1654 1485 2441 1637 1486 2442 1633 1487 2443 1647 1488 2444 1637 1486 2445 1647 1488 2446 1651 1489 2447 1591 1490 2448 1629 1490 2449 1643 1490 2450 1591 1491 2451 1643 1492 2452 1604 1493 2453 1628 1494 2454 1624 1495 2455 1638 1496 2456 1628 1494 2457 1638 1496 2458 1642 1497 2459 1625 1498 2460 1621 1499 2461 1635 1500 2462 1625 1498 2463 1635 1500 2464 1639 1501 2465 1586 1502 2466 1611 1502 2467 1631 1502 2468 1586 1503 2469 1631 1504 2470 1592 1505 2471 1610 1506 2472 1614 1507 2473 1626 1508 2474 1610 1506 2475 1626 1508 2476 1630 1509 2477 1615 1510 2478 1619 1511 2479 1623 1512 2480 1615 1510 2481 1623 1512 2482 1627 1513 2483 1689 1514 2484 1660 1515 2485 1667 1516 2486 1689 1514 2487 1667 1516 2488 1695 1517 2489 1692 1518 2490 1666 1519 2491 1678 1520 2492 1692 1518 2493 1678 1520 2494 1704 1521 2495 1707 1522 2496 1679 1523 2497 1673 1524 2498 1707 1522 2499 1673 1524 2500 1719 1525 2501 1716 1526 2502 1672 1527 2503 1661 1528 2504 1716 1526 2505 1661 1528 2506 1690 1529 2507 1664 1530 2508 1675 1531 2509 1668 1532 2510 1664 1530 2511 1668 1532 2512 1657 1533 2513 1677 1534 2514 1665 1534 2515 1659 1534 2516 1677 20 2517 1659 20 2518 1671 20 2519 1669 1535 2520 1726 1536 2521 1683 1537 2522 1669 1535 2523 1683 1537 2524 1658 1538 2525 1724 1539 2526 1720 1540 2527 1686 1541 2528 1724 1539 2529 1686 1541 2530 1682 1542 2531 1721 1543 2532 1717 1544 2533 1691 1545 2534 1721 1543 2535 1691 1545 2536 1687 1546 2537 1676 1547 2538 1715 1548 2539 1727 1549 2540 1676 1547 2541 1727 1549 2542 1670 1550 2543 1714 1551 2544 1710 1552 2545 1722 1553 2546 1714 1551 2547 1722 1553 2548 1725 1554 2549 1711 1555 2550 1706 1556 2551 1718 1557 2552 1711 1555 2553 1718 1557 2554 1723 1558 2555 1662 1559 2556 1702 1560 2557 1713 1561 2558 1662 1559 2559 1713 1561 2560 1674 1562 2561 1700 1563 2562 1697 1564 2563 1709 1565 2564 1700 1563 2565 1709 1565 2566 1712 1566 2567 1696 1567 2568 1693 1568 2569 1705 1569 2570 1696 1567 2571 1705 1569 2572 1708 1570 2573 1656 1571 2574 1681 1572 2575 1703 1573 2576 1656 1571 2577 1703 1573 2578 1663 1574 2579 1680 1575 2580 1684 1576 2581 1698 1577 2582 1680 1575 2583 1698 1577 2584 1701 1578 2585 1685 1579 2586 1688 1580 2587 1694 1581 2588 1685 1579 2589 1694 1581 2590 1699 1582 2591 1761 1583 2592 1732 1584 2593 1738 1585 2594 1761 1583 2595 1738 1585 2596 1765 1586 2597 1766 1587 2598 1739 1588 2599 1751 1589 2600 1766 1587 2601 1751 1589 2602 1778 1590 2603 1777 1591 2604 1750 1592 2605 1745 1593 2606 1777 1591 2607 1745 1593 2608 1791 1594 2609 1788 1595 2610 1744 1596 2611 1733 1597 2612 1788 1595 2613 1733 1597 2614 1762 1598 2615 1736 1599 2616 1747 1600 2617 1741 1601 2618 1736 1599 2619 1741 1601 2620 1730 1602 2621 1749 1603 2622 1737 1603 2623 1731 1603 2624 1749 20 2625 1731 20 2626 1743 20 2627 1740 1604 2628 1797 1605 2629 1754 1606 2630 1740 1604 2631 1754 1606 2632 1729 1607 2633 1798 1608 2634 1795 1609 2635 1759 1610 2636 1798 1608 2637 1759 1610 2638 1755 1611 2639 1792 1612 2640 1789 1612 2641 1763 1612 2642 1792 1613 2643 1763 1613 2644 1758 1613 2645 1748 1614 2646 1787 1615 2647 1799 1616 2648 1748 1614 2649 1799 1616 2650 1742 1617 2651 1786 1618 2652 1781 1619 2653 1793 1620 2654 1786 1618 2655 1793 1620 2656 1796 1621 2657 1782 1622 2658 1776 1623 2659 1790 1624 2660 1782 1622 2661 1790 1624 2662 1794 1625 2663 1734 1626 2664 1773 1627 2665 1784 1628 2666 1734 1626 2667 1784 1628 2668 1746 1629 2669 1775 1630 2670 1770 1631 2671 1780 1632 2672 1775 1630 2673 1780 1632 2674 1785 1633 2675 1771 1634 2676 1767 1635 2677 1779 1636 2678 1771 1634 2679 1779 1636 2680 1783 1637 2681 1728 1638 2682 1753 1639 2683 1774 1640 2684 1728 1638 2685 1774 1640 2686 1735 1641 2687 1752 1642 2688 1756 1643 2689 1768 1644 2690 1752 1642 2691 1768 1644 2692 1772 1645 2693 1757 1646 2694 1760 1647 2695 1764 1648 2696 1757 1646 2697 1764 1648 2698 1769 1649 2699 1834 1650 2700 1805 1651 2701 1811 1652 2702 1834 1650 2703 1811 1652 2704 1838 1653 2705 1837 1654 2706 1810 1655 2707 1822 1656 2708 1837 1654 2709 1822 1656 2710 1849 1657 2711 1850 1658 2712 1823 1659 2713 1816 1660 2714 1850 1658 2715 1816 1660 2716 1860 1661 2717 1863 1662 2718 1817 1663 2719 1804 1664 2720 1863 1662 2721 1804 1664 2722 1833 1665 2723 1806 411 2724 1818 411 2725 1812 411 2726 1806 411 2727 1812 411 2728 1800 411 2729 1821 1666 2730 1809 1666 2731 1803 1666 2732 1821 20 2733 1803 20 2734 1815 20 2735 1814 1667 2736 1871 1667 2737 1825 1667 2738 1814 1668 2739 1825 1669 2740 1801 1670 2741 1870 1671 2742 1867 1672 2743 1829 1673 2744 1870 1671 2745 1829 1673 2746 1824 1674 2747 1866 1675 2748 1862 1676 2749 1832 1677 2750 1866 1675 2751 1832 1677 2752 1828 1678 2753 1820 1679 2754 1858 1679 2755 1868 1679 2756 1820 1680 2757 1868 1681 2758 1813 1682 2759 1859 1683 2760 1855 1684 2761 1865 1685 2762 1859 1683 2763 1865 1685 2764 1869 1686 2765 1854 1687 2766 1851 1688 2767 1861 1689 2768 1854 1687 2769 1861 1689 2770 1864 1690 2771 1807 1691 2772 1845 1691 2773 1857 1691 2774 1807 1692 2775 1857 1693 2776 1819 1693 2777 1844 1694 2778 1841 1695 2779 1853 1696 2780 1844 1694 2781 1853 1696 2782 1856 1697 2783 1840 1698 2784 1836 1699 2785 1848 1700 2786 1840 1698 2787 1848 1700 2788 1852 1701 2789 1802 1702 2790 1826 1702 2791 1846 1702 2792 1802 1703 2793 1846 1704 2794 1808 1705 2795 1827 1706 2796 1831 1707 2797 1843 1708 2798 1827 1706 2799 1843 1708 2800 1847 1709 2801 1830 1710 2802 1835 1711 2803 1839 1712 2804 1830 1710 2805 1839 1712 2806 1842 1713 2807 1907 1714 2808 1877 1715 2809 1883 1716 2810 1907 1714 2811 1883 1716 2812 1911 1717 2813 1909 1718 2814 1882 1719 2815 1894 1720 2816 1909 1718 2817 1894 1720 2818 1921 1721 2819 1923 1722 2820 1895 1723 2821 1888 1724 2822 1923 1722 2823 1888 1724 2824 1933 1725 2825 1935 1726 2826 1889 1727 2827 1876 1728 2828 1935 1726 2829 1876 1728 2830 1905 1729 2831 1879 1730 2832 1892 1730 2833 1885 1730 2834 1879 1731 2835 1885 1731 2836 1872 1731 2837 1893 20 2838 1881 20 2839 1875 20 2840 1893 20 2841 1875 20 2842 1887 20 2843 1886 1732 2844 1942 1733 2845 1896 1734 2846 1886 1732 2847 1896 1734 2848 1873 1735 2849 1943 1736 2850 1938 1737 2851 1900 1738 2852 1943 1736 2853 1900 1738 2854 1897 1739 2855 1939 1740 2856 1934 1741 2857 1904 1742 2858 1939 1740 2859 1904 1742 2860 1901 1743 2861 1891 1744 2862 1930 1745 2863 1940 1746 2864 1891 1744 2865 1940 1746 2866 1884 1747 2867 1931 1748 2868 1926 1749 2869 1936 1750 2870 1931 1748 2871 1936 1750 2872 1941 1751 2873 1927 1752 2874 1922 1753 2875 1932 1754 2876 1927 1752 2877 1932 1754 2878 1937 1755 2879 1878 1756 2880 1916 1757 2881 1928 1758 2882 1878 1756 2883 1928 1758 2884 1890 1759 2885 1917 1760 2886 1912 1761 2887 1924 1762 2888 1917 1760 2889 1924 1762 2890 1929 1763 2891 1913 1764 2892 1908 1765 2893 1920 1766 2894 1913 1764 2895 1920 1766 2896 1925 1767 2897 1874 1768 2898 1898 1769 2899 1918 1770 2900 1874 1768 2901 1918 1770 2902 1880 1771 2903 1899 1772 2904 1902 1773 2905 1914 1774 2906 1899 1772 2907 1914 1774 2908 1919 1775 2909 1903 1776 2910 1906 1777 2911 1910 1778 2912 1903 1776 2913 1910 1778 2914 1915 1779 2915 1976 1780 2916 1948 1781 2917 1954 1782 2918 1976 1780 2919 1954 1782 2920 1980 1783 2921 1982 1784 2922 1955 1785 2923 1966 1786 2924 1982 1784 2925 1966 1786 2926 1994 1787 2927 1995 1788 2928 1967 1789 2929 1960 1790 2930 1995 1788 2931 1960 1790 2932 2005 1791 2933 2007 1792 2934 1961 1793 2935 1949 1794 2936 2007 1792 2937 1949 1794 2938 1979 1795 2939 1950 1796 2940 1962 1796 2941 1956 1796 2942 1950 411 2943 1956 411 2944 1944 411 2945 1965 1797 2946 1953 1797 2947 1947 1797 2948 1965 20 2949 1947 20 2950 1959 20 2951 1958 1798 2952 2014 1798 2953 1970 1798 2954 1958 1799 2955 1970 1800 2956 1946 1801 2957 2015 1802 2958 2011 1803 2959 1975 1804 2960 2015 1802 2961 1975 1804 2962 1971 1805 2963 2010 1806 2964 2006 1807 2965 1978 1808 2966 2010 1806 2967 1978 1808 2968 1974 1809 2969 1964 1810 2970 2003 1810 2971 2013 1810 2972 1964 1811 2973 2013 1812 2974 1957 1813 2975 2000 1814 2976 1997 1815 2977 2009 1816 2978 2000 1814 2979 2009 1816 2980 2012 1817 2981 1996 1818 2982 1992 1819 2983 2004 1820 2984 1996 1818 2985 2004 1820 2986 2008 1821 2987 1952 1822 2988 1989 1822 2989 2001 1822 2990 1952 1823 2991 2001 1824 2992 1963 1825 2993 1990 1826 2994 1985 1827 2995 1999 1828 2996 1990 1826 2997 1999 1828 2998 2002 1829 2999 1984 1830 3000 1981 1831 3001 1993 1832 3002 1984 1830 3003 1993 1832 3004 1998 1833 3005 1945 1834 3006 1968 1835 3007 1988 1836 3008 1945 1837 3009 1988 1838 3010 1951 1839 3011 1969 1840 3012 1973 1841 3013 1987 1842 3014 1969 1840 3015 1987 1842 3016 1991 1843 3017 1972 1844 3018 1977 1845 3019 1983 1846 3020 1972 1844 3021 1983 1846 3022 1986 1847 3023 2049 1848 3024 2020 1849 3025 2027 1850 3026 2049 1848 3027 2027 1850 3028 2055 1851 3029 2054 1852 3030 2026 1853 3031 2039 1854 3032 2054 1852 3033 2039 1854 3034 2067 1855 3035 2065 1856 3036 2038 1857 3037 2032 1858 3038 2065 1856 3039 2032 1858 3040 2077 1859 3041 2079 1860 3042 2033 1861 3043 2021 1862 3044 2079 1860 3045 2021 1862 3046 2051 1863 3047 2024 1864 3048 2035 1864 3049 2028 1864 3050 2024 1865 3051 2028 1865 3052 2017 1865 3053 2037 1866 3054 2025 1866 3055 2019 1866 3056 2037 20 3057 2019 20 3058 2031 20 3059 2030 1867 3060 2086 1868 3061 2042 1869 3062 2030 1867 3063 2042 1869 3064 2018 1870 3065 2087 1871 3066 2083 1872 3067 2047 1873 3068 2087 1871 3069 2047 1873 3070 2043 1874 3071 2082 1875 3072 2078 1876 3073 2050 1877 3074 2082 1875 3075 2050 1877 3076 2046 1878 3077 2036 1879 3078 2075 1880 3079 2085 1881 3080 2036 1879 3081 2085 1881 3082 2029 1882 3083 2074 1883 3084 2071 1884 3085 2081 1885 3086 2074 1883 3087 2081 1885 3088 2084 1886 3089 2068 1887 3090 2064 1888 3091 2076 1889 3092 2068 1887 3093 2076 1889 3094 2080 1890 3095 2023 1891 3096 2062 1892 3097 2072 1893 3098 2023 1891 3099 2072 1893 3100 2034 1894 3101 2063 1895 3102 2059 1896 3103 2070 1897 3104 2063 1895 3105 2070 1897 3106 2073 1898 3107 2058 1899 3108 2053 1900 3109 2066 1901 3110 2058 1899 3111 2066 1901 3112 2069 1902 3113 2016 1903 3114 2041 1904 3115 2061 1905 3116 2016 1903 3117 2061 1905 3118 2022 1906 3119 2040 1907 3120 2045 1908 3121 2057 1909 3122 2040 1907 3123 2057 1909 3124 2060 1910 3125 2044 1911 3126 2048 1912 3127 2052 1913 3128 2044 1911 3129 2052 1913 3130 2056 1914 3131 2122 1915 3132 2093 1915 3133 2098 1915 3134 2122 1916 3135 2098 1916 3136 2124 1916 3137 2127 1917 3138 2099 1917 3139 2110 1917 3140 2127 1918 3141 2110 1918 3142 2137 1918 3143 2138 1919 3144 2111 1919 3145 2105 1919 3146 2138 1920 3147 2105 1920 3148 2150 1920 3149 2149 1921 3150 2104 1921 3151 2092 1921 3152 2149 1922 3153 2092 1922 3154 2121 1922 3155 2094 411 3156 2106 411 3157 2100 411 3158 2094 1923 3159 2100 1923 3160 2088 1923 3161 2109 1924 3162 2097 1924 3163 2091 1924 3164 2109 1925 3165 2091 1925 3166 2103 1925 3167 2101 1926 3168 2157 1926 3169 2113 1926 3170 2101 1927 3171 2113 1928 3172 2089 1929 3173 2156 1930 3174 2153 1931 3175 2117 1932 3176 2156 1930 3177 2117 1932 3178 2112 1933 3179 2152 1934 3180 2148 1935 3181 2120 1936 3182 2152 1934 3183 2120 1936 3184 2116 1937 3185 2108 1938 3186 2147 1939 3187 2159 1940 3188 2108 1941 3189 2159 1942 3190 2102 1943 3191 2146 1944 3192 2142 1945 3193 2154 1946 3194 2146 1944 3195 2154 1946 3196 2158 1947 3197 2143 1948 3198 2139 1949 3199 2151 1950 3200 2143 1948 3201 2151 1950 3202 2155 1951 3203 2096 1952 3204 2135 1953 3205 2145 1954 3206 2096 1955 3207 2145 1956 3208 2107 1957 3209 2134 1958 3210 2131 1959 3211 2141 1960 3212 2134 1958 3213 2141 1960 3214 2144 1961 3215 2130 1962 3216 2126 1963 3217 2136 1964 3218 2130 1962 3219 2136 1964 3220 2140 1965 3221 2090 1966 3222 2115 1967 3223 2133 1968 3224 2090 1966 3225 2133 1968 3226 2095 1969 3227 2114 1970 3228 2118 1971 3229 2128 1972 3230 2114 1970 3231 2128 1972 3232 2132 1973 3233 2119 1974 3234 2123 1975 3235 2125 1976 3236 2119 1974 3237 2125 1976 3238 2129 1977 3239 2192 1978 3240 2164 1978 3241 2170 1978 3242 2192 1979 3243 2170 1979 3244 2196 1979 3245 2198 1980 3246 2171 1980 3247 2182 1980 3248 2198 1981 3249 2182 1981 3250 2208 1981 3251 2210 1982 3252 2183 1982 3253 2176 1982 3254 2210 1983 3255 2176 1983 3256 2220 1983 3257 2222 1984 3258 2177 1984 3259 2165 1984 3260 2222 1985 3261 2165 1985 3262 2194 1985 3263 2166 1986 3264 2178 1986 3265 2172 1986 3266 2166 1987 3267 2172 1987 3268 2160 1987 3269 2181 1988 3270 2169 1988 3271 2163 1988 3272 2181 1989 3273 2163 1989 3274 2175 1989 3275 2174 1990 3276 2230 1990 3277 2186 1990 3278 2174 1991 3279 2186 1992 3280 2162 1993 3281 2231 1994 3282 2226 1995 3283 2190 1996 3284 2231 1994 3285 2190 1996 3286 2187 1997 3287 2227 1998 3288 2223 1999 3289 2195 2000 3290 2227 1998 3291 2195 2000 3292 2191 2001 3293 2180 2002 3294 2218 2003 3295 2228 2004 3296 2180 2005 3297 2228 2005 3298 2173 2006 3299 2219 2007 3300 2214 2008 3301 2224 2009 3302 2219 2007 3303 2224 2009 3304 2229 2010 3305 2215 2011 3306 2211 2012 3307 2221 2013 3308 2215 2011 3309 2221 2013 3310 2225 2014 3311 2168 2015 3312 2207 2015 3313 2217 2015 3314 2168 2016 3315 2217 2017 3316 2179 2018 3317 2206 2019 3318 2202 2020 3319 2212 2021 3320 2206 2019 3321 2212 2021 3322 2216 2022 3323 2203 2023 3324 2199 2024 3325 2209 2025 3326 2203 2023 3327 2209 2025 3328 2213 2026 3329 2161 2027 3330 2185 2027 3331 2205 2027 3332 2161 2028 3333 2205 2029 3334 2167 2030 3335 2184 2031 3336 2188 2032 3337 2200 2033 3338 2184 2031 3339 2200 2033 3340 2204 2034 3341 2189 2035 3342 2193 2036 3343 2197 2037 3344 2189 2035 3345 2197 2037 3346 2201 2038 3347 2267 2039 3348 2237 2040 3349 2243 2041 3350 2267 2039 3351 2243 2041 3352 2271 2042 3353 2268 2043 3354 2242 2044 3355 2255 2045 3356 2268 2043 3357 2255 2045 3358 2282 2046 3359 2281 2047 3360 2254 2048 3361 2249 2049 3362 2281 2047 3363 2249 2049 3364 2295 2050 3365 2292 2051 3366 2248 2052 3367 2236 2053 3368 2292 2051 3369 2236 2053 3370 2264 2054 3371 2238 2055 3372 2250 2056 3373 2244 2057 3374 2238 2055 3375 2244 2057 3376 2232 2058 3377 2253 20 3378 2241 20 3379 2235 20 3380 2253 20 3381 2235 20 3382 2247 20 3383 2246 2059 3384 2303 2060 3385 2257 2061 3386 2246 2059 3387 2257 2061 3388 2233 2062 3389 2301 2063 3390 2297 2064 3391 2260 2065 3392 2301 2063 3393 2260 2065 3394 2256 2066 3395 2298 2067 3396 2293 2068 3397 2265 2069 3398 2298 2067 3399 2265 2069 3400 2261 2070 3401 2251 2071 3402 2289 2072 3403 2302 2073 3404 2251 2071 3405 2302 2073 3406 2245 2074 3407 2288 2075 3408 2284 2076 3409 2296 2077 3410 2288 2075 3411 2296 2077 3412 2300 2078 3413 2285 2079 3414 2280 2080 3415 2294 2081 3416 2285 2079 3417 2294 2081 3418 2299 2082 3419 2240 2083 3420 2279 2084 3421 2291 2085 3422 2240 2083 3423 2291 2085 3424 2252 2086 3425 2277 2087 3426 2273 2088 3427 2286 2089 3428 2277 2087 3429 2286 2089 3430 2290 2090 3431 2274 2091 3432 2269 2092 3433 2283 2093 3434 2274 2091 3435 2283 2093 3436 2287 2094 3437 2234 2095 3438 2259 2096 3439 2278 2097 3440 2234 2095 3441 2278 2097 3442 2239 2098 3443 2258 2099 3444 2262 2100 3445 2272 2101 3446 2258 2099 3447 2272 2101 3448 2276 2102 3449 2263 2103 3450 2266 2104 3451 2270 2105 3452 2263 2103 3453 2270 2105 3454 2275 2106 3455 2337 2107 3456 2308 2108 3457 2315 2109 3458 2337 2107 3459 2315 2109 3460 2343 2110 3461 2340 2111 3462 2314 2112 3463 2327 2113 3464 2340 2111 3465 2327 2113 3466 2354 2114 3467 2353 2115 3468 2326 2116 3469 2320 2117 3470 2353 2115 3471 2320 2117 3472 2365 2118 3473 2366 2119 3474 2321 2120 3475 2309 2121 3476 2366 2119 3477 2309 2121 3478 2338 2122 3479 2310 2123 3480 2322 2124 3481 2317 2125 3482 2310 2123 3483 2317 2125 3484 2305 2126 3485 2325 20 3486 2313 20 3487 2307 20 3488 2325 20 3489 2307 20 3490 2319 20 3491 2316 2127 3492 2372 2128 3493 2328 2129 3494 2316 2127 3495 2328 2129 3496 2304 2130 3497 2374 2131 3498 2369 2132 3499 2333 2133 3500 2374 2131 3501 2333 2133 3502 2330 2134 3503 2371 2135 3504 2367 2135 3505 2339 2135 3506 2371 2136 3507 2339 2136 3508 2335 2136 3509 2323 2137 3510 2361 2138 3511 2375 2139 3512 2323 2137 3513 2375 2139 3514 2318 2140 3515 2360 2141 3516 2356 2142 3517 2368 2143 3518 2360 2141 3519 2368 2143 3520 2373 2144 3521 2357 2145 3522 2352 2146 3523 2364 2147 3524 2357 2145 3525 2364 2147 3526 2370 2148 3527 2311 2149 3528 2349 2150 3529 2362 2151 3530 2311 2149 3531 2362 2151 3532 2324 2152 3533 2351 2153 3534 2346 2154 3535 2359 2155 3536 2351 2153 3537 2359 2155 3538 2363 2156 3539 2345 2157 3540 2341 2158 3541 2355 2159 3542 2345 2157 3543 2355 2159 3544 2358 2160 3545 2306 2161 3546 2331 2162 3547 2350 2163 3548 2306 2161 3549 2350 2163 3550 2312 2164 3551 2329 2165 3552 2332 2166 3553 2344 2167 3554 2329 2165 3555 2344 2167 3556 2348 2168 3557 2334 2169 3558 2336 2170 3559 2342 2171 3560 2334 2169 3561 2342 2171 3562 2347 2172 3563 2410 2173 3564 2381 2174 3565 2386 2175 3566 2410 2173 3567 2386 2175 3568 2412 2176 3569 2415 2177 3570 2387 2178 3571 2398 2179 3572 2415 2177 3573 2398 2179 3574 2425 2180 3575 2426 2181 3576 2399 2182 3577 2393 2183 3578 2426 2181 3579 2393 2183 3580 2438 2184 3581 2437 2185 3582 2392 2186 3583 2380 2187 3584 2437 2185 3585 2380 2187 3586 2409 2188 3587 2382 411 3588 2394 411 3589 2388 411 3590 2382 2189 3591 2388 2189 3592 2376 2189 3593 2397 20 3594 2385 20 3595 2379 20 3596 2397 2190 3597 2379 2190 3598 2391 2190 3599 2389 2191 3600 2445 2191 3601 2401 2191 3602 2389 2192 3603 2401 2193 3604 2377 2194 3605 2444 2195 3606 2441 2196 3607 2405 2197 3608 2444 2195 3609 2405 2197 3610 2400 2198 3611 2440 2199 3612 2436 2200 3613 2408 2201 3614 2440 2199 3615 2408 2201 3616 2404 2202 3617 2396 2203 3618 2434 2204 3619 2446 2205 3620 2396 2206 3621 2446 2207 3622 2390 2208 3623 2435 2209 3624 2431 2210 3625 2443 2211 3626 2435 2209 3627 2443 2211 3628 2447 2212 3629 2430 2213 3630 2427 2214 3631 2439 2215 3632 2430 2213 3633 2439 2215 3634 2442 2216 3635 2384 2217 3636 2423 2217 3637 2433 2217 3638 2384 2218 3639 2433 2219 3640 2395 2220 3641 2422 2221 3642 2419 2222 3643 2429 2223 3644 2422 2221 3645 2429 2223 3646 2432 2224 3647 2418 2225 3648 2414 2226 3649 2424 2227 3650 2418 2225 3651 2424 2227 3652 2428 2228 3653 2378 2229 3654 2402 2229 3655 2420 2229 3656 2378 2230 3657 2420 2231 3658 2383 2232 3659 2403 2233 3660 2407 2234 3661 2417 2235 3662 2403 2233 3663 2417 2235 3664 2421 2236 3665 2406 2237 3666 2411 2238 3667 2413 2239 3668 2406 2237 3669 2413 2239 3670 2416 2240 3671 2483 2241 3672 2453 2242 3673 2458 2243 3674 2483 2241 3675 2458 2243 3676 2485 2244 3677 2487 2245 3678 2459 2246 3679 2470 2247 3680 2487 2245 3681 2470 2247 3682 2497 2248 3683 2499 2249 3684 2471 2250 3685 2465 2251 3686 2499 2249 3687 2465 2251 3688 2511 2252 3689 2509 2253 3690 2464 2254 3691 2452 2255 3692 2509 2253 3693 2452 2255 3694 2481 2256 3695 2454 2257 3696 2466 2257 3697 2460 2257 3698 2454 2258 3699 2460 2258 3700 2448 2258 3701 2469 20 3702 2457 20 3703 2451 20 3704 2469 2259 3705 2451 2259 3706 2463 2259 3707 2461 2260 3708 2517 2261 3709 2475 2262 3710 2461 2260 3711 2475 2262 3712 2450 2263 3713 2516 2264 3714 2512 2265 3715 2476 2266 3716 2516 2264 3717 2476 2266 3718 2472 2267 3719 2513 2268 3720 2508 2269 3721 2480 2270 3722 2513 2268 3723 2480 2270 3724 2477 2271 3725 2468 2272 3726 2506 2273 3727 2518 2274 3728 2468 2272 3729 2518 2274 3730 2462 2275 3731 2507 2276 3732 2502 2277 3733 2514 2278 3734 2507 2276 3735 2514 2278 3736 2519 2279 3737 2503 2280 3738 2498 2281 3739 2510 2282 3740 2503 2280 3741 2510 2282 3742 2515 2283 3743 2455 2284 3744 2492 2285 3745 2504 2286 3746 2455 2284 3747 2504 2286 3748 2467 2287 3749 2495 2288 3750 2490 2289 3751 2500 2290 3752 2495 2288 3753 2500 2290 3754 2505 2291 3755 2491 2292 3756 2486 2293 3757 2496 2294 3758 2491 2292 3759 2496 2294 3760 2501 2295 3761 2449 2296 3762 2473 2297 3763 2493 2298 3764 2449 2296 3765 2493 2298 3766 2456 2299 3767 2474 2300 3768 2478 2301 3769 2488 2302 3770 2474 2300 3771 2488 2302 3772 2494 2303 3773 2479 2304 3774 2482 2305 3775 2484 2306 3776 2479 2304 3777 2484 2306 3778 2489 2307 3779 2552 2308 3780 2524 2309 3781 2530 2310 3782 2552 2308 3783 2530 2310 3784 2556 2311 3785 2559 2312 3786 2531 2313 3787 2543 2314 3788 2559 2312 3789 2543 2314 3790 2571 2315 3791 2568 2316 3792 2542 2317 3793 2537 2318 3794 2568 2316 3795 2537 2318 3796 2582 2319 3797 2581 2320 3798 2536 2321 3799 2525 2322 3800 2581 2320 3801 2525 2322 3802 2555 2323 3803 2526 2324 3804 2538 2324 3805 2532 2324 3806 2526 411 3807 2532 411 3808 2520 411 3809 2541 2325 3810 2529 2325 3811 2523 2325 3812 2541 20 3813 2523 20 3814 2535 20 3815 2533 2326 3816 2588 2327 3817 2546 2328 3818 2533 2326 3819 2546 2328 3820 2522 2329 3821 2589 2330 3822 2585 2331 3823 2551 2332 3824 2589 2330 3825 2551 2332 3826 2547 2333 3827 2584 2334 3828 2580 2335 3829 2554 2336 3830 2584 2334 3831 2554 2336 3832 2550 2337 3833 2539 2338 3834 2576 2338 3835 2590 2338 3836 2539 2339 3837 2590 2340 3838 2534 2341 3839 2577 2342 3840 2573 2343 3841 2587 2344 3842 2577 2342 3843 2587 2344 3844 2591 2345 3845 2572 2346 3846 2569 2347 3847 2583 2348 3848 2572 2346 3849 2583 2348 3850 2586 2349 3851 2528 2350 3852 2566 2350 3853 2578 2350 3854 2528 2351 3855 2578 2352 3856 2540 2353 3857 2567 2354 3858 2563 2355 3859 2575 2356 3860 2567 2354 3861 2575 2356 3862 2579 2357 3863 2562 2358 3864 2558 2359 3865 2570 2360 3866 2562 2358 3867 2570 2360 3868 2574 2361 3869 2521 2362 3870 2544 2362 3871 2564 2362 3872 2521 2363 3873 2564 2364 3874 2527 2365 3875 2545 2366 3876 2549 2367 3877 2561 2368 3878 2545 2366 3879 2561 2368 3880 2565 2369 3881 2548 2370 3882 2553 2371 3883 2557 2372 3884 2548 2370 3885 2557 2372 3886 2560 2373 3887 2625 2374 3888 2596 2375 3889 2602 2376 3890 2625 2374 3891 2602 2376 3892 2629 2377 3893 2631 2378 3894 2603 2379 3895 2615 2380 3896 2631 2378 3897 2615 2380 3898 2643 2381 3899 2641 2382 3900 2614 2383 3901 2609 2384 3902 2641 2382 3903 2609 2384 3904 2655 2385 3905 2653 2386 3906 2608 2387 3907 2597 2388 3908 2653 2386 3909 2597 2388 3910 2627 2389 3911 2598 2390 3912 2610 2390 3913 2604 2390 3914 2598 2391 3915 2604 2391 3916 2592 2391 3917 2613 2392 3918 2601 2392 3919 2595 2392 3920 2613 20 3921 2595 20 3922 2607 20 3923 2606 2393 3924 2661 2394 3925 2617 2395 3926 2606 2393 3927 2617 2395 3928 2593 2396 3929 2662 2397 3930 2657 2398 3931 2623 2399 3932 2662 2397 3933 2623 2399 3934 2618 2400 3935 2656 2401 3936 2652 2402 3937 2626 2403 3938 2656 2401 3939 2626 2403 3940 2622 2404 3941 2611 2405 3942 2648 2406 3943 2660 2407 3944 2611 2405 3945 2660 2407 3946 2605 2408 3947 2649 2409 3948 2644 2410 3949 2658 2411 3950 2649 2409 3951 2658 2411 3952 2663 2412 3953 2645 2413 3954 2640 2414 3955 2654 2415 3956 2645 2413 3957 2654 2415 3958 2659 2416 3959 2600 2417 3960 2638 2418 3961 2650 2419 3962 2600 2417 3963 2650 2419 3964 2612 2420 3965 2639 2421 3966 2635 2422 3967 2647 2423 3968 2639 2421 3969 2647 2423 3970 2651 2424 3971 2634 2425 3972 2630 2426 3973 2642 2427 3974 2634 2425 3975 2642 2427 3976 2646 2428 3977 2594 2429 3978 2619 2430 3979 2637 2431 3980 2594 2429 3981 2637 2431 3982 2599 2432 3983 2616 2433 3984 2620 2434 3985 2632 2435 3986 2616 2433 3987 2632 2435 3988 2636 2436 3989 2621 2437 3990 2624 2438 3991 2628 2439 3992 2621 2437 3993 2628 2439 3994 2633 2440 3995 2698 2441 3996 2669 2441 3997 2675 2441 3998 2698 2442 3999 2675 2442 4000 2702 2442 4001 2701 2443 4002 2674 2443 4003 2687 2443 4004 2701 2444 4005 2687 2444 4006 2715 2444 4007 2712 2445 4008 2686 2445 4009 2681 2445 4010 2712 2446 4011 2681 2446 4012 2726 2446 4013 2724 2447 4014 2680 2447 4015 2668 2447 4016 2724 2448 4017 2668 2448 4018 2696 2448 4019 2670 411 4020 2682 411 4021 2676 411 4022 2670 411 4023 2676 411 4024 2664 411 4025 2685 20 4026 2673 20 4027 2667 20 4028 2685 2449 4029 2667 2449 4030 2679 2449 4031 2677 2450 4032 2732 2450 4033 2688 2450 4034 2677 2451 4035 2688 2452 4036 2665 2453 4037 2733 2454 4038 2728 2455 4039 2692 2456 4040 2733 2454 4041 2692 2456 4042 2689 2457 4043 2729 2458 4044 2725 2459 4045 2697 2460 4046 2729 2458 4047 2697 2460 4048 2693 2461 4049 2683 2462 4050 2721 2462 4051 2735 2462 4052 2683 2463 4053 2735 2464 4054 2678 2465 4055 2720 2466 4056 2716 2467 4057 2730 2468 4058 2720 2466 4059 2730 2468 4060 2734 2469 4061 2717 2470 4062 2713 2471 4063 2727 2472 4064 2717 2470 4065 2727 2472 4066 2731 2473 4067 2671 2474 4068 2709 2474 4069 2723 2474 4070 2671 2475 4071 2723 2476 4072 2684 2477 4073 2708 2478 4074 2704 2479 4075 2718 2480 4076 2708 2478 4077 2718 2480 4078 2722 2481 4079 2705 2482 4080 2700 2483 4081 2714 2484 4082 2705 2482 4083 2714 2484 4084 2719 2485 4085 2666 2486 4086 2691 2486 4087 2711 2486 4088 2666 2487 4089 2711 2488 4090 2672 2489 4091 2690 2490 4092 2694 2491 4093 2706 2492 4094 2690 2490 4095 2706 2492 4096 2710 2493 4097 2695 2494 4098 2699 2495 4099 2703 2496 4100 2695 2494 4101 2703 2496 4102 2707 2497 4103 2770 2498 4104 2741 2498 4105 2746 2498 4106 2770 2499 4107 2746 2499 4108 2772 2499 4109 2775 2500 4110 2747 2500 4111 2759 2500 4112 2775 2501 4113 2759 2501 4114 2787 2501 4115 2784 2502 4116 2758 2502 4117 2752 2502 4118 2784 2503 4119 2752 2503 4120 2796 2503 4121 2798 2504 4122 2753 2504 4123 2740 2504 4124 2798 2505 4125 2740 2505 4126 2768 2505 4127 2742 2506 4128 2754 2506 4129 2748 2506 4130 2742 411 4131 2748 411 4132 2736 411 4133 2757 2507 4134 2745 2507 4135 2739 2507 4136 2757 2508 4137 2739 2508 4138 2751 2508 4139 2750 2509 4140 2806 2509 4141 2760 2509 4142 2750 2510 4143 2760 2511 4144 2737 2512 4145 2807 2513 4146 2802 2514 4147 2764 2515 4148 2807 2513 4149 2764 2515 4150 2761 2516 4151 2803 2517 4152 2799 2518 4153 2769 2519 4154 2803 2517 4155 2769 2519 4156 2765 2520 4157 2755 2521 4158 2792 2522 4159 2804 2523 4160 2755 2524 4161 2804 2525 4162 2749 2526 4163 2793 2527 4164 2788 2528 4165 2800 2529 4166 2793 2527 4167 2800 2529 4168 2805 2530 4169 2789 2531 4170 2785 2532 4171 2797 2533 4172 2789 2534 4173 2797 2535 4174 2801 2536 4175 2744 2537 4176 2783 2537 4177 2795 2537 4178 2744 2538 4179 2795 2539 4180 2756 2540 4181 2782 2541 4182 2778 2542 4183 2790 2543 4184 2782 2541 4185 2790 2543 4186 2794 2544 4187 2779 2545 4188 2774 2546 4189 2786 2547 4190 2779 2545 4191 2786 2547 4192 2791 2548 4193 2738 2549 4194 2762 2549 4195 2780 2549 4196 2738 2550 4197 2780 2550 4198 2743 2551 4199 2763 2552 4200 2766 2553 4201 2776 2554 4202 2763 2552 4203 2776 2554 4204 2781 2555 4205 2767 2556 4206 2771 2557 4207 2773 2558 4208 2767 2556 4209 2773 2558 4210 2777 2559 4211 2841 2560 4212 2812 2561 4213 2818 2562 4214 2841 2560 4215 2818 2562 4216 2845 2563 4217 2846 2564 4218 2819 2565 4219 2830 2566 4220 2846 2564 4221 2830 2566 4222 2856 2567 4223 2859 2568 4224 2831 2569 4225 2824 2570 4226 2859 2568 4227 2824 2570 4228 2869 2571 4229 2870 2572 4230 2825 2573 4231 2813 2574 4232 2870 2572 4233 2813 2574 4234 2842 2575 4235 2816 2576 4236 2827 2577 4237 2820 2578 4238 2816 2576 4239 2820 2578 4240 2809 2579 4241 2829 20 4242 2817 20 4243 2811 20 4244 2829 20 4245 2811 20 4246 2823 20 4247 2822 2580 4248 2879 2581 4249 2835 2582 4250 2822 2580 4251 2835 2582 4252 2810 2583 4253 2877 2584 4254 2873 2585 4255 2838 2586 4256 2877 2584 4257 2838 2586 4258 2834 2587 4259 2875 2588 4260 2871 2589 4261 2843 2590 4262 2875 2588 4263 2843 2590 4264 2839 2591 4265 2828 2592 4266 2867 2593 4267 2878 2594 4268 2828 2592 4269 2878 2594 4270 2821 2595 4271 2866 2596 4272 2862 2597 4273 2872 2598 4274 2866 2596 4275 2872 2598 4276 2876 2599 4277 2863 2600 4278 2858 2601 4279 2868 2602 4280 2863 2600 4281 2868 2602 4282 2874 2603 4283 2815 2604 4284 2855 2605 4285 2865 2606 4286 2815 2604 4287 2865 2606 4288 2826 2607 4289 2853 2608 4290 2849 2609 4291 2860 2610 4292 2853 2608 4293 2860 2610 4294 2864 2611 4295 2851 2612 4296 2847 2613 4297 2857 2614 4298 2851 2612 4299 2857 2614 4300 2861 2615 4301 2808 2616 4302 2833 2617 4303 2854 2618 4304 2808 2616 4305 2854 2618 4306 2814 2619 4307 2832 2620 4308 2836 2621 4309 2848 2622 4310 2832 2620 4311 2848 2622 4312 2852 2623 4313 2837 2624 4314 2840 2625 4315 2844 2626 4316 2837 2624 4317 2844 2626 4318 2850 2627 4319 2913 2628 4320 2884 2629 4321 2891 2630 4322 2913 2628 4323 2891 2630 4324 2919 2631 4325 2917 2632 4326 2890 2633 4327 2902 2634 4328 2917 2632 4329 2902 2634 4330 2929 2635 4331 2931 2636 4332 2903 2637 4333 2897 2638 4334 2931 2636 4335 2897 2638 4336 2943 2639 4337 2941 2640 4338 2896 2641 4339 2885 2642 4340 2941 2640 4341 2885 2642 4342 2915 2643 4343 2886 2644 4344 2899 2645 4345 2893 2646 4346 2886 2644 4347 2893 2646 4348 2880 2647 4349 2901 20 4350 2889 20 4351 2883 20 4352 2901 2648 4353 2883 2648 4354 2895 2648 4355 2894 2649 4356 2951 2650 4357 2905 2651 4358 2894 2649 4359 2905 2651 4360 2881 2652 4361 2948 2653 4362 2944 2654 4363 2908 2655 4364 2948 2653 4365 2908 2655 4366 2904 2656 4367 2946 2657 4368 2940 2657 4369 2914 2657 4370 2946 2658 4371 2914 2658 4372 2910 2658 4373 2898 2659 4374 2937 2660 4375 2950 2661 4376 2898 2659 4377 2950 2661 4378 2892 2662 4379 2936 2663 4380 2933 2664 4381 2945 2665 4382 2936 2663 4383 2945 2665 4384 2949 2666 4385 2935 2667 4386 2930 2668 4387 2942 2669 4388 2935 2667 4389 2942 2669 4390 2947 2670 4391 2888 2671 4392 2927 2672 4393 2939 2673 4394 2888 2671 4395 2939 2673 4396 2900 2674 4397 2924 2675 4398 2922 2676 4399 2934 2677 4400 2924 2675 4401 2934 2677 4402 2938 2678 4403 2920 2679 4404 2916 2680 4405 2928 2681 4406 2920 2679 4407 2928 2681 4408 2932 2682 4409 2882 2683 4410 2906 2684 4411 2925 2685 4412 2882 2683 4413 2925 2685 4414 2887 2686 4415 2907 2687 4416 2911 2688 4417 2923 2689 4418 2907 2687 4419 2923 2689 4420 2926 2690 4421 2909 2691 4422 2912 2692 4423 2918 2693 4424 2909 2691 4425 2918 2693 4426 2921 2694 4427 2986 2695 4428 2957 2696 4429 2962 2697 4430 2986 2695 4431 2962 2697 4432 2988 2698 4433 2991 2699 4434 2963 2700 4435 2975 2701 4436 2991 2699 4437 2975 2701 4438 3003 2702 4439 3000 2703 4440 2974 2704 4441 2968 2705 4442 3000 2703 4443 2968 2705 4444 3012 2706 4445 3015 2707 4446 2969 2708 4447 2956 2709 4448 3015 2710 4449 2956 2711 4450 2985 2712 4451 2958 411 4452 2970 411 4453 2964 411 4454 2958 411 4455 2964 411 4456 2952 411 4457 2973 20 4458 2961 20 4459 2955 20 4460 2973 20 4461 2955 20 4462 2967 20 4463 2966 2713 4464 3022 2713 4465 2976 2713 4466 2966 2714 4467 2976 2715 4468 2953 2716 4469 3023 2717 4470 3019 2718 4471 2981 2719 4472 3023 2717 4473 2981 2719 4474 2977 2720 4475 3018 2721 4476 3014 2722 4477 2984 2723 4478 3018 2721 4479 2984 2723 4480 2980 2724 4481 2971 2725 4482 3009 2725 4483 3021 2725 4484 2971 2726 4485 3021 2727 4486 2965 2728 4487 3008 2729 4488 3004 2730 4489 3016 2731 4490 3008 2729 4491 3016 2731 4492 3020 2732 4493 3005 2733 4494 3001 2734 4495 3013 2735 4496 3005 2733 4497 3013 2735 4498 3017 2736 4499 2960 2737 4500 2998 2737 4501 3010 2737 4502 2960 2738 4503 3010 2739 4504 2972 2740 4505 2999 2741 4506 2995 2742 4507 3007 2743 4508 2999 2741 4509 3007 2743 4510 3011 2744 4511 2994 2745 4512 2990 2746 4513 3002 2747 4514 2994 2745 4515 3002 2747 4516 3006 2748 4517 2954 2749 4518 2979 2749 4519 2997 2749 4520 2954 2750 4521 2997 2751 4522 2959 2752 4523 2978 2753 4524 2982 2754 4525 2992 2755 4526 2978 2753 4527 2992 2755 4528 2996 2756 4529 2983 2757 4530 2987 2758 4531 2989 2759 4532 2983 2757 4533 2989 2759 4534 2993 2760 4535 3058 2761 4536 3029 2762 4537 3034 2763 4538 3058 2761 4539 3034 2763 4540 3060 2764 4541 3063 2765 4542 3035 2766 4543 3047 2767 4544 3063 2765 4545 3047 2767 4546 3075 2768 4547 3073 2769 4548 3046 2770 4549 3040 2771 4550 3073 2769 4551 3040 2771 4552 3085 2772 4553 3087 2773 4554 3041 2774 4555 3028 2775 4556 3087 2773 4557 3028 2775 4558 3057 2776 4559 3030 2777 4560 3042 2777 4561 3036 2777 4562 3030 2778 4563 3036 2778 4564 3024 2778 4565 3045 20 4566 3033 20 4567 3027 20 4568 3045 2779 4569 3027 2779 4570 3039 2779 4571 3037 2780 4572 3093 2781 4573 3048 2782 4574 3037 2780 4575 3048 2782 4576 3025 2783 4577 3094 2784 4578 3091 2785 4579 3053 2786 4580 3094 2784 4581 3053 2786 4582 3049 2787 4583 3089 2788 4584 3086 2789 4585 3056 2790 4586 3089 2788 4587 3056 2790 4588 3052 2791 4589 3043 2792 4590 3081 2793 4591 3095 2794 4592 3043 2792 4593 3095 2794 4594 3038 2795 4595 3080 2796 4596 3077 2797 4597 3090 2798 4598 3080 2796 4599 3090 2798 4600 3092 2799 4601 3076 2800 4602 3072 2801 4603 3084 2802 4604 3076 2800 4605 3084 2802 4606 3088 2803 4607 3031 2804 4608 3069 2805 4609 3082 2806 4610 3031 2804 4611 3082 2806 4612 3044 2807 4613 3070 2808 4614 3067 2809 4615 3079 2810 4616 3070 2808 4617 3079 2810 4618 3083 2811 4619 3066 2812 4620 3062 2813 4621 3074 2814 4622 3066 2812 4623 3074 2814 4624 3078 2815 4625 3026 2816 4626 3051 2817 4627 3071 2818 4628 3026 2816 4629 3071 2818 4630 3032 2819 4631 3050 2820 4632 3055 2821 4633 3065 2822 4634 3050 2820 4635 3065 2822 4636 3068 2823 4637 3054 2824 4638 3059 2825 4639 3061 2826 4640 3054 2824 4641 3061 2826 4642 3064 2827 4643 3130 2828 4644 3101 2829 4645 3107 2830 4646 3130 2828 4647 3107 2830 4648 3134 2831 4649 3133 2832 4650 3106 2833 4651 3118 2834 4652 3133 2832 4653 3118 2834 4654 3145 2835 4655 3146 2836 4656 3119 2837 4657 3112 2838 4658 3146 2836 4659 3112 2838 4660 3156 2839 4661 3159 2840 4662 3113 2841 4663 3100 2842 4664 3159 2840 4665 3100 2842 4666 3129 2843 4667 3102 411 4668 3114 411 4669 3108 411 4670 3102 2844 4671 3108 2844 4672 3096 2844 4673 3117 20 4674 3105 20 4675 3099 20 4676 3117 20 4677 3099 20 4678 3111 20 4679 3110 2845 4680 3167 2845 4681 3121 2845 4682 3110 2846 4683 3121 2847 4684 3097 2848 4685 3166 2849 4686 3163 2850 4687 3125 2851 4688 3166 2849 4689 3125 2851 4690 3120 2852 4691 3162 2853 4692 3158 2854 4693 3128 2855 4694 3162 2853 4695 3128 2855 4696 3124 2856 4697 3116 2857 4698 3154 2858 4699 3164 2859 4700 3116 2860 4701 3164 2861 4702 3109 2862 4703 3155 2863 4704 3151 2864 4705 3161 2865 4706 3155 2863 4707 3161 2865 4708 3165 2866 4709 3150 2867 4710 3147 2868 4711 3157 2869 4712 3150 2867 4713 3157 2869 4714 3160 2870 4715 3103 2871 4716 3141 2872 4717 3153 2873 4718 3103 2871 4719 3153 2873 4720 3115 2874 4721 3140 2875 4722 3137 2876 4723 3149 2877 4724 3140 2875 4725 3149 2877 4726 3152 2878 4727 3136 2879 4728 3132 2880 4729 3144 2881 4730 3136 2879 4731 3144 2881 4732 3148 2882 4733 3098 2883 4734 3122 2884 4735 3142 2885 4736 3098 2886 4737 3142 2887 4738 3104 2888 4739 3123 2889 4740 3126 2890 4741 3138 2891 4742 3123 2889 4743 3138 2891 4744 3143 2892 4745 3127 2893 4746 3131 2894 4747 3135 2895 4748 3127 2893 4749 3135 2895 4750 3139 2896 4751 3203 2897 4752 3173 2898 4753 3179 2899 4754 3203 2897 4755 3179 2899 4756 3207 2900 4757 3205 2901 4758 3178 2902 4759 3190 2903 4760 3205 2901 4761 3190 2903 4762 3217 2904 4763 3219 2905 4764 3191 2906 4765 3184 2907 4766 3219 2905 4767 3184 2907 4768 3229 2908 4769 3231 2909 4770 3185 2910 4771 3172 2911 4772 3231 2909 4773 3172 2911 4774 3201 2912 4775 3174 2913 4776 3187 2913 4777 3182 2913 4778 3174 2914 4779 3182 2914 4780 3169 2914 4781 3189 20 4782 3177 20 4783 3171 20 4784 3189 2915 4785 3171 2915 4786 3183 2915 4787 3180 2916 4788 3236 2917 4789 3192 2918 4790 3180 2916 4791 3192 2918 4792 3168 2919 4793 3239 2920 4794 3234 2921 4795 3196 2922 4796 3239 2920 4797 3196 2922 4798 3193 2923 4799 3235 2924 4800 3230 2925 4801 3200 2926 4802 3235 2924 4803 3200 2926 4804 3197 2927 4805 3186 2928 4806 3225 2929 4807 3237 2930 4808 3186 2928 4809 3237 2930 4810 3181 2931 4811 3226 2932 4812 3222 2933 4813 3232 2934 4814 3226 2932 4815 3232 2934 4816 3238 2935 4817 3223 2936 4818 3218 2937 4819 3228 2938 4820 3223 2936 4821 3228 2938 4822 3233 2939 4823 3175 2940 4824 3213 2941 4825 3227 2942 4826 3175 2940 4827 3227 2942 4828 3188 2943 4829 3212 2944 4830 3208 2945 4831 3220 2946 4832 3212 2944 4833 3220 2946 4834 3224 2947 4835 3209 2948 4836 3204 2949 4837 3216 2950 4838 3209 2948 4839 3216 2950 4840 3221 2951 4841 3170 2952 4842 3194 2953 4843 3214 2954 4844 3170 2952 4845 3214 2954 4846 3176 2955 4847 3195 2956 4848 3198 2957 4849 3210 2958 4850 3195 2956 4851 3210 2958 4852 3215 2959 4853 3199 2960 4854 3202 2961 4855 3206 2962 4856 3199 2960 4857 3206 2962 4858 3211 2963 4859 3272 2964 4860 3244 2964 4861 3250 2964 4862 3272 2965 4863 3250 2965 4864 3276 2965 4865 3279 2966 4866 3251 2966 4867 3262 2966 4868 3279 2967 4869 3262 2967 4870 3289 2967 4871 3290 2968 4872 3263 2968 4873 3256 2968 4874 3290 2969 4875 3256 2969 4876 3300 2969 4877 3302 2970 4878 3257 2970 4879 3245 2970 4880 3302 2971 4881 3245 2971 4882 3274 2971 4883 3246 411 4884 3258 411 4885 3252 411 4886 3246 411 4887 3252 411 4888 3240 411 4889 3261 2972 4890 3249 2972 4891 3243 2972 4892 3261 20 4893 3243 20 4894 3255 20 4895 3254 2973 4896 3310 2974 4897 3266 2975 4898 3254 2976 4899 3266 2977 4900 3242 2978 4901 3311 2979 4902 3306 2980 4903 3270 2981 4904 3311 2979 4905 3270 2981 4906 3267 2982 4907 3307 2983 4908 3303 2984 4909 3275 2985 4910 3307 2983 4911 3275 2985 4912 3271 2986 4913 3260 2987 4914 3298 2987 4915 3308 2987 4916 3260 2988 4917 3308 2989 4918 3253 2990 4919 3299 2991 4920 3294 2992 4921 3304 2993 4922 3299 2991 4923 3304 2993 4924 3309 2994 4925 3295 2995 4926 3291 2996 4927 3301 2997 4928 3295 2995 4929 3301 2997 4930 3305 2998 4931 3248 2999 4932 3287 2999 4933 3297 2999 4934 3248 3000 4935 3297 3001 4936 3259 3002 4937 3286 3003 4938 3282 3004 4939 3292 3005 4940 3286 3003 4941 3292 3005 4942 3296 3006 4943 3283 3007 4944 3278 3008 4945 3288 3009 4946 3283 3007 4947 3288 3009 4948 3293 3010 4949 3241 3011 4950 3264 3011 4951 3284 3011 4952 3241 3012 4953 3284 3013 4954 3247 3014 4955 3265 3015 4956 3268 3016 4957 3280 3017 4958 3265 3015 4959 3280 3017 4960 3285 3018 4961 3269 3019 4962 3273 3020 4963 3277 3021 4964 3269 3019 4965 3277 3021 4966 3281 3022 4967 3346 3023 4968 3317 3023 4969 3323 3023 4970 3346 3024 4971 3323 3024 4972 3350 3024 4973 3349 3025 4974 3322 3025 4975 3334 3025 4976 3349 3026 4977 3334 3026 4978 3361 3026 4979 3362 3027 4980 3335 3027 4981 3328 3027 4982 3362 3028 4983 3328 3028 4984 3372 3028 4985 3374 3029 4986 3329 3029 4987 3316 3029 4988 3374 3030 4989 3316 3030 4990 3344 3030 4991 3318 411 4992 3330 411 4993 3324 411 4994 3318 411 4995 3324 411 4996 3312 411 4997 3333 3031 4998 3321 3031 4999 3315 3031 5000 3333 3032 5001 3315 3032 5002 3327 3032 5003 3326 3033 5004 3382 3033 5005 3336 3033 5006 3326 3034 5007 3336 3035 5008 3313 3036 5009 3383 3037 5010 3378 3038 5011 3340 3039 5012 3383 3037 5013 3340 3039 5014 3337 3040 5015 3379 3041 5016 3375 3042 5017 3345 3043 5018 3379 3041 5019 3345 3043 5020 3341 3044 5021 3332 3045 5022 3371 3046 5023 3381 3047 5024 3332 3048 5025 3381 3049 5026 3325 3050 5027 3370 3051 5028 3366 3052 5029 3376 3053 5030 3370 3051 5031 3376 3053 5032 3380 3054 5033 3367 3055 5034 3363 3056 5035 3373 3057 5036 3367 3055 5037 3373 3057 5038 3377 3058 5039 3319 3059 5040 3357 3059 5041 3369 3059 5042 3319 3060 5043 3369 3061 5044 3331 3062 5045 3356 3063 5046 3352 3064 5047 3364 3065 5048 3356 3063 5049 3364 3065 5050 3368 3066 5051 3353 3067 5052 3348 3068 5053 3360 3069 5054 3353 3070 5055 3360 3071 5056 3365 3072 5057 3314 3073 5058 3339 3073 5059 3359 3073 5060 3314 3074 5061 3359 3075 5062 3320 3076 5063 3338 3077 5064 3342 3078 5065 3354 3079 5066 3338 3077 5067 3354 3079 5068 3358 3080 5069 3343 3081 5070 3347 3082 5071 3351 3083 5072 3343 3081 5073 3351 3083 5074 3355 3084 5075 3417 3085 5076 3388 3086 5077 3394 3087 5078 3417 3085 5079 3394 3087 5080 3421 3088 5081 3422 3089 5082 3395 3090 5083 3407 3091 5084 3422 3089 5085 3407 3091 5086 3434 3092 5087 3433 3093 5088 3406 3094 5089 3401 3095 5090 3433 3093 5091 3401 3095 5092 3447 3096 5093 3444 3097 5094 3400 3098 5095 3389 3099 5096 3444 3097 5097 3389 3099 5098 3418 3100 5099 3390 3101 5100 3402 3102 5101 3396 3103 5102 3390 3101 5103 3396 3103 5104 3384 3104 5105 3405 3105 5106 3393 3105 5107 3387 3105 5108 3405 20 5109 3387 20 5110 3399 20 5111 3397 3106 5112 3453 3107 5113 3410 3108 5114 3397 3106 5115 3410 3108 5116 3385 3109 5117 3452 3110 5118 3448 3111 5119 3412 3112 5120 3452 3110 5121 3412 3112 5122 3408 3113 5123 3449 3114 5124 3445 3115 5125 3419 3116 5126 3449 3114 5127 3419 3116 5128 3415 3117 5129 3404 3118 5130 3443 3119 5131 3455 3120 5132 3404 3118 5133 3455 3120 5134 3398 3121 5135 3440 3122 5136 3436 3123 5137 3450 3124 5138 3440 3122 5139 3450 3124 5140 3454 3125 5141 3438 3126 5142 3432 3127 5143 3446 3128 5144 3438 3126 5145 3446 3128 5146 3451 3129 5147 3392 3130 5148 3431 3131 5149 3442 3132 5150 3392 3130 5151 3442 3132 5152 3403 3133 5153 3430 3134 5154 3426 3135 5155 3437 3136 5156 3430 3134 5157 3437 3136 5158 3441 3137 5159 3427 3138 5160 3423 3139 5161 3435 3140 5162 3427 3138 5163 3435 3140 5164 3439 3141 5165 3386 3142 5166 3411 3143 5167 3429 3144 5168 3386 3142 5169 3429 3144 5170 3391 3145 5171 3409 3146 5172 3413 3147 5173 3424 3148 5174 3409 3146 5175 3424 3148 5176 3428 3149 5177 3414 3150 5178 3416 3151 5179 3420 3152 5180 3414 3150 5181 3420 3152 5182 3425 3153 5183 3491 3154 5184 3461 3155 5185 3467 3156 5186 3491 3154 5187 3467 3156 5188 3495 3157 5189 3493 3158 5190 3466 3159 5191 3479 3160 5192 3493 3158 5193 3479 3160 5194 3507 3161 5195 3505 3162 5196 3478 3163 5197 3473 3164 5198 3505 3162 5199 3473 3164 5200 3519 3165 5201 3517 3166 5202 3472 3167 5203 3460 3168 5204 3517 3166 5205 3460 3168 5206 3489 3169 5207 3464 3170 5208 3476 3171 5209 3469 3172 5210 3464 3170 5211 3469 3172 5212 3457 3173 5213 3477 3174 5214 3465 3174 5215 3459 3174 5216 3477 3175 5217 3459 3175 5218 3471 3175 5219 3470 3176 5220 3527 3177 5221 3483 3178 5222 3470 3176 5223 3483 3178 5224 3458 3179 5225 3524 3180 5226 3522 3181 5227 3486 3182 5228 3524 3180 5229 3486 3182 5230 3482 3183 5231 3520 3184 5232 3516 3184 5233 3488 3184 5234 3520 3185 5235 3488 3185 5236 3484 3185 5237 3475 3186 5238 3515 3187 5239 3526 3188 5240 3475 3186 5241 3526 3188 5242 3468 3189 5243 3514 3190 5244 3511 3191 5245 3523 3192 5246 3514 3190 5247 3523 3192 5248 3525 3193 5249 3509 3194 5250 3504 3195 5251 3518 3196 5252 3509 3194 5253 3518 3196 5254 3521 3197 5255 3463 3198 5256 3503 3199 5257 3513 3200 5258 3463 3198 5259 3513 3200 5260 3474 3201 5261 3500 3202 5262 3496 3203 5263 3508 3204 5264 3500 3202 5265 3508 3204 5266 3512 3205 5267 3498 3206 5268 3492 3207 5269 3506 3208 5270 3498 3206 5271 3506 3208 5272 3510 3209 5273 3456 3210 5274 3481 3211 5275 3502 3212 5276 3456 3210 5277 3502 3212 5278 3462 3213 5279 3480 3214 5280 3485 3215 5281 3497 3216 5282 3480 3214 5283 3497 3216 5284 3501 3217 5285 3487 3218 5286 3490 3219 5287 3494 3220 5288 3487 3218 5289 3494 3220 5290 3499 3221 5291 3560 3222 5292 3532 3223 5293 3538 3224 5294 3560 3222 5295 3538 3224 5296 3564 3225 5297 3567 3226 5298 3539 3227 5299 3550 3228 5300 3567 3226 5301 3550 3228 5302 3577 3229 5303 3578 3230 5304 3551 3231 5305 3544 3232 5306 3578 3230 5307 3544 3232 5308 3588 3233 5309 3591 3234 5310 3545 3235 5311 3533 3236 5312 3591 3234 5313 3533 3236 5314 3563 3237 5315 3534 411 5316 3546 411 5317 3540 411 5318 3534 411 5319 3540 411 5320 3528 411 5321 3549 3238 5322 3537 3238 5323 3531 3238 5324 3549 3239 5325 3531 3239 5326 3543 3239 5327 3542 3240 5328 3598 3241 5329 3554 3242 5330 3542 3240 5331 3554 3242 5332 3530 3243 5333 3599 3244 5334 3595 3245 5335 3559 3246 5336 3599 3244 5337 3559 3246 5338 3555 3247 5339 3594 3248 5340 3590 3249 5341 3562 3250 5342 3594 3248 5343 3562 3250 5344 3558 3251 5345 3548 3252 5346 3587 3252 5347 3597 3252 5348 3548 3253 5349 3597 3254 5350 3541 3255 5351 3586 3256 5352 3582 3257 5353 3592 3258 5354 3586 3256 5355 3592 3258 5356 3596 3259 5357 3583 3260 5358 3579 3261 5359 3589 3262 5360 3583 3260 5361 3589 3262 5362 3593 3263 5363 3536 3264 5364 3574 3265 5365 3584 3266 5366 3536 3267 5367 3584 3268 5368 3547 3269 5369 3575 3270 5370 3571 3271 5371 3581 3272 5372 3575 3270 5373 3581 3272 5374 3585 3273 5375 3570 3274 5376 3566 3275 5377 3576 3276 5378 3570 3274 5379 3576 3276 5380 3580 3277 5381 3529 3278 5382 3553 3278 5383 3573 3278 5384 3529 3279 5385 3573 3280 5386 3535 3281 5387 3552 3282 5388 3556 3283 5389 3568 3284 5390 3552 3282 5391 3568 3284 5392 3572 3285 5393 3557 3286 5394 3561 3287 5395 3565 3288 5396 3557 3286 5397 3565 3288 5398 3569 3289 5399 3632 3290 5400 3604 3291 5401 3610 3292 5402 3632 3290 5403 3610 3292 5404 3636 3293 5405 3639 3294 5406 3611 3295 5407 3622 3296 5408 3639 3294 5409 3622 3296 5410 3649 3297 5411 3651 3298 5412 3623 3299 5413 3616 3300 5414 3651 3298 5415 3616 3300 5416 3661 3301 5417 3663 3302 5418 3617 3303 5419 3605 3304 5420 3663 3302 5421 3605 3304 5422 3635 3305 5423 3608 3306 5424 3619 3306 5425 3612 3306 5426 3608 3307 5427 3612 3307 5428 3601 3307 5429 3621 3308 5430 3609 3308 5431 3603 3308 5432 3621 3309 5433 3603 3309 5434 3615 3309 5435 3614 3310 5436 3670 3311 5437 3626 3312 5438 3614 3310 5439 3626 3312 5440 3602 3313 5441 3671 3314 5442 3667 3315 5443 3631 3316 5444 3671 3314 5445 3631 3316 5446 3627 3317 5447 3666 3318 5448 3662 3319 5449 3634 3320 5450 3666 3318 5451 3634 3320 5452 3630 3321 5453 3620 3322 5454 3659 3323 5455 3669 3324 5456 3620 3322 5457 3669 3324 5458 3613 3325 5459 3658 3326 5460 3655 3327 5461 3665 3328 5462 3658 3326 5463 3665 3328 5464 3668 3329 5465 3654 3330 5466 3650 3331 5467 3660 3332 5468 3654 3330 5469 3660 3332 5470 3664 3333 5471 3607 3334 5472 3646 3335 5473 3656 3336 5474 3607 3334 5475 3656 3336 5476 3618 3337 5477 3647 3338 5478 3643 3339 5479 3653 3340 5480 3647 3338 5481 3653 3340 5482 3657 3341 5483 3642 3342 5484 3638 3343 5485 3648 3344 5486 3642 3342 5487 3648 3344 5488 3652 3345 5489 3600 3346 5490 3625 3347 5491 3645 3348 5492 3600 3346 5493 3645 3348 5494 3606 3349 5495 3624 3350 5496 3629 3351 5497 3641 3352 5498 3624 3350 5499 3641 3352 5500 3644 3353 5501 3628 3354 5502 3633 3355 5503 3637 3356 5504 3628 3354 5505 3637 3356 5506 3640 3357 5507 3704 3358 5508 3676 3359 5509 3683 3360 5510 3704 3358 5511 3683 3360 5512 3710 3361 5513 3709 3362 5514 3682 3363 5515 3694 3364 5516 3709 3362 5517 3694 3364 5518 3721 3365 5519 3722 3366 5520 3695 3367 5521 3689 3368 5522 3722 3366 5523 3689 3368 5524 3734 3369 5525 3733 3370 5526 3688 3371 5527 3677 3372 5528 3733 3370 5529 3677 3372 5530 3707 3373 5531 3678 3374 5532 3690 3374 5533 3684 3374 5534 3678 3375 5535 3684 3375 5536 3672 3375 5537 3693 3376 5538 3681 3376 5539 3675 3376 5540 3693 20 5541 3675 20 5542 3687 20 5543 3685 3377 5544 3740 3378 5545 3698 3379 5546 3685 3380 5547 3698 3381 5548 3674 3382 5549 3741 3383 5550 3737 3384 5551 3703 3385 5552 3741 3383 5553 3703 3385 5554 3699 3386 5555 3736 3387 5556 3732 3388 5557 3706 3389 5558 3736 3387 5559 3706 3389 5560 3702 3390 5561 3692 3391 5562 3730 3392 5563 3742 3393 5564 3692 3394 5565 3742 3395 5566 3686 3396 5567 3731 3397 5568 3726 3398 5569 3738 3399 5570 3731 3397 5571 3738 3399 5572 3743 3400 5573 3727 3401 5574 3723 3402 5575 3735 3403 5576 3727 3401 5577 3735 3403 5578 3739 3404 5579 3679 3405 5580 3716 3406 5581 3728 3407 5582 3679 3405 5583 3728 3407 5584 3691 3408 5585 3717 3409 5586 3713 3410 5587 3725 3411 5588 3717 3409 5589 3725 3411 5590 3729 3412 5591 3712 3413 5592 3708 3414 5593 3720 3415 5594 3712 3413 5595 3720 3415 5596 3724 3416 5597 3673 3417 5598 3696 3418 5599 3718 3419 5600 3673 3417 5601 3718 3419 5602 3680 3420 5603 3697 3421 5604 3700 3422 5605 3714 3423 5606 3697 3421 5607 3714 3423 5608 3719 3424 5609 3701 3425 5610 3705 3426 5611 3711 3427 5612 3701 3425 5613 3711 3427 5614 3715 3428 5615 3777 3429 5616 3748 3430 5617 3755 3431 5618 3777 3429 5619 3755 3431 5620 3783 3432 5621 3780 3433 5622 3754 3434 5623 3766 3435 5624 3780 3433 5625 3766 3435 5626 3792 3436 5627 3795 3437 5628 3767 3438 5629 3761 3439 5630 3795 3437 5631 3761 3439 5632 3807 3440 5633 3804 3441 5634 3760 3442 5635 3749 3443 5636 3804 3441 5637 3749 3443 5638 3778 3444 5639 3750 3445 5640 3762 3445 5641 3756 3445 5642 3750 3446 5643 3756 3446 5644 3744 3446 5645 3765 20 5646 3753 20 5647 3747 20 5648 3765 20 5649 3747 20 5650 3759 20 5651 3757 3447 5652 3813 3448 5653 3771 3449 5654 3757 3447 5655 3771 3449 5656 3746 3450 5657 3812 3451 5658 3809 3452 5659 3775 3453 5660 3812 3451 5661 3775 3453 5662 3770 3454 5663 3808 3455 5664 3805 3456 5665 3779 3457 5666 3808 3455 5667 3779 3457 5668 3774 3458 5669 3764 3459 5670 3802 3460 5671 3814 3461 5672 3764 3459 5673 3814 3461 5674 3758 3462 5675 3803 3463 5676 3798 3464 5677 3810 3465 5678 3803 3463 5679 3810 3465 5680 3815 3466 5681 3799 3467 5682 3794 3468 5683 3806 3469 5684 3799 3467 5685 3806 3469 5686 3811 3470 5687 3751 3471 5688 3789 3472 5689 3801 3473 5690 3751 3471 5691 3801 3473 5692 3763 3474 5693 3788 3475 5694 3785 3476 5695 3797 3477 5696 3788 3475 5697 3797 3477 5698 3800 3478 5699 3784 3479 5700 3781 3480 5701 3793 3481 5702 3784 3479 5703 3793 3481 5704 3796 3482 5705 3745 3483 5706 3768 3484 5707 3790 3485 5708 3745 3483 5709 3790 3485 5710 3752 3486 5711 3769 3487 5712 3772 3488 5713 3786 3489 5714 3769 3487 5715 3786 3489 5716 3791 3490 5717 3773 3491 5718 3776 3492 5719 3782 3493 5720 3773 3491 5721 3782 3493 5722 3787 3494 5723 3849 3495 5724 3820 3495 5725 3826 3495 5726 3849 3496 5727 3826 3496 5728 3853 3496 5729 3855 3497 5730 3827 3497 5731 3839 3497 5732 3855 3498 5733 3839 3498 5734 3867 3498 5735 3865 3499 5736 3838 3499 5737 3833 3499 5738 3865 3500 5739 3833 3500 5740 3879 3500 5741 3876 3501 5742 3832 3501 5743 3821 3501 5744 3876 3502 5745 3821 3502 5746 3850 3502 5747 3822 3503 5748 3834 3503 5749 3828 3503 5750 3822 411 5751 3828 411 5752 3816 411 5753 3837 3504 5754 3825 3504 5755 3819 3504 5756 3837 20 5757 3819 20 5758 3831 20 5759 3829 3505 5760 3884 3505 5761 3842 3505 5762 3829 3506 5763 3842 3507 5764 3818 3508 5765 3885 3509 5766 3880 3510 5767 3846 3511 5768 3885 3509 5769 3846 3511 5770 3843 3512 5771 3881 3513 5772 3877 3514 5773 3851 3515 5774 3881 3513 5775 3851 3515 5776 3847 3516 5777 3835 3517 5778 3873 3517 5779 3887 3517 5780 3835 3518 5781 3887 3519 5782 3830 3520 5783 3872 3521 5784 3869 3522 5785 3883 3523 5786 3872 3521 5787 3883 3523 5788 3886 3524 5789 3868 3525 5790 3864 3526 5791 3878 3527 5792 3868 3525 5793 3878 3527 5794 3882 3528 5795 3824 3529 5796 3863 3529 5797 3875 3530 5798 3824 3531 5799 3875 3532 5800 3836 3533 5801 3862 3534 5802 3858 3535 5803 3870 3536 5804 3862 3534 5805 3870 3536 5806 3874 3537 5807 3859 3538 5808 3854 3539 5809 3866 3540 5810 3859 3538 5811 3866 3540 5812 3871 3541 5813 3817 3542 5814 3841 3543 5815 3861 3544 5816 3817 3542 5817 3861 3544 5818 3823 3545 5819 3840 3546 5820 3844 3547 5821 3856 3548 5822 3840 3546 5823 3856 3548 5824 3860 3549 5825 3845 3550 5826 3848 3551 5827 3852 3552 5828 3845 3550 5829 3852 3552 5830 3857 3553 5831 3922 3554 5832 3893 3554 5833 3898 3554 5834 3922 3555 5835 3898 3555 5836 3924 3555 5837 3927 3556 5838 3899 3556 5839 3910 3556 5840 3927 3557 5841 3910 3557 5842 3937 3557 5843 3938 3558 5844 3911 3558 5845 3905 3558 5846 3938 3559 5847 3905 3559 5848 3950 3559 5849 3948 3560 5850 3904 3560 5851 3892 3560 5852 3948 3561 5853 3892 3561 5854 3920 3561 5855 3894 411 5856 3906 411 5857 3900 411 5858 3894 3562 5859 3900 3562 5860 3888 3562 5861 3909 3563 5862 3897 3563 5863 3891 3563 5864 3909 20 5865 3891 20 5866 3903 20 5867 3901 3564 5868 3956 3565 5869 3912 3566 5870 3901 3564 5871 3912 3566 5872 3889 3567 5873 3957 3568 5874 3952 3569 5875 3916 3570 5876 3957 3568 5877 3916 3570 5878 3913 3571 5879 3953 3572 5880 3949 3573 5881 3921 3574 5882 3953 3572 5883 3921 3574 5884 3917 3575 5885 3908 3576 5886 3947 3577 5887 3959 3578 5888 3908 3579 5889 3959 3580 5890 3902 3581 5891 3946 3582 5892 3942 3583 5893 3954 3584 5894 3946 3582 5895 3954 3584 5896 3958 3585 5897 3943 3586 5898 3939 3587 5899 3951 3588 5900 3943 3586 5901 3951 3588 5902 3955 3589 5903 3896 3590 5904 3935 3591 5905 3945 3592 5906 3896 3593 5907 3945 3594 5908 3907 3595 5909 3934 3596 5910 3930 3597 5911 3940 3598 5912 3934 3596 5913 3940 3598 5914 3944 3599 5915 3931 3600 5916 3926 3601 5917 3936 3602 5918 3931 3600 5919 3936 3602 5920 3941 3603 5921 3890 3604 5922 3915 3605 5923 3933 3606 5924 3890 3607 5925 3933 3608 5926 3895 3609 5927 3914 3610 5928 3918 3611 5929 3928 3612 5930 3914 3610 5931 3928 3612 5932 3932 3613 5933 3919 3614 5934 3923 3615 5935 3925 3616 5936 3919 3614 5937 3925 3616 5938 3929 3617 5939 3993 3618 5940 3964 3619 5941 3971 3620 5942 3993 3618 5943 3971 3620 5944 3999 3621 5945 3996 3622 5946 3970 3623 5947 3983 3624 5948 3996 3622 5949 3983 3624 5950 4010 3625 5951 4009 3626 5952 3982 3627 5953 3976 3628 5954 4009 3626 5955 3976 3628 5956 4021 3629 5957 4022 3630 5958 3977 3631 5959 3965 3632 5960 4022 3630 5961 3965 3632 5962 3994 3633 5963 3966 3634 5964 3978 3635 5965 3972 3636 5966 3966 3634 5967 3972 3636 5968 3960 3637 5969 3981 20 5970 3969 20 5971 3963 20 5972 3981 20 5973 3963 20 5974 3975 20 5975 3974 3638 5976 4031 3639 5977 3985 3640 5978 3974 3638 5979 3985 3640 5980 3961 3641 5981 4030 3642 5982 4026 3643 5983 3988 3644 5984 4030 3642 5985 3988 3644 5986 3984 3645 5987 4027 3646 5988 4023 3647 5989 3995 3648 5990 4027 3646 5991 3995 3648 5992 3991 3649 5993 3980 3650 5994 4019 3651 5995 4029 3652 5996 3980 3650 5997 4029 3652 5998 3973 3653 5999 4017 3654 6000 4013 3655 6001 4024 3656 6002 4017 3654 6003 4024 3656 6004 4028 3657 6005 4014 3658 6006 4008 3659 6007 4020 3660 6008 4014 3658 6009 4020 3660 6010 4025 3661 6011 3967 3662 6012 4005 3663 6013 4018 3664 6014 3967 3662 6015 4018 3664 6016 3979 3665 6017 4004 3666 6018 4000 3667 6019 4012 3668 6020 4004 3666 6021 4012 3668 6022 4016 3669 6023 4001 3670 6024 3997 3671 6025 4011 3672 6026 4001 3670 6027 4011 3672 6028 4015 3673 6029 3962 3674 6030 3987 3675 6031 4007 3676 6032 3962 3674 6033 4007 3676 6034 3968 3677 6035 3986 3678 6036 3989 3679 6037 4002 3680 6038 3986 3678 6039 4002 3680 6040 4006 3681 6041 3990 3682 6042 3992 3683 6043 3998 3684 6044 3990 3682 6045 3998 3684 6046 4003 3685 6047 4065 3686 6048 4036 3687 6049 4043 3688 6050 4065 3686 6051 4043 3688 6052 4071 3689 6053 4069 3690 6054 4042 3691 6055 4054 3692 6056 4069 3690 6057 4054 3692 6058 4081 3693 6059 4083 3694 6060 4055 3695 6061 4049 3696 6062 4083 3694 6063 4049 3696 6064 4095 3697 6065 4093 3698 6066 4048 3699 6067 4037 3700 6068 4093 3698 6069 4037 3700 6070 4067 3701 6071 4038 3702 6072 4051 3703 6073 4046 3704 6074 4038 3702 6075 4046 3704 6076 4033 3705 6077 4053 20 6078 4041 20 6079 4035 20 6080 4053 3706 6081 4035 3706 6082 4047 3706 6083 4045 3707 6084 4103 3708 6085 4057 3709 6086 4045 3707 6087 4057 3709 6088 4032 3710 6089 4101 3711 6090 4097 3712 6091 4060 3713 6092 4101 3711 6093 4060 3713 6094 4056 3714 6095 4098 3715 6096 4092 3715 6097 4066 3715 6098 4098 3716 6099 4066 3716 6100 4063 3716 6101 4050 3717 6102 4089 3718 6103 4102 3719 6104 4050 3717 6105 4102 3719 6106 4044 3720 6107 4088 3721 6108 4084 3722 6109 4096 3723 6110 4088 3721 6111 4096 3723 6112 4100 3724 6113 4087 3725 6114 4082 3726 6115 4094 3727 6116 4087 3725 6117 4094 3727 6118 4099 3728 6119 4040 3729 6120 4079 3730 6121 4091 3731 6122 4040 3729 6123 4091 3731 6124 4052 3732 6125 4077 3733 6126 4075 3734 6127 4086 3735 6128 4077 3733 6129 4086 3735 6130 4090 3736 6131 4072 3737 6132 4068 3738 6133 4080 3739 6134 4072 3737 6135 4080 3739 6136 4085 3740 6137 4034 3741 6138 4059 3742 6139 4078 3743 6140 4034 3741 6141 4078 3743 6142 4039 3744 6143 4058 3745 6144 4062 3746 6145 4074 3747 6146 4058 3745 6147 4074 3747 6148 4076 3748 6149 4061 3749 6150 4064 3750 6151 4070 3751 6152 4061 3749 6153 4070 3751 6154 4073 3752 6155 4139 3753 6156 4109 3754 6157 4114 3755 6158 4139 3753 6159 4114 3755 6160 4141 3756 6161 4143 3757 6162 4115 3758 6163 4127 3759 6164 4143 3757 6165 4127 3759 6166 4155 3760 6167 4153 3761 6168 4126 3762 6169 4120 3763 6170 4153 3761 6171 4120 3763 6172 4165 3764 6173 4167 3765 6174 4121 3766 6175 4108 3767 6176 4167 3765 6177 4108 3767 6178 4137 3768 6179 4110 3769 6180 4122 3769 6181 4116 3769 6182 4110 411 6183 4116 411 6184 4104 411 6185 4125 3770 6186 4113 3770 6187 4107 3770 6188 4125 20 6189 4107 20 6190 4119 20 6191 4118 3771 6192 4174 3772 6193 4128 3773 6194 4118 3774 6195 4128 3775 6196 4105 3776 6197 4175 3777 6198 4171 3778 6199 4133 3779 6200 4175 3777 6201 4133 3779 6202 4129 3780 6203 4170 3781 6204 4166 3782 6205 4136 3783 6206 4170 3781 6207 4136 3783 6208 4132 3784 6209 4123 3785 6210 4161 3785 6211 4173 3785 6212 4123 3786 6213 4173 3787 6214 4117 3788 6215 4160 3789 6216 4156 3790 6217 4168 3791 6218 4160 3789 6219 4168 3791 6220 4172 3792 6221 4157 3793 6222 4152 3794 6223 4164 3795 6224 4157 3793 6225 4164 3795 6226 4169 3796 6227 4112 3797 6228 4150 3797 6229 4162 3797 6230 4112 3798 6231 4162 3799 6232 4124 3800 6233 4151 3801 6234 4147 3802 6235 4159 3803 6236 4151 3801 6237 4159 3803 6238 4163 3804 6239 4146 3805 6240 4142 3806 6241 4154 3807 6242 4146 3805 6243 4154 3807 6244 4158 3808 6245 4106 3809 6246 4131 3809 6247 4149 3809 6248 4106 3810 6249 4149 3811 6250 4111 3812 6251 4130 3813 6252 4134 3814 6253 4144 3815 6254 4130 3813 6255 4144 3815 6256 4148 3816 6257 4135 3817 6258 4138 3818 6259 4140 3819 6260 4135 3817 6261 4140 3819 6262 4145 3820 6263 4210 3821 6264 4181 3822 6265 4186 3823 6266 4210 3821 6267 4186 3823 6268 4212 3824 6269 4215 3825 6270 4187 3826 6271 4199 3827 6272 4215 3825 6273 4199 3827 6274 4227 3828 6275 4224 3829 6276 4198 3830 6277 4192 3831 6278 4224 3829 6279 4192 3831 6280 4236 3832 6281 4239 3833 6282 4193 3834 6283 4180 3835 6284 4239 3833 6285 4180 3835 6286 4209 3836 6287 4182 3837 6288 4194 3837 6289 4188 3837 6290 4182 3838 6291 4188 3838 6292 4176 3838 6293 4197 3839 6294 4185 3839 6295 4179 3839 6296 4197 20 6297 4179 20 6298 4191 20 6299 4190 3840 6300 4246 3841 6301 4200 3842 6302 4190 3840 6303 4200 3842 6304 4177 3843 6305 4247 3844 6306 4243 3845 6307 4205 3846 6308 4247 3844 6309 4205 3846 6310 4201 3847 6311 4242 3848 6312 4238 3849 6313 4208 3850 6314 4242 3848 6315 4208 3850 6316 4204 3851 6317 4195 3852 6318 4233 3853 6319 4245 3854 6320 4195 3852 6321 4245 3854 6322 4189 3855 6323 4232 3856 6324 4229 3857 6325 4241 3858 6326 4232 3856 6327 4241 3858 6328 4244 3859 6329 4228 3860 6330 4225 3861 6331 4237 3862 6332 4228 3860 6333 4237 3862 6334 4240 3863 6335 4184 3864 6336 4222 3865 6337 4234 3866 6338 4184 3864 6339 4234 3866 6340 4196 3867 6341 4223 3868 6342 4219 3869 6343 4231 3870 6344 4223 3868 6345 4231 3870 6346 4235 3871 6347 4218 3872 6348 4214 3873 6349 4226 3874 6350 4218 3872 6351 4226 3874 6352 4230 3875 6353 4178 3876 6354 4203 3877 6355 4221 3878 6356 4178 3876 6357 4221 3878 6358 4183 3879 6359 4202 3880 6360 4207 3881 6361 4217 3882 6362 4202 3880 6363 4217 3882 6364 4220 3883 6365 4206 3884 6366 4211 3885 6367 4213 3886 6368 4206 3884 6369 4213 3886 6370 4216 3887 6371 4282 3888 6372 4253 3889 6373 4259 3890 6374 4282 3888 6375 4259 3890 6376 4286 3891 6377 4285 3892 6378 4258 3893 6379 4271 3894 6380 4285 3892 6381 4271 3894 6382 4299 3895 6383 4296 3896 6384 4270 3897 6385 4265 3898 6386 4296 3896 6387 4265 3898 6388 4310 3899 6389 4309 3900 6390 4264 3901 6391 4252 3902 6392 4309 3900 6393 4252 3902 6394 4281 3903 6395 4254 411 6396 4266 411 6397 4260 411 6398 4254 411 6399 4260 411 6400 4248 411 6401 4269 3904 6402 4257 3904 6403 4251 3904 6404 4269 3905 6405 4251 3905 6406 4263 3905 6407 4261 3906 6408 4316 3906 6409 4272 3906 6410 4261 3907 6411 4272 3908 6412 4249 3909 6413 4317 3910 6414 4313 3911 6415 4277 3912 6416 4317 3910 6417 4277 3912 6418 4273 3913 6419 4312 3914 6420 4308 3915 6421 4280 3916 6422 4312 3914 6423 4280 3916 6424 4276 3917 6425 4267 3918 6426 4305 3918 6427 4319 3918 6428 4267 3919 6429 4319 3920 6430 4262 3921 6431 4304 3922 6432 4300 3923 6433 4314 3924 6434 4304 3922 6435 4314 3924 6436 4318 3925 6437 4301 3926 6438 4297 3927 6439 4311 3928 6440 4301 3926 6441 4311 3928 6442 4315 3929 6443 4255 3930 6444 4292 3931 6445 4306 3932 6446 4255 3933 6447 4306 3934 6448 4268 3935 6449 4293 3936 6450 4289 3937 6451 4303 3938 6452 4293 3936 6453 4303 3938 6454 4307 3939 6455 4288 3940 6456 4284 3941 6457 4298 3942 6458 4288 3940 6459 4298 3942 6460 4302 3943 6461 4250 3944 6462 4275 3944 6463 4295 3944 6464 4250 3945 6465 4295 3946 6466 4256 3947 6467 4274 3948 6468 4278 3949 6469 4290 3950 6470 4274 3948 6471 4290 3950 6472 4294 3951 6473 4279 3952 6474 4283 3953 6475 4287 3954 6476 4279 3952 6477 4287 3954 6478 4291 3955 6479 4354 3956 6480 4325 3957 6481 4331 3958 6482 4354 3956 6483 4331 3958 6484 4358 3959 6485 4357 3960 6486 4330 3961 6487 4343 3962 6488 4357 3960 6489 4343 3962 6490 4371 3963 6491 4369 3964 6492 4342 3965 6493 4337 3966 6494 4369 3964 6495 4337 3966 6496 4383 3967 6497 4381 3968 6498 4336 3969 6499 4324 3970 6500 4381 3968 6501 4324 3970 6502 4353 3971 6503 4326 3972 6504 4339 3972 6505 4334 3972 6506 4326 3973 6507 4334 3973 6508 4321 3973 6509 4341 20 6510 4329 20 6511 4323 20 6512 4341 3974 6513 4323 3974 6514 4335 3974 6515 4332 3975 6516 4389 3976 6517 4345 3977 6518 4332 3975 6519 4345 3977 6520 4320 3978 6521 4388 3979 6522 4385 3980 6523 4349 3981 6524 4388 3979 6525 4349 3981 6526 4344 3982 6527 4384 3983 6528 4380 3984 6529 4352 3985 6530 4384 3983 6531 4352 3985 6532 4348 3986 6533 4338 3987 6534 4377 3988 6535 4391 3989 6536 4338 3987 6537 4391 3989 6538 4333 3990 6539 4376 3991 6540 4373 3992 6541 4387 3993 6542 4376 3991 6543 4387 3993 6544 4390 3994 6545 4372 3995 6546 4368 3996 6547 4382 3997 6548 4372 3995 6549 4382 3997 6550 4386 3998 6551 4327 3999 6552 4365 4000 6553 4379 4001 6554 4327 3999 6555 4379 4001 6556 4340 4002 6557 4364 4003 6558 4361 4004 6559 4375 4005 6560 4364 4003 6561 4375 4005 6562 4378 4006 6563 4360 4007 6564 4356 4008 6565 4370 4009 6566 4360 4007 6567 4370 4009 6568 4374 4010 6569 4322 4011 6570 4347 4012 6571 4367 4013 6572 4322 4011 6573 4367 4013 6574 4328 4014 6575 4346 4015 6576 4351 4016 6577 4363 4017 6578 4346 4015 6579 4363 4017 6580 4366 4018 6581 4350 4019 6582 4355 4020 6583 4359 4021 6584 4350 4019 6585 4359 4021 6586 4362 4022 6587 4424 4023 6588 4396 4023 6589 4403 4023 6590 4424 4024 6591 4403 4024 6592 4430 4024 6593 4429 4025 6594 4402 4025 6595 4415 4025 6596 4429 4026 6597 4415 4026 6598 4443 4026 6599 4440 4027 6600 4414 4027 6601 4408 4027 6602 4440 4028 6603 4408 4028 6604 4452 4028 6605 4454 4029 6606 4409 4029 6607 4397 4029 6608 4454 4030 6609 4397 4030 6610 4426 4030 6611 4398 4031 6612 4410 4031 6613 4404 4031 6614 4398 411 6615 4404 411 6616 4392 411 6617 4413 4032 6618 4401 4032 6619 4395 4032 6620 4413 4033 6621 4395 4033 6622 4407 4033 6623 4406 4034 6624 4462 4034 6625 4418 4034 6626 4406 4035 6627 4418 4036 6628 4394 4037 6629 4463 4038 6630 4458 4039 6631 4422 4040 6632 4463 4038 6633 4422 4040 6634 4419 4041 6635 4459 4042 6636 4455 4043 6637 4427 4044 6638 4459 4042 6639 4427 4044 6640 4423 4045 6641 4411 4046 6642 4449 4046 6643 4461 4046 6644 4411 4047 6645 4461 4048 6646 4405 4049 6647 4448 4050 6648 4444 4051 6649 4456 4052 6650 4448 4050 6651 4456 4052 6652 4460 4053 6653 4445 4054 6654 4441 4055 6655 4453 4056 6656 4445 4054 6657 4453 4056 6658 4457 4057 6659 4399 4058 6660 4437 4059 6661 4451 4060 6662 4399 4058 6663 4451 4060 6664 4412 4061 6665 4436 4062 6666 4432 4063 6667 4446 4064 6668 4436 4062 6669 4446 4064 6670 4450 4065 6671 4433 4066 6672 4428 4067 6673 4442 4068 6674 4433 4066 6675 4442 4068 6676 4447 4069 6677 4393 4070 6678 4417 4070 6679 4439 4070 6680 4393 4071 6681 4439 4072 6682 4400 4071 6683 4416 4073 6684 4420 4074 6685 4434 4075 6686 4416 4073 6687 4434 4075 6688 4438 4076 6689 4421 4077 6690 4425 4078 6691 4431 4079 6692 4421 4077 6693 4431 4079 6694 4435 4080 6695 4498 4081 6696 4469 4081 6697 4475 4081 6698 4498 4082 6699 4475 4082 6700 4502 4082 6701 4501 4083 6702 4474 4083 6703 4486 4083 6704 4501 4084 6705 4486 4084 6706 4513 4084 6707 4514 4085 6708 4487 4085 6709 4480 4085 6710 4514 4086 6711 4480 4086 6712 4524 4086 6713 4527 4087 6714 4481 4087 6715 4468 4087 6716 4527 4088 6717 4468 4088 6718 4497 4088 6719 4470 411 6720 4482 411 6721 4476 411 6722 4470 4089 6723 4476 4089 6724 4464 4089 6725 4485 4090 6726 4473 4090 6727 4467 4090 6728 4485 4091 6729 4467 4091 6730 4479 4091 6731 4478 4092 6732 4535 4093 6733 4489 4094 6734 4478 4092 6735 4489 4094 6736 4465 4095 6737 4534 4096 6738 4530 4097 6739 4492 4098 6740 4534 4096 6741 4492 4098 6742 4488 4099 6743 4531 4100 6744 4526 4100 6745 4496 4100 6746 4531 4101 6747 4496 4102 6748 4493 4103 6749 4484 4104 6750 4523 4105 6751 4533 4106 6752 4484 4107 6753 4533 4108 6754 4477 4109 6755 4522 4110 6756 4518 4111 6757 4528 4112 6758 4522 4110 6759 4528 4112 6760 4532 4113 6761 4519 4114 6762 4515 4115 6763 4525 4116 6764 4519 4114 6765 4525 4116 6766 4529 4117 6767 4471 4118 6768 4509 4118 6769 4521 4118 6770 4471 4119 6771 4521 4120 6772 4483 4121 6773 4508 4122 6774 4504 4123 6775 4516 4124 6776 4508 4122 6777 4516 4124 6778 4520 4125 6779 4505 4126 6780 4500 4127 6781 4512 4128 6782 4505 4126 6783 4512 4128 6784 4517 4129 6785 4466 4130 6786 4491 4131 6787 4511 4132 6788 4466 4133 6789 4511 4134 6790 4472 4135 6791 4490 4136 6792 4494 4137 6793 4506 4138 6794 4490 4136 6795 4506 4138 6796 4510 4139 6797 4495 4140 6798 4499 4141 6799 4503 4142 6800 4495 4140 6801 4503 4142 6802 4507 4143 6803 4571 4144 6804 4541 4145 6805 4546 4146 6806 4571 4144 6807 4546 4146 6808 4573 4147 6809 4575 4148 6810 4547 4149 6811 4558 4150 6812 4575 4148 6813 4558 4150 6814 4585 4151 6815 4587 4152 6816 4559 4153 6817 4553 4154 6818 4587 4152 6819 4553 4154 6820 4599 4155 6821 4597 4156 6822 4552 4157 6823 4540 4158 6824 4597 4156 6825 4540 4158 6826 4569 4159 6827 4544 4160 6828 4555 4161 6829 4549 4162 6830 4544 4160 6831 4549 4162 6832 4538 4163 6833 4557 20 6834 4545 20 6835 4539 20 6836 4557 20 6837 4539 20 6838 4551 20 6839 4548 4164 6840 4605 4165 6841 4563 4166 6842 4548 4164 6843 4563 4166 6844 4537 4167 6845 4604 4168 6846 4601 4169 6847 4567 4170 6848 4604 4168 6849 4567 4170 6850 4562 4171 6851 4600 4172 6852 4596 4173 6853 4568 4174 6854 4600 4172 6855 4568 4174 6856 4564 4175 6857 4556 4176 6858 4595 4177 6859 4607 4178 6860 4556 4176 6861 4607 4178 6862 4550 4179 6863 4594 4180 6864 4589 4181 6865 4602 4182 6866 4594 4180 6867 4602 4182 6868 4606 4183 6869 4591 4184 6870 4586 4185 6871 4598 4186 6872 4591 4184 6873 4598 4186 6874 4603 4187 6875 4542 4188 6876 4581 4189 6877 4593 4190 6878 4542 4188 6879 4593 4190 6880 4554 4191 6881 4580 4192 6882 4576 4193 6883 4588 4194 6884 4580 4192 6885 4588 4194 6886 4592 4195 6887 4579 4196 6888 4574 4197 6889 4584 4198 6890 4579 4196 6891 4584 4198 6892 4590 4199 6893 4536 4200 6894 4561 4201 6895 4583 4202 6896 4536 4200 6897 4583 4202 6898 4543 4203 6899 4560 4204 6900 4565 4205 6901 4577 4206 6902 4560 4204 6903 4577 4206 6904 4582 4207 6905 4566 4208 6906 4570 4209 6907 4572 4210 6908 4566 4208 6909 4572 4210 6910 4578 4211 6911 4643 4212 6912 4613 4213 6913 4619 4214 6914 4643 4212 6915 4619 4214 6916 4647 4215 6917 4645 4216 6918 4618 4217 6919 4631 4218 6920 4645 4216 6921 4631 4218 6922 4659 4219 6923 4657 4220 6924 4630 4221 6925 4625 4222 6926 4657 4220 6927 4625 4222 6928 4671 4223 6929 4669 4224 6930 4624 4225 6931 4612 4226 6932 4669 4224 6933 4612 4226 6934 4641 4227 6935 4616 4228 6936 4628 4229 6937 4621 4230 6938 4616 4228 6939 4621 4230 6940 4609 4231 6941 4629 4232 6942 4617 4232 6943 4611 4232 6944 4629 4233 6945 4611 4233 6946 4623 4233 6947 4622 4234 6948 4679 4235 6949 4635 4236 6950 4622 4234 6951 4635 4236 6952 4610 4237 6953 4676 4238 6954 4674 4239 6955 4638 4240 6956 4676 4238 6957 4638 4240 6958 4634 4241 6959 4672 4242 6960 4668 4242 6961 4640 4242 6962 4672 4243 6963 4640 4243 6964 4636 4243 6965 4627 4244 6966 4667 4245 6967 4678 4246 6968 4627 4244 6969 4678 4246 6970 4620 4247 6971 4666 4248 6972 4663 4249 6973 4675 4250 6974 4666 4248 6975 4675 4250 6976 4677 4251 6977 4661 4252 6978 4656 4253 6979 4670 4254 6980 4661 4252 6981 4670 4254 6982 4673 4255 6983 4615 4256 6984 4655 4257 6985 4665 4258 6986 4615 4256 6987 4665 4258 6988 4626 4259 6989 4652 4260 6990 4648 4261 6991 4660 4262 6992 4652 4260 6993 4660 4262 6994 4664 4263 6995 4650 4264 6996 4644 4265 6997 4658 4266 6998 4650 4264 6999 4658 4266 7000 4662 4267 7001 4608 4268 7002 4632 4269 7003 4653 4270 7004 4608 4268 7005 4653 4270 7006 4614 4271 7007 4633 4272 7008 4637 4273 7009 4649 4274 7010 4633 4272 7011 4649 4274 7012 4654 4275 7013 4639 4276 7014 4642 4277 7015 4646 4278 7016 4639 4276 7017 4646 4278 7018 4651 4279 7019 4712 4280 7020 4684 4281 7021 4690 4282 7022 4712 4280 7023 4690 4282 7024 4716 4283 7025 4719 4284 7026 4691 4285 7027 4702 4286 7028 4719 4284 7029 4702 4286 7030 4729 4287 7031 4730 4288 7032 4703 4289 7033 4696 4290 7034 4730 4288 7035 4696 4290 7036 4740 4291 7037 4743 4292 7038 4697 4293 7039 4685 4294 7040 4743 4292 7041 4685 4294 7042 4715 4295 7043 4686 411 7044 4698 411 7045 4692 411 7046 4686 411 7047 4692 411 7048 4680 411 7049 4701 4296 7050 4689 4296 7051 4683 4296 7052 4701 4297 7053 4683 4297 7054 4695 4297 7055 4694 4298 7056 4750 4298 7057 4706 4298 7058 4694 4299 7059 4706 4300 7060 4682 4301 7061 4751 4302 7062 4747 4303 7063 4711 4304 7064 4751 4302 7065 4711 4304 7066 4707 4305 7067 4746 4306 7068 4742 4307 7069 4714 4308 7070 4746 4306 7071 4714 4308 7072 4710 4309 7073 4700 4310 7074 4739 4310 7075 4749 4310 7076 4700 4311 7077 4749 4312 7078 4693 4313 7079 4738 4314 7080 4734 4315 7081 4744 4316 7082 4738 4314 7083 4744 4316 7084 4748 4317 7085 4735 4318 7086 4731 4319 7087 4741 4320 7088 4735 4318 7089 4741 4320 7090 4745 4321 7091 4688 4322 7092 4726 4322 7093 4736 4322 7094 4688 4323 7095 4736 4324 7096 4699 4325 7097 4727 4326 7098 4723 4327 7099 4733 4328 7100 4727 4326 7101 4733 4328 7102 4737 4329 7103 4722 4330 7104 4718 4331 7105 4728 4332 7106 4722 4330 7107 4728 4332 7108 4732 4333 7109 4681 4334 7110 4705 4335 7111 4725 4336 7112 4681 4334 7113 4725 4336 7114 4687 4337 7115 4704 4338 7116 4708 4339 7117 4720 4340 7118 4704 4338 7119 4720 4340 7120 4724 4341 7121 4709 4342 7122 4713 4343 7123 4717 4344 7124 4709 4342 7125 4717 4344 7126 4721 4345 7127 4784 4346 7128 4756 4347 7129 4762 4348 7130 4784 4346 7131 4762 4348 7132 4788 4349 7133 4791 4350 7134 4763 4351 7135 4774 4352 7136 4791 4350 7137 4774 4352 7138 4801 4353 7139 4803 4354 7140 4775 4355 7141 4768 4356 7142 4803 4354 7143 4768 4356 7144 4813 4357 7145 4815 4358 7146 4769 4359 7147 4757 4360 7148 4815 4358 7149 4757 4360 7150 4787 4361 7151 4760 4362 7152 4771 4362 7153 4764 4362 7154 4760 4363 7155 4764 4363 7156 4753 4363 7157 4773 4364 7158 4761 4364 7159 4755 4364 7160 4773 4365 7161 4755 4365 7162 4767 4365 7163 4766 4366 7164 4822 4367 7165 4778 4368 7166 4766 4366 7167 4778 4368 7168 4754 4369 7169 4823 4370 7170 4819 4371 7171 4783 4372 7172 4823 4370 7173 4783 4372 7174 4779 4373 7175 4818 4374 7176 4814 4375 7177 4786 4376 7178 4818 4374 7179 4786 4376 7180 4782 4377 7181 4772 4378 7182 4811 4379 7183 4821 4380 7184 4772 4378 7185 4821 4380 7186 4765 4381 7187 4810 4382 7188 4807 4383 7189 4817 4384 7190 4810 4382 7191 4817 4384 7192 4820 4385 7193 4806 4386 7194 4802 4387 7195 4812 4388 7196 4806 4386 7197 4812 4388 7198 4816 4389 7199 4759 4390 7200 4798 4391 7201 4808 4392 7202 4759 4390 7203 4808 4392 7204 4770 4393 7205 4799 4394 7206 4795 4395 7207 4805 4396 7208 4799 4394 7209 4805 4396 7210 4809 4397 7211 4794 4398 7212 4790 4399 7213 4800 4400 7214 4794 4398 7215 4800 4400 7216 4804 4401 7217 4752 4402 7218 4777 4403 7219 4797 4404 7220 4752 4402 7221 4797 4404 7222 4758 4405 7223 4776 4406 7224 4781 4407 7225 4793 4408 7226 4776 4406 7227 4793 4408 7228 4796 4409 7229 4780 4410 7230 4785 4411 7231 4789 4412 7232 4780 4410 7233 4789 4412 7234 4792 4413 7235 4858 4414 7236 4829 4415 7237 4834 4416 7238 4858 4414 7239 4834 4416 7240 4860 4417 7241 4863 4418 7242 4835 4419 7243 4846 4420 7244 4863 4418 7245 4846 4420 7246 4873 4421 7247 4874 4422 7248 4847 4423 7249 4841 4424 7250 4874 4422 7251 4841 4424 7252 4886 4425 7253 4885 4426 7254 4840 4427 7255 4828 4428 7256 4885 4426 7257 4828 4428 7258 4857 4429 7259 4830 411 7260 4842 411 7261 4836 411 7262 4830 4430 7263 4836 4430 7264 4824 4430 7265 4845 20 7266 4833 20 7267 4827 20 7268 4845 4431 7269 4827 4431 7270 4839 4431 7271 4837 4432 7272 4893 4432 7273 4849 4432 7274 4837 4433 7275 4849 4434 7276 4825 4435 7277 4892 4436 7278 4888 4437 7279 4852 4438 7280 4892 4436 7281 4852 4438 7282 4848 4439 7283 4889 4440 7284 4884 4441 7285 4856 4442 7286 4889 4440 7287 4856 4442 7288 4853 4443 7289 4844 4444 7290 4882 4444 7291 4894 4444 7292 4844 4445 7293 4894 4446 7294 4838 4447 7295 4883 4448 7296 4878 4449 7297 4890 4450 7298 4883 4448 7299 4890 4450 7300 4895 4451 7301 4879 4452 7302 4875 4453 7303 4887 4454 7304 4879 4452 7305 4887 4454 7306 4891 4455 7307 4832 4456 7308 4871 4457 7309 4881 4458 7310 4832 4456 7311 4881 4458 7312 4843 4459 7313 4870 4460 7314 4866 4461 7315 4876 4462 7316 4870 4460 7317 4876 4462 7318 4880 4463 7319 4867 4464 7320 4862 4465 7321 4872 4466 7322 4867 4464 7323 4872 4466 7324 4877 4467 7325 4826 4468 7326 4850 4469 7327 4868 4470 7328 4826 4471 7329 4868 4472 7330 4831 4473 7331 4851 4474 7332 4854 4475 7333 4864 4476 7334 4851 4474 7335 4864 4476 7336 4869 4477 7337 4855 4478 7338 4859 4479 7339 4861 4480 7340 4855 4478 7341 4861 4480 7342 4865 4481 7343 4929 4482 7344 4900 4483 7345 4907 4484 7346 4929 4482 7347 4907 4484 7348 4935 4485 7349 4932 4486 7350 4906 4487 7351 4918 4488 7352 4932 4486 7353 4918 4488 7354 4944 4489 7355 4947 4490 7356 4919 4491 7357 4913 4492 7358 4947 4490 7359 4913 4492 7360 4959 4493 7361 4956 4494 7362 4912 4495 7363 4901 4496 7364 4956 4494 7365 4901 4496 7366 4930 4497 7367 4902 4498 7368 4914 4498 7369 4908 4498 7370 4902 4499 7371 4908 4499 7372 4896 4499 7373 4917 20 7374 4905 20 7375 4899 20 7376 4917 4500 7377 4899 4500 7378 4911 4500 7379 4909 4501 7380 4965 4502 7381 4923 4503 7382 4909 4501 7383 4923 4503 7384 4898 4504 7385 4964 4505 7386 4961 4506 7387 4927 4507 7388 4964 4505 7389 4927 4507 7390 4922 4508 7391 4960 4509 7392 4957 4510 7393 4931 4511 7394 4960 4509 7395 4931 4511 7396 4926 4512 7397 4916 4513 7398 4954 4514 7399 4966 4515 7400 4916 4513 7401 4966 4515 7402 4910 4516 7403 4955 4517 7404 4950 4518 7405 4962 4519 7406 4955 4517 7407 4962 4519 7408 4967 4520 7409 4951 4521 7410 4946 4522 7411 4958 4523 7412 4951 4521 7413 4958 4523 7414 4963 4524 7415 4903 4525 7416 4941 4526 7417 4953 4527 7418 4903 4525 7419 4953 4527 7420 4915 4528 7421 4940 4529 7422 4937 4530 7423 4949 4531 7424 4940 4529 7425 4949 4531 7426 4952 4532 7427 4936 4533 7428 4933 4534 7429 4945 4535 7430 4936 4533 7431 4945 4535 7432 4948 4536 7433 4897 4537 7434 4920 4538 7435 4942 4539 7436 4897 4537 7437 4942 4539 7438 4904 4540 7439 4921 4541 7440 4924 4542 7441 4938 4543 7442 4921 4541 7443 4938 4543 7444 4943 4544 7445 4925 4545 7446 4928 4546 7447 4934 4547 7448 4925 4545 7449 4934 4547 7450 4939 4548 7451 5002 4549 7452 4973 4549 7453 4978 4549 7454 5002 4550 7455 4978 4550 7456 5004 4550 7457 5007 4551 7458 4979 4551 7459 4991 4551 7460 5007 4552 7461 4991 4552 7462 5019 4552 7463 5016 4553 7464 4990 4553 7465 4984 4553 7466 5016 4554 7467 4984 4554 7468 5028 4554 7469 5030 4555 7470 4985 4555 7471 4972 4555 7472 5030 4556 7473 4972 4556 7474 5000 4556 7475 4974 4557 7476 4986 4557 7477 4980 4557 7478 4974 411 7479 4980 411 7480 4968 411 7481 4989 4558 7482 4977 4558 7483 4971 4558 7484 4989 4559 7485 4971 4559 7486 4983 4559 7487 4982 4560 7488 5038 4560 7489 4992 4560 7490 4982 4561 7491 4992 4562 7492 4969 4563 7493 5039 4564 7494 5034 4565 7495 4996 4566 7496 5039 4564 7497 4996 4566 7498 4993 4567 7499 5035 4568 7500 5031 4569 7501 5001 4570 7502 5035 4568 7503 5001 4570 7504 4997 4571 7505 4987 4572 7506 5024 4572 7507 5036 4572 7508 4987 4573 7509 5036 4574 7510 4981 4575 7511 5025 4576 7512 5020 4577 7513 5032 4578 7514 5025 4576 7515 5032 4578 7516 5037 4579 7517 5021 4580 7518 5017 4581 7519 5029 4582 7520 5021 4580 7521 5029 4582 7522 5033 4583 7523 4976 4584 7524 5015 4584 7525 5027 4584 7526 4976 4585 7527 5027 4586 7528 4988 4587 7529 5014 4588 7530 5010 4589 7531 5022 4590 7532 5014 4588 7533 5022 4590 7534 5026 4591 7535 5011 4592 7536 5006 4593 7537 5018 4594 7538 5011 4592 7539 5018 4594 7540 5023 4595 7541 4970 4596 7542 4994 4597 7543 5012 4598 7544 4970 4596 7545 5012 4598 7546 4975 4599 7547 4995 4600 7548 4998 4601 7549 5008 4602 7550 4995 4600 7551 5008 4602 7552 5013 4603 7553 4999 4604 7554 5003 4605 7555 5005 4606 7556 4999 4607 7557 5005 4608 7558 5009 4609 7559 5074 4610 7560 5045 4610 7561 5050 4610 7562 5074 4611 7563 5050 4611 7564 5076 4611 7565 5079 4612 7566 5051 4612 7567 5062 4612 7568 5079 4613 7569 5062 4613 7570 5089 4613 7571 5090 4614 7572 5063 4614 7573 5057 4614 7574 5090 4615 7575 5057 4615 7576 5102 4615 7577 5100 4616 7578 5056 4616 7579 5044 4616 7580 5100 4617 7581 5044 4617 7582 5072 4617 7583 5046 411 7584 5058 411 7585 5052 411 7586 5046 4618 7587 5052 4618 7588 5040 4618 7589 5061 20 7590 5049 20 7591 5043 20 7592 5061 20 7593 5043 20 7594 5055 20 7595 5053 4619 7596 5108 4619 7597 5064 4619 7598 5053 4620 7599 5064 4621 7600 5041 4622 7601 5109 4623 7602 5104 4624 7603 5068 4625 7604 5109 4623 7605 5068 4625 7606 5065 4626 7607 5105 4627 7608 5101 4628 7609 5073 4629 7610 5105 4627 7611 5073 4629 7612 5069 4630 7613 5060 4631 7614 5099 4631 7615 5111 4631 7616 5060 4632 7617 5111 4633 7618 5054 4634 7619 5098 4635 7620 5094 4636 7621 5106 4637 7622 5098 4635 7623 5106 4637 7624 5110 4638 7625 5095 4639 7626 5091 4640 7627 5103 4641 7628 5095 4639 7629 5103 4641 7630 5107 4642 7631 5048 4643 7632 5087 4643 7633 5097 4643 7634 5048 4644 7635 5097 4645 7636 5059 4646 7637 5086 4647 7638 5082 4648 7639 5092 4649 7640 5086 4647 7641 5092 4649 7642 5096 4650 7643 5083 4651 7644 5078 4652 7645 5088 4653 7646 5083 4651 7647 5088 4653 7648 5093 4654 7649 5042 4655 7650 5067 4656 7651 5085 4657 7652 5042 4658 7653 5085 4659 7654 5047 4660 7655 5066 4661 7656 5070 4662 7657 5080 4663 7658 5066 4661 7659 5080 4663 7660 5084 4664 7661 5071 4665 7662 5075 4666 7663 5077 4667 7664 5071 4665 7665 5077 4667 7666 5081 4668 7667 5145 4669 7668 5116 4670 7669 5123 4671 7670 5145 4669 7671 5123 4671 7672 5151 4672 7673 5148 4673 7674 5122 4674 7675 5135 4675 7676 5148 4673 7677 5135 4675 7678 5162 4676 7679 5161 4677 7680 5134 4678 7681 5128 4679 7682 5161 4677 7683 5128 4679 7684 5173 4680 7685 5174 4681 7686 5129 4682 7687 5117 4683 7688 5174 4681 7689 5117 4683 7690 5146 4684 7691 5118 4685 7692 5130 4686 7693 5124 4687 7694 5118 4685 7695 5124 4687 7696 5112 4688 7697 5133 4689 7698 5121 4689 7699 5115 4689 7700 5133 20 7701 5115 20 7702 5127 20 7703 5126 4690 7704 5183 4691 7705 5137 4692 7706 5126 4690 7707 5137 4692 7708 5113 4693 7709 5182 4694 7710 5178 4695 7711 5140 4696 7712 5182 4694 7713 5140 4696 7714 5136 4697 7715 5179 4698 7716 5175 4699 7717 5147 4700 7718 5179 4698 7719 5147 4700 7720 5143 4701 7721 5132 4702 7722 5171 4703 7723 5181 4704 7724 5132 4702 7725 5181 4704 7726 5125 4705 7727 5168 4706 7728 5164 4707 7729 5176 4708 7730 5168 4706 7731 5176 4708 7732 5180 4709 7733 5166 4710 7734 5160 4711 7735 5172 4712 7736 5166 4710 7737 5172 4712 7738 5177 4713 7739 5119 4714 7740 5157 4715 7741 5170 4716 7742 5119 4714 7743 5170 4716 7744 5131 4717 7745 5156 4718 7746 5152 4719 7747 5165 4720 7748 5156 4718 7749 5165 4720 7750 5169 4721 7751 5153 4722 7752 5149 4723 7753 5163 4724 7754 5153 4722 7755 5163 4724 7756 5167 4725 7757 5114 4726 7758 5139 4727 7759 5159 4728 7760 5114 4726 7761 5159 4728 7762 5120 4729 7763 5138 4730 7764 5141 4731 7765 5154 4732 7766 5138 4730 7767 5154 4732 7768 5158 4733 7769 5142 4734 7770 5144 4735 7771 5150 4736 7772 5142 4734 7773 5150 4736 7774 5155 4737 7775 5217 4738 7776 5188 4739 7777 5195 4740 7778 5217 4738 7779 5195 4740 7780 5223 4741 7781 5221 4742 7782 5194 4743 7783 5206 4744 7784 5221 4742 7785 5206 4744 7786 5233 4745 7787 5235 4746 7788 5207 4747 7789 5201 4748 7790 5235 4746 7791 5201 4748 7792 5247 4749 7793 5245 4750 7794 5200 4751 7795 5189 4752 7796 5245 4750 7797 5189 4752 7798 5219 4753 7799 5190 4754 7800 5203 4755 7801 5197 4756 7802 5190 4754 7803 5197 4756 7804 5184 4757 7805 5205 20 7806 5193 20 7807 5187 20 7808 5205 4758 7809 5187 4758 7810 5199 4758 7811 5198 4759 7812 5255 4760 7813 5209 4761 7814 5198 4759 7815 5209 4761 7816 5185 4762 7817 5252 4763 7818 5248 4764 7819 5212 4765 7820 5252 4763 7821 5212 4765 7822 5208 4766 7823 5250 4767 7824 5244 4767 7825 5218 4767 7826 5250 4768 7827 5218 4768 7828 5214 4768 7829 5202 4769 7830 5241 4770 7831 5254 4771 7832 5202 4769 7833 5254 4771 7834 5196 4772 7835 5240 4773 7836 5236 4774 7837 5249 4775 7838 5240 4773 7839 5249 4775 7840 5253 4776 7841 5239 4777 7842 5234 4778 7843 5246 4779 7844 5239 4777 7845 5246 4779 7846 5251 4780 7847 5192 4781 7848 5231 4782 7849 5243 4783 7850 5192 4781 7851 5243 4783 7852 5204 4784 7853 5228 4785 7854 5226 4786 7855 5238 4787 7856 5228 4785 7857 5238 4787 7858 5242 4788 7859 5224 4789 7860 5220 4790 7861 5232 4791 7862 5224 4789 7863 5232 4791 7864 5237 4792 7865 5186 4793 7866 5211 4794 7867 5230 4795 7868 5186 4793 7869 5230 4795 7870 5191 4796 7871 5210 4797 7872 5215 4798 7873 5227 4799 7874 5210 4797 7875 5227 4799 7876 5229 4800 7877 5213 4801 7878 5216 4802 7879 5222 4803 7880 5213 4801 7881 5222 4803 7882 5225 4804 7883 5291 4805 7884 5261 4806 7885 5266 4807 7886 5291 4805 7887 5266 4807 7888 5293 4808 7889 5295 4809 7890 5267 4810 7891 5279 4811 7892 5295 4809 7893 5279 4811 7894 5307 4812 7895 5304 4813 7896 5278 4814 7897 5272 4815 7898 5304 4813 7899 5272 4815 7900 5316 4816 7901 5319 4817 7902 5273 4818 7903 5260 4819 7904 5319 4817 7905 5260 4819 7906 5289 4820 7907 5262 4821 7908 5274 4821 7909 5268 4821 7910 5262 411 7911 5268 411 7912 5256 411 7913 5277 4822 7914 5265 4822 7915 5259 4822 7916 5277 20 7917 5259 20 7918 5271 20 7919 5270 4823 7920 5326 4823 7921 5280 4823 7922 5270 4824 7923 5280 4825 7924 5257 4826 7925 5327 4827 7926 5323 4828 7927 5285 4829 7928 5327 4827 7929 5285 4829 7930 5281 4830 7931 5322 4831 7932 5318 4832 7933 5288 4833 7934 5322 4831 7935 5288 4833 7936 5284 4834 7937 5275 4835 7938 5313 4835 7939 5325 4835 7940 5275 4836 7941 5325 4837 7942 5269 4838 7943 5312 4839 7944 5308 4840 7945 5320 4841 7946 5312 4839 7947 5320 4841 7948 5324 4842 7949 5309 4843 7950 5305 4844 7951 5317 4845 7952 5309 4843 7953 5317 4845 7954 5321 4846 7955 5264 4847 7956 5302 4847 7957 5314 4847 7958 5264 4848 7959 5314 4849 7960 5276 4850 7961 5303 4851 7962 5299 4852 7963 5311 4853 7964 5303 4851 7965 5311 4853 7966 5315 4854 7967 5298 4855 7968 5294 4856 7969 5306 4857 7970 5298 4855 7971 5306 4857 7972 5310 4858 7973 5258 4859 7974 5283 4859 7975 5301 4859 7976 5258 4860 7977 5301 4861 7978 5263 4862 7979 5282 4863 7980 5286 4864 7981 5296 4865 7982 5282 4863 7983 5296 4865 7984 5300 4866 7985 5287 4867 7986 5290 4868 7987 5292 4869 7988 5287 4867 7989 5292 4869 7990 5297 4870 7991 5362 4871 7992 5333 4872 7993 5338 4873 7994 5362 4871 7995 5338 4873 7996 5364 4874 7997 5367 4875 7998 5339 4876 7999 5351 4877 8000 5367 4875 8001 5351 4877 8002 5379 4878 8003 5377 4879 8004 5350 4880 8005 5344 4881 8006 5377 4879 8007 5344 4881 8008 5389 4882 8009 5391 4883 8010 5345 4884 8011 5332 4885 8012 5391 4883 8013 5332 4885 8014 5361 4886 8015 5334 4887 8016 5346 4887 8017 5340 4887 8018 5334 4888 8019 5340 4888 8020 5328 4888 8021 5349 4889 8022 5337 4889 8023 5331 4889 8024 5349 4890 8025 5331 4890 8026 5343 4890 8027 5342 4891 8028 5398 4892 8029 5352 4893 8030 5342 4891 8031 5352 4893 8032 5329 4894 8033 5399 4895 8034 5395 4896 8035 5357 4897 8036 5399 4895 8037 5357 4897 8038 5353 4898 8039 5394 4899 8040 5390 4900 8041 5360 4901 8042 5394 4899 8043 5360 4901 8044 5356 4902 8045 5347 4903 8046 5385 4904 8047 5397 4905 8048 5347 4903 8049 5397 4905 8050 5341 4906 8051 5384 4907 8052 5381 4908 8053 5393 4909 8054 5384 4907 8055 5393 4909 8056 5396 4910 8057 5380 4911 8058 5376 4912 8059 5388 4913 8060 5380 4911 8061 5388 4913 8062 5392 4914 8063 5336 4915 8064 5374 4916 8065 5386 4917 8066 5336 4915 8067 5386 4917 8068 5348 4918 8069 5375 4919 8070 5371 4920 8071 5383 4921 8072 5375 4919 8073 5383 4921 8074 5387 4922 8075 5370 4923 8076 5366 4924 8077 5378 4925 8078 5370 4923 8079 5378 4925 8080 5382 4926 8081 5330 4927 8082 5355 4928 8083 5373 4929 8084 5330 4927 8085 5373 4929 8086 5335 4930 8087 5354 4931 8088 5359 4932 8089 5369 4933 8090 5354 4931 8091 5369 4933 8092 5372 4934 8093 5358 4935 8094 5363 4936 8095 5365 4937 8096 5358 4935 8097 5365 4937 8098 5368 4938 8099 5434 4939 8100 5405 4940 8101 5411 4941 8102 5434 4939 8103 5411 4941 8104 5438 4942 8105 5437 4943 8106 5410 4944 8107 5423 4945 8108 5437 4943 8109 5423 4945 8110 5451 4946 8111 5448 4947 8112 5422 4948 8113 5417 4949 8114 5448 4947 8115 5417 4949 8116 5462 4950 8117 5461 4951 8118 5416 4952 8119 5404 4953 8120 5461 4951 8121 5404 4953 8122 5433 4954 8123 5406 411 8124 5418 411 8125 5412 411 8126 5406 4955 8127 5412 4955 8128 5400 4955 8129 5421 4956 8130 5409 4956 8131 5403 4956 8132 5421 4957 8133 5403 4957 8134 5415 4957 8135 5413 4958 8136 5468 4958 8137 5424 4958 8138 5413 4959 8139 5424 4960 8140 5401 4961 8141 5469 4962 8142 5465 4963 8143 5429 4964 8144 5469 4962 8145 5429 4964 8146 5425 4965 8147 5464 4966 8148 5460 4967 8149 5432 4968 8150 5464 4966 8151 5432 4968 8152 5428 4969 8153 5419 4970 8154 5457 4970 8155 5471 4970 8156 5419 4971 8157 5471 4972 8158 5414 4973 8159 5456 4974 8160 5452 4975 8161 5466 4976 8162 5456 4974 8163 5466 4976 8164 5470 4977 8165 5453 4978 8166 5449 4979 8167 5463 4980 8168 5453 4978 8169 5463 4980 8170 5467 4981 8171 5407 4982 8172 5444 4983 8173 5458 4984 8174 5407 4982 8175 5458 4984 8176 5420 4985 8177 5445 4986 8178 5441 4987 8179 5455 4988 8180 5445 4986 8181 5455 4988 8182 5459 4989 8183 5440 4990 8184 5436 4991 8185 5450 4992 8186 5440 4990 8187 5450 4992 8188 5454 4993 8189 5402 4994 8190 5426 4994 8191 5446 4994 8192 5402 4995 8193 5446 4996 8194 5408 4997 8195 5427 4998 8196 5430 4999 8197 5442 5000 8198 5427 4998 8199 5442 5000 8200 5447 5001 8201 5431 5002 8202 5435 5003 8203 5439 5004 8204 5431 5002 8205 5439 5004 8206 5443 5005 8207 5507 5006 8208 5477 5007 8209 5483 5008 8210 5507 5006 8211 5483 5008 8212 5511 5009 8213 5509 5010 8214 5482 5011 8215 5495 5012 8216 5509 5010 8217 5495 5012 8218 5523 5013 8219 5521 5014 8220 5494 5015 8221 5489 5016 8222 5521 5014 8223 5489 5016 8224 5535 5017 8225 5533 5018 8226 5488 5019 8227 5476 5020 8228 5533 5018 8229 5476 5020 8230 5505 5021 8231 5478 5022 8232 5491 5022 8233 5486 5022 8234 5478 5023 8235 5486 5023 8236 5473 5023 8237 5493 20 8238 5481 20 8239 5475 20 8240 5493 5024 8241 5475 5024 8242 5487 5024 8243 5484 5025 8244 5541 5026 8245 5497 5027 8246 5484 5025 8247 5497 5027 8248 5472 5028 8249 5540 5029 8250 5537 5030 8251 5501 5031 8252 5540 5029 8253 5501 5031 8254 5496 5032 8255 5536 5033 8256 5532 5034 8257 5504 5035 8258 5536 5033 8259 5504 5035 8260 5500 5036 8261 5490 5037 8262 5528 5038 8263 5542 5039 8264 5490 5037 8265 5542 5039 8266 5485 5040 8267 5529 5041 8268 5524 5042 8269 5538 5043 8270 5529 5041 8271 5538 5043 8272 5543 5044 8273 5525 5045 8274 5520 5046 8275 5534 5047 8276 5525 5045 8277 5534 5047 8278 5539 5048 8279 5479 5049 8280 5517 5050 8281 5531 5051 8282 5479 5049 8283 5531 5051 8284 5492 5052 8285 5516 5053 8286 5513 5054 8287 5527 5055 8288 5516 5053 8289 5527 5055 8290 5530 5056 8291 5512 5057 8292 5508 5058 8293 5522 5059 8294 5512 5057 8295 5522 5059 8296 5526 5060 8297 5474 5061 8298 5498 5062 8299 5518 5063 8300 5474 5061 8301 5518 5063 8302 5480 5064 8303 5499 5065 8304 5502 5066 8305 5514 5067 8306 5499 5065 8307 5514 5067 8308 5519 5068 8309 5503 5069 8310 5506 5070 8311 5510 5071 8312 5503 5069 8313 5510 5071 8314 5515 5072 8315 5576 5073 8316 5548 5073 8317 5555 5073 8318 5576 5074 8319 5555 5074 8320 5582 5074 8321 5581 5075 8322 5554 5075 8323 5567 5075 8324 5581 5076 8325 5567 5076 8326 5595 5076 8327 5592 5077 8328 5566 5077 8329 5560 5077 8330 5592 5078 8331 5560 5078 8332 5604 5078 8333 5606 5079 8334 5561 5079 8335 5549 5079 8336 5606 5080 8337 5549 5080 8338 5578 5080 8339 5550 411 8340 5562 411 8341 5556 411 8342 5550 411 8343 5556 411 8344 5544 411 8345 5565 5081 8346 5553 5081 8347 5547 5081 8348 5565 20 8349 5547 20 8350 5559 20 8351 5558 5082 8352 5614 5082 8353 5570 5082 8354 5558 5083 8355 5570 5084 8356 5546 5085 8357 5615 5086 8358 5610 5087 8359 5574 5088 8360 5615 5086 8361 5574 5088 8362 5571 5089 8363 5611 5090 8364 5607 5091 8365 5579 5092 8366 5611 5090 8367 5579 5092 8368 5575 5093 8369 5563 5094 8370 5601 5095 8371 5613 5096 8372 5563 5094 8373 5613 5096 8374 5557 5097 8375 5600 5098 8376 5596 5099 8377 5608 5100 8378 5600 5098 8379 5608 5100 8380 5612 5101 8381 5597 5102 8382 5593 5103 8383 5605 5104 8384 5597 5102 8385 5605 5104 8386 5609 5105 8387 5551 5106 8388 5589 5106 8389 5603 5106 8390 5551 5107 8391 5603 5108 8392 5564 5109 8393 5588 5110 8394 5584 5111 8395 5598 5112 8396 5588 5110 8397 5598 5112 8398 5602 5113 8399 5585 5114 8400 5580 5115 8401 5594 5116 8402 5585 5114 8403 5594 5116 8404 5599 5117 8405 5545 5118 8406 5569 5118 8407 5591 5118 8408 5545 5119 8409 5591 5120 8410 5552 5121 8411 5568 5122 8412 5572 5123 8413 5586 5124 8414 5568 5122 8415 5586 5124 8416 5590 5125 8417 5573 5126 8418 5577 5127 8419 5583 5128 8420 5573 5126 8421 5583 5128 8422 5587 5129 8423 5650 5130 8424 5621 5130 8425 5627 5130 8426 5650 5131 8427 5627 5131 8428 5654 5131 8429 5653 5132 8430 5626 5133 8431 5638 5134 8432 5653 5132 8433 5638 5134 8434 5665 5135 8435 5666 5136 8436 5639 5136 8437 5632 5136 8438 5666 5137 8439 5632 5137 8440 5676 5137 8441 5678 5138 8442 5633 5138 8443 5620 5138 8444 5678 5139 8445 5620 5139 8446 5648 5139 8447 5622 5140 8448 5634 5140 8449 5628 5140 8450 5622 936 8451 5628 936 8452 5616 936 8453 5637 20 8454 5625 20 8455 5619 20 8456 5637 5141 8457 5619 5141 8458 5631 5141 8459 5630 5142 8460 5687 5142 8461 5641 5142 8462 5630 5143 8463 5641 5144 8464 5617 5145 8465 5686 5146 8466 5682 5147 8467 5644 5148 8468 5686 5146 8469 5644 5148 8470 5640 5149 8471 5683 5150 8472 5679 5151 8473 5649 5152 8474 5683 5153 8475 5649 5154 8476 5645 5155 8477 5636 5156 8478 5675 5156 8479 5685 5156 8480 5636 5157 8481 5685 5158 8482 5629 5159 8483 5674 5160 8484 5670 5161 8485 5680 5162 8486 5674 5160 8487 5680 5162 8488 5684 5163 8489 5671 5164 8490 5667 5165 8491 5677 5166 8492 5671 5164 8493 5677 5166 8494 5681 5167 8495 5623 5168 8496 5661 5169 8497 5673 5170 8498 5623 5171 8499 5673 5172 8500 5635 5173 8501 5660 5174 8502 5656 5175 8503 5668 5176 8504 5660 5174 8505 5668 5176 8506 5672 5177 8507 5657 5178 8508 5652 5179 8509 5664 5180 8510 5657 5178 8511 5664 5180 8512 5669 5181 8513 5618 5182 8514 5643 5182 8515 5663 5182 8516 5618 5183 8517 5663 5184 8518 5624 5183 8519 5642 5185 8520 5646 5186 8521 5658 5187 8522 5642 5185 8523 5658 5187 8524 5662 5188 8525 5647 5189 8526 5651 5190 8527 5655 5191 8528 5647 5189 8529 5655 5191 8530 5659 5192 8531 5723 5193 8532 5693 5194 8533 5698 5195 8534 5723 5193 8535 5698 5195 8536 5725 5196 8537 5727 5197 8538 5699 5198 8539 5710 5199 8540 5727 5197 8541 5710 5199 8542 5737 5200 8543 5739 5201 8544 5711 5202 8545 5705 5203 8546 5739 5201 8547 5705 5203 8548 5751 5204 8549 5748 5205 8550 5704 5206 8551 5692 5207 8552 5748 5205 8553 5692 5207 8554 5720 5208 8555 5696 5209 8556 5707 5210 8557 5701 5211 8558 5696 5209 8559 5701 5211 8560 5690 5212 8561 5709 5213 8562 5697 5213 8563 5691 5213 8564 5709 5214 8565 5691 5214 8566 5703 5214 8567 5700 5215 8568 5757 5216 8569 5715 5217 8570 5700 5215 8571 5715 5217 8572 5689 5218 8573 5756 5219 8574 5752 5220 8575 5716 5221 8576 5756 5219 8577 5716 5221 8578 5712 5222 8579 5753 5223 8580 5749 5224 8581 5721 5225 8582 5753 5223 8583 5721 5225 8584 5718 5226 8585 5708 5227 8586 5747 5228 8587 5759 5229 8588 5708 5227 8589 5759 5229 8590 5702 5230 8591 5746 5231 8592 5741 5232 8593 5754 5233 8594 5746 5231 8595 5754 5233 8596 5758 5234 8597 5743 5235 8598 5738 5236 8599 5750 5237 8600 5743 5235 8601 5750 5237 8602 5755 5238 8603 5695 5239 8604 5734 5240 8605 5744 5241 8606 5695 5239 8607 5744 5241 8608 5706 5242 8609 5735 5243 8610 5730 5244 8611 5740 5245 8612 5735 5243 8613 5740 5245 8614 5745 5246 8615 5731 5247 8616 5726 5248 8617 5736 5249 8618 5731 5247 8619 5736 5249 8620 5742 5250 8621 5688 5251 8622 5714 5252 8623 5733 5253 8624 5688 5251 8625 5733 5253 8626 5694 5254 8627 5713 5255 8628 5717 5256 8629 5728 5257 8630 5713 5255 8631 5728 5257 8632 5732 5258 8633 5719 5259 8634 5722 5260 8635 5724 5261 8636 5719 5259 8637 5724 5261 8638 5729 5262 8639 5795 5263 8640 5765 5264 8641 5770 5265 8642 5795 5263 8643 5770 5265 8644 5797 5266 8645 5799 5267 8646 5771 5268 8647 5783 5269 8648 5799 5267 8649 5783 5269 8650 5811 5270 8651 5809 5271 8652 5782 5272 8653 5776 5273 8654 5809 5271 8655 5776 5273 8656 5821 5274 8657 5823 5275 8658 5777 5276 8659 5764 5277 8660 5823 5275 8661 5764 5277 8662 5793 5278 8663 5768 5279 8664 5780 5280 8665 5774 5281 8666 5768 5279 8667 5774 5281 8668 5762 5282 8669 5781 5283 8670 5769 5283 8671 5763 5283 8672 5781 5284 8673 5763 5284 8674 5775 5284 8675 5773 5285 8676 5831 5286 8677 5787 5287 8678 5773 5285 8679 5787 5287 8680 5761 5288 8681 5829 5289 8682 5827 5290 8683 5790 5291 8684 5829 5289 8685 5790 5291 8686 5786 5292 8687 5825 5293 8688 5822 5293 8689 5792 5293 8690 5825 5294 8691 5792 5294 8692 5789 5294 8693 5779 5295 8694 5819 5296 8695 5830 5297 8696 5779 5295 8697 5830 5297 8698 5772 5298 8699 5818 5299 8700 5814 5300 8701 5826 5301 8702 5818 5299 8703 5826 5301 8704 5828 5302 8705 5813 5303 8706 5808 5304 8707 5820 5305 8708 5813 5303 8709 5820 5305 8710 5824 5306 8711 5767 5307 8712 5807 5308 8713 5817 5309 8714 5767 5307 8715 5817 5309 8716 5778 5310 8717 5805 5311 8718 5801 5312 8719 5812 5313 8720 5805 5311 8721 5812 5313 8722 5816 5314 8723 5803 5315 8724 5798 5316 8725 5810 5317 8726 5803 5315 8727 5810 5317 8728 5815 5318 8729 5760 5319 8730 5785 5320 8731 5806 5321 8732 5760 5319 8733 5806 5321 8734 5766 5322 8735 5784 5323 8736 5788 5324 8737 5800 5325 8738 5784 5323 8739 5800 5325 8740 5804 5326 8741 5791 5327 8742 5794 5328 8743 5796 5329 8744 5791 5327 8745 5796 5329 8746 5802 5330 8747 5864 5331 8748 5836 5332 8749 5843 5333 8750 5864 5331 8751 5843 5333 8752 5870 5334 8753 5869 5335 8754 5842 5336 8755 5855 5337 8756 5869 5335 8757 5855 5337 8758 5883 5338 8759 5880 5339 8760 5854 5340 8761 5848 5341 8762 5880 5339 8763 5848 5341 8764 5892 5342 8765 5895 5343 8766 5849 5344 8767 5837 5345 8768 5895 5343 8769 5837 5345 8770 5867 5346 8771 5838 5347 8772 5850 5347 8773 5844 5347 8774 5838 411 8775 5844 411 8776 5832 411 8777 5853 5348 8778 5841 5348 8779 5835 5348 8780 5853 5349 8781 5835 5349 8782 5847 5349 8783 5846 5350 8784 5902 5351 8785 5858 5350 8786 5846 5352 8787 5858 5353 8788 5834 5354 8789 5903 5355 8790 5899 5356 8791 5863 5357 8792 5903 5355 8793 5863 5357 8794 5859 5358 8795 5898 5359 8796 5894 5360 8797 5866 5361 8798 5898 5359 8799 5866 5361 8800 5862 5362 8801 5851 5363 8802 5888 5363 8803 5900 5363 8804 5851 5364 8805 5900 5365 8806 5845 5366 8807 5889 5367 8808 5885 5368 8809 5897 5369 8810 5889 5367 8811 5897 5369 8812 5901 5370 8813 5884 5371 8814 5881 5372 8815 5893 5373 8816 5884 5371 8817 5893 5373 8818 5896 5374 8819 5839 5375 8820 5876 5375 8821 5890 5375 8822 5839 5376 8823 5890 5377 8824 5852 5378 8825 5877 5379 8826 5873 5380 8827 5887 5381 8828 5877 5379 8829 5887 5381 8830 5891 5382 8831 5872 5383 8832 5868 5384 8833 5882 5385 8834 5872 5383 8835 5882 5385 8836 5886 5386 8837 5833 5387 8838 5856 5387 8839 5878 5387 8840 5833 5388 8841 5878 5389 8842 5840 5390 8843 5857 5391 8844 5861 5392 8845 5875 5393 8846 5857 5391 8847 5875 5393 8848 5879 5394 8849 5860 5395 8850 5865 5396 8851 5871 5397 8852 5860 5395 8853 5871 5397 8854 5874 5398 8855 5937 5399 8856 5908 5400 8857 5915 5401 8858 5937 5399 8859 5915 5401 8860 5943 5402 8861 5941 5403 8862 5914 5404 8863 5927 5405 8864 5941 5403 8865 5927 5405 8866 5955 5406 8867 5953 5407 8868 5926 5408 8869 5920 5409 8870 5953 5407 8871 5920 5409 8872 5965 5410 8873 5967 5411 8874 5921 5412 8875 5909 5413 8876 5967 5411 8877 5909 5413 8878 5939 5414 8879 5912 5415 8880 5923 5415 8881 5916 5415 8882 5912 5416 8883 5916 5416 8884 5905 5416 8885 5925 5417 8886 5913 5417 8887 5907 5417 8888 5925 5418 8889 5907 5418 8890 5919 5418 8891 5918 5419 8892 5974 5420 8893 5930 5421 8894 5918 5419 8895 5930 5421 8896 5906 5422 8897 5975 5423 8898 5971 5424 8899 5935 5425 8900 5975 5423 8901 5935 5425 8902 5931 5426 8903 5970 5427 8904 5966 5428 8905 5938 5429 8906 5970 5427 8907 5938 5429 8908 5934 5430 8909 5924 5431 8910 5963 5432 8911 5973 5433 8912 5924 5431 8913 5973 5433 8914 5917 5434 8915 5960 5435 8916 5956 5436 8917 5968 5437 8918 5960 5435 8919 5968 5437 8920 5972 5438 8921 5957 5439 8922 5952 5440 8923 5964 5441 8924 5957 5439 8925 5964 5441 8926 5969 5442 8927 5911 5443 8928 5949 5444 8929 5961 5445 8930 5911 5443 8931 5961 5445 8932 5922 5446 8933 5950 5447 8934 5945 5448 8935 5959 5449 8936 5950 5447 8937 5959 5449 8938 5962 5450 8939 5944 5451 8940 5940 5452 8941 5954 5453 8942 5944 5451 8943 5954 5453 8944 5958 5454 8945 5904 5455 8946 5928 5456 8947 5948 5457 8948 5904 5455 8949 5948 5457 8950 5910 5458 8951 5929 5459 8952 5932 5460 8953 5946 5461 8954 5929 5459 8955 5946 5461 8956 5951 5462 8957 5933 5463 8958 5936 5464 8959 5942 5465 8960 5933 5463 8961 5942 5465 8962 5947 5466 8963 6008 5467 8964 5980 5468 8965 5987 5469 8966 6008 5467 8967 5987 5469 8968 6014 5470 8969 6013 5471 8970 5986 5472 8971 5998 5473 8972 6013 5471 8973 5998 5473 8974 6025 5474 8975 6026 5475 8976 5999 5476 8977 5993 5477 8978 6026 5475 8979 5993 5477 8980 6038 5478 8981 6037 5479 8982 5992 5480 8983 5981 5481 8984 6037 5479 8985 5981 5481 8986 6011 5482 8987 5982 5483 8988 5994 5483 8989 5988 5483 8990 5982 5484 8991 5988 5484 8992 5976 5484 8993 5997 20 8994 5985 20 8995 5979 20 8996 5997 20 8997 5979 20 8998 5991 20 8999 5989 5485 9000 6044 5486 9001 6002 5487 9002 5989 5488 9003 6002 5489 9004 5978 5490 9005 6045 5491 9006 6041 5492 9007 6007 5493 9008 6045 5491 9009 6007 5493 9010 6003 5494 9011 6040 5495 9012 6036 5496 9013 6010 5497 9014 6040 5495 9015 6010 5497 9016 6006 5498 9017 5996 5499 9018 6035 5499 9019 6047 5499 9020 5996 5500 9021 6047 5501 9022 5990 5502 9023 6034 5503 9024 6030 5504 9025 6042 5505 9026 6034 5503 9027 6042 5505 9028 6046 5506 9029 6031 5507 9030 6027 5508 9031 6039 5509 9032 6031 5507 9033 6039 5509 9034 6043 5510 9035 5983 5511 9036 6020 5512 9037 6032 5513 9038 5983 5514 9039 6032 5515 9040 5995 5516 9041 6021 5517 9042 6017 5518 9043 6029 5519 9044 6021 5517 9045 6029 5519 9046 6033 5520 9047 6016 5521 9048 6012 5522 9049 6024 5523 9050 6016 5521 9051 6024 5523 9052 6028 5524 9053 5977 5525 9054 6001 5526 9055 6023 5527 9056 5977 5528 9057 6023 5529 9058 5984 5530 9059 6000 5531 9060 6004 5532 9061 6018 5533 9062 6000 5531 9063 6018 5533 9064 6022 5534 9065 6005 5535 9066 6009 5536 9067 6015 5537 9068 6005 5535 9069 6015 5537 9070 6019 5538 9071 6080 5539 9072 6052 5540 9073 6059 5541 9074 6080 5539 9075 6059 5541 9076 6086 5542 9077 6085 5543 9078 6058 5544 9079 6070 5545 9080 6085 5543 9081 6070 5545 9082 6097 5546 9083 6099 5547 9084 6071 5548 9085 6065 5549 9086 6099 5547 9087 6065 5549 9088 6111 5550 9089 6109 5551 9090 6064 5552 9091 6053 5553 9092 6109 5551 9093 6053 5553 9094 6083 5554 9095 6054 5555 9096 6066 5555 9097 6060 5555 9098 6054 5556 9099 6060 5556 9100 6048 5556 9101 6069 5557 9102 6057 5557 9103 6051 5557 9104 6069 5558 9105 6051 5558 9106 6063 5558 9107 6061 5559 9108 6117 5560 9109 6075 5561 9110 6061 5559 9111 6075 5561 9112 6050 5562 9113 6116 5563 9114 6113 5564 9115 6079 5565 9116 6116 5563 9117 6079 5565 9118 6074 5566 9119 6112 5567 9120 6108 5568 9121 6082 5569 9122 6112 5567 9123 6082 5569 9124 6078 5570 9125 6068 5571 9126 6107 5572 9127 6119 5573 9128 6068 5571 9129 6119 5573 9130 6062 5574 9131 6106 5575 9132 6103 5576 9133 6115 5577 9134 6106 5575 9135 6115 5577 9136 6118 5578 9137 6102 5579 9138 6098 5580 9139 6110 5581 9140 6102 5579 9141 6110 5581 9142 6114 5582 9143 6055 5583 9144 6093 5584 9145 6105 5585 9146 6055 5583 9147 6105 5585 9148 6067 5586 9149 6092 5587 9150 6089 5588 9151 6101 5589 9152 6092 5587 9153 6101 5589 9154 6104 5590 9155 6088 5591 9156 6084 5592 9157 6096 5593 9158 6088 5591 9159 6096 5593 9160 6100 5594 9161 6049 5595 9162 6073 5596 9163 6095 5597 9164 6049 5595 9165 6095 5597 9166 6056 5598 9167 6072 5599 9168 6077 5600 9169 6091 5601 9170 6072 5599 9171 6091 5601 9172 6094 5602 9173 6076 5603 9174 6081 5604 9175 6087 5605 9176 6076 5603 9177 6087 5605 9178 6090 5606 9179 6152 5607 9180 6124 5607 9181 6130 5607 9182 6152 5608 9183 6130 5608 9184 6156 5608 9185 6159 5609 9186 6131 5609 9187 6143 5609 9188 6159 5610 9189 6143 5610 9190 6171 5610 9191 6168 5611 9192 6142 5611 9193 6137 5611 9194 6168 5612 9195 6137 5612 9196 6182 5612 9197 6180 5613 9198 6136 5613 9199 6125 5613 9200 6180 5614 9201 6125 5614 9202 6154 5614 9203 6126 5615 9204 6138 5615 9205 6132 5615 9206 6126 5616 9207 6132 5616 9208 6120 5616 9209 6141 5617 9210 6129 5617 9211 6123 5617 9212 6141 20 9213 6123 20 9214 6135 20 9215 6133 5618 9216 6188 5618 9217 6146 5618 9218 6133 5619 9219 6146 5620 9220 6122 5621 9221 6189 5622 9222 6184 5623 9223 6150 5624 9224 6189 5622 9225 6150 5624 9226 6147 5625 9227 6185 5626 9228 6181 5627 9229 6155 5628 9230 6185 5626 9231 6155 5628 9232 6151 5629 9233 6139 5630 9234 6177 5630 9235 6191 5630 9236 6139 5631 9237 6191 5632 9238 6134 5633 9239 6176 5634 9240 6172 5635 9241 6186 5636 9242 6176 5634 9243 6186 5636 9244 6190 5637 9245 6173 5638 9246 6169 5639 9247 6183 5640 9248 6173 5638 9249 6183 5640 9250 6187 5641 9251 6128 5642 9252 6167 5642 9253 6179 5642 9254 6128 5643 9255 6179 5644 9256 6140 5645 9257 6166 5646 9258 6162 5647 9259 6174 5648 9260 6166 5646 9261 6174 5648 9262 6178 5649 9263 6163 5650 9264 6158 5651 9265 6170 5652 9266 6163 5650 9267 6170 5652 9268 6175 5653 9269 6121 5654 9270 6145 5654 9271 6165 5654 9272 6121 5655 9273 6165 5656 9274 6127 5657 9275 6144 5658 9276 6148 5659 9277 6160 5660 9278 6144 5658 9279 6160 5660 9280 6164 5661 9281 6149 5662 9282 6153 5663 9283 6157 5664 9284 6149 5662 9285 6157 5664 9286 6161 5665 9287 6224 5666 9288 6196 5666 9289 6203 5666 9290 6224 5667 9291 6203 5667 9292 6230 5667 9293 6228 5668 9294 6202 5668 9295 6214 5668 9296 6228 5669 9297 6214 5669 9298 6240 5669 9299 6242 5670 9300 6215 5670 9301 6209 5670 9302 6242 5671 9303 6209 5671 9304 6254 5671 9305 6252 5672 9306 6208 5672 9307 6197 5672 9308 6252 5673 9309 6197 5673 9310 6226 5673 9311 6198 411 9312 6210 411 9313 6204 411 9314 6198 5674 9315 6204 5674 9316 6192 5674 9317 6213 5675 9318 6201 5675 9319 6195 5675 9320 6213 20 9321 6195 20 9322 6207 20 9323 6205 5676 9324 6260 5676 9325 6218 5676 9326 6205 5677 9327 6218 5678 9328 6194 5679 9329 6261 5680 9330 6256 5681 9331 6222 5682 9332 6261 5680 9333 6222 5682 9334 6219 5683 9335 6257 5684 9336 6253 5685 9337 6227 5686 9338 6257 5684 9339 6227 5686 9340 6223 5687 9341 6212 5688 9342 6251 5689 9343 6263 5690 9344 6212 5691 9345 6263 5692 9346 6206 5691 9347 6250 5693 9348 6246 5694 9349 6258 5695 9350 6250 5693 9351 6258 5695 9352 6262 5696 9353 6247 5697 9354 6243 5698 9355 6255 5699 9356 6247 5697 9357 6255 5699 9358 6259 5700 9359 6199 5701 9360 6237 5701 9361 6249 5701 9362 6199 5702 9363 6249 5703 9364 6211 5704 9365 6236 5705 9366 6232 5706 9367 6244 5707 9368 6236 5705 9369 6244 5707 9370 6248 5708 9371 6233 5709 9372 6229 5710 9373 6241 5711 9374 6233 5709 9375 6241 5711 9376 6245 5712 9377 6193 5713 9378 6217 5713 9379 6239 5713 9380 6193 5714 9381 6239 5715 9382 6200 5716 9383 6216 5717 9384 6220 5718 9385 6234 5719 9386 6216 5717 9387 6234 5719 9388 6238 5720 9389 6221 5721 9390 6225 5722 9391 6231 5723 9392 6221 5721 9393 6231 5723 9394 6235 5724 9395 6299 5725 9396 6269 5726 9397 6275 5727 9398 6299 5725 9399 6275 5727 9400 6303 5728 9401 6301 5729 9402 6274 5730 9403 6286 5731 9404 6301 5729 9405 6286 5731 9406 6313 5732 9407 6315 5733 9408 6287 5734 9409 6280 5735 9410 6315 5733 9411 6280 5735 9412 6325 5736 9413 6327 5737 9414 6281 5738 9415 6268 5739 9416 6327 5737 9417 6268 5739 9418 6297 5740 9419 6270 5741 9420 6282 5742 9421 6277 5743 9422 6270 5741 9423 6277 5743 9424 6265 5744 9425 6285 5745 9426 6273 5745 9427 6267 5745 9428 6285 5746 9429 6267 5746 9430 6279 5746 9431 6276 5747 9432 6334 5748 9433 6289 5749 9434 6276 5747 9435 6289 5749 9436 6264 5750 9437 6332 5751 9438 6328 5752 9439 6292 5753 9440 6332 5751 9441 6292 5753 9442 6288 5754 9443 6331 5755 9444 6326 5756 9445 6296 5757 9446 6331 5755 9447 6296 5757 9448 6293 5758 9449 6283 5759 9450 6321 5760 9451 6335 5761 9452 6283 5759 9453 6335 5761 9454 6278 5762 9455 6320 5763 9456 6317 5764 9457 6329 5765 9458 6320 5763 9459 6329 5765 9460 6333 5766 9461 6318 5767 9462 6314 5768 9463 6324 5769 9464 6318 5767 9465 6324 5769 9466 6330 5770 9467 6271 5771 9468 6309 5772 9469 6323 5773 9470 6271 5771 9471 6323 5773 9472 6284 5774 9473 6308 5775 9474 6305 5776 9475 6319 5777 9476 6308 5775 9477 6319 5777 9478 6322 5778 9479 6304 5779 9480 6300 5780 9481 6312 5781 9482 6304 5779 9483 6312 5781 9484 6316 5782 9485 6266 5783 9486 6291 5784 9487 6311 5785 9488 6266 5783 9489 6311 5785 9490 6272 5786 9491 6290 5787 9492 6294 5788 9493 6306 5789 9494 6290 5787 9495 6306 5789 9496 6310 5790 9497 6295 5791 9498 6298 5792 9499 6302 5793 9500 6295 5791 9501 6302 5793 9502 6307 5794 9503 6369 5795 9504 6340 5796 9505 6346 5797 9506 6369 5795 9507 6346 5797 9508 6373 5798 9509 6375 5799 9510 6347 5800 9511 6358 5801 9512 6375 5799 9513 6358 5801 9514 6385 5802 9515 6387 5803 9516 6359 5804 9517 6352 5805 9518 6387 5803 9519 6352 5805 9520 6397 5806 9521 6399 5807 9522 6353 5808 9523 6341 5809 9524 6399 5807 9525 6341 5809 9526 6371 5810 9527 6342 5811 9528 6355 5812 9529 6350 5813 9530 6342 5811 9531 6350 5813 9532 6337 5814 9533 6357 20 9534 6345 20 9535 6339 20 9536 6357 20 9537 6339 20 9538 6351 20 9539 6348 5815 9540 6406 5816 9541 6361 5817 9542 6348 5815 9543 6361 5817 9544 6336 5818 9545 6405 5819 9546 6401 5820 9547 6364 5821 9548 6405 5819 9549 6364 5821 9550 6360 5822 9551 6403 5823 9552 6398 5823 9553 6370 5823 9554 6403 5824 9555 6370 5824 9556 6367 5824 9557 6354 5825 9558 6393 5826 9559 6407 5827 9560 6354 5825 9561 6407 5827 9562 6349 5828 9563 6392 5829 9564 6388 5830 9565 6400 5831 9566 6392 5829 9567 6400 5831 9568 6404 5832 9569 6390 5833 9570 6386 5834 9571 6396 5835 9572 6390 5833 9573 6396 5835 9574 6402 5836 9575 6344 5837 9576 6383 5838 9577 6395 5839 9578 6344 5837 9579 6395 5839 9580 6356 5840 9581 6381 5841 9582 6379 5842 9583 6391 5843 9584 6381 5841 9585 6391 5843 9586 6394 5844 9587 6377 5845 9588 6374 5846 9589 6384 5847 9590 6377 5845 9591 6384 5847 9592 6389 5848 9593 6338 5849 9594 6363 5850 9595 6382 5851 9596 6338 5849 9597 6382 5851 9598 6343 5852 9599 6362 5853 9600 6366 5854 9601 6378 5855 9602 6362 5853 9603 6378 5855 9604 6380 5856 9605 6365 5857 9606 6368 5858 9607 6372 5859 9608 6365 5857 9609 6372 5859 9610 6376 5860 9611 6440 5861 9612 6412 5862 9613 6418 5863 9614 6440 5861 9615 6418 5863 9616 6444 5864 9617 6447 5865 9618 6419 5866 9619 6431 5867 9620 6447 5865 9621 6431 5867 9622 6459 5868 9623 6456 5869 9624 6430 5870 9625 6425 5871 9626 6456 5869 9627 6425 5871 9628 6470 5872 9629 6469 5873 9630 6424 5874 9631 6413 5875 9632 6469 5873 9633 6413 5875 9634 6443 5876 9635 6414 5877 9636 6426 5877 9637 6420 5877 9638 6414 411 9639 6420 411 9640 6408 411 9641 6429 2190 9642 6417 2190 9643 6411 2190 9644 6429 5878 9645 6411 5878 9646 6423 5878 9647 6421 5879 9648 6476 5879 9649 6434 5879 9650 6421 5880 9651 6434 5881 9652 6410 5882 9653 6477 5883 9654 6473 5884 9655 6439 5885 9656 6477 5883 9657 6439 5885 9658 6435 5886 9659 6472 5887 9660 6468 5888 9661 6442 5889 9662 6472 5887 9663 6442 5889 9664 6438 5890 9665 6427 5891 9666 6464 5892 9667 6478 5893 9668 6427 5894 9669 6478 5895 9670 6422 5896 9671 6465 5897 9672 6461 5898 9673 6475 5899 9674 6465 5897 9675 6475 5899 9676 6479 5900 9677 6460 5901 9678 6457 5902 9679 6471 5903 9680 6460 5901 9681 6471 5903 9682 6474 5904 9683 6416 5905 9684 6454 5905 9685 6466 5905 9686 6416 5906 9687 6466 5907 9688 6428 5908 9689 6455 5909 9690 6451 5910 9691 6463 5911 9692 6455 5909 9693 6463 5911 9694 6467 5912 9695 6450 5913 9696 6446 5914 9697 6458 5915 9698 6450 5913 9699 6458 5915 9700 6462 5916 9701 6409 5917 9702 6432 5918 9703 6452 5919 9704 6409 5917 9705 6452 5919 9706 6415 5920 9707 6433 5921 9708 6437 5922 9709 6449 5923 9710 6433 5921 9711 6449 5923 9712 6453 5924 9713 6436 5925 9714 6441 5926 9715 6445 5927 9716 6436 5925 9717 6445 5927 9718 6448 5928 9719 6513 5929 9720 6484 5930 9721 6490 5931 9722 6513 5929 9723 6490 5931 9724 6517 5932 9725 6519 5933 9726 6491 5934 9727 6503 5935 9728 6519 5933 9729 6503 5935 9730 6531 5936 9731 6529 5937 9732 6502 5938 9733 6497 5939 9734 6529 5937 9735 6497 5939 9736 6543 5940 9737 6541 5941 9738 6496 5942 9739 6485 5943 9740 6541 5941 9741 6485 5943 9742 6515 5944 9743 6486 5945 9744 6499 5945 9745 6493 5945 9746 6486 5946 9747 6493 5947 9748 6480 5948 9749 6501 20 9750 6489 20 9751 6483 20 9752 6501 20 9753 6483 20 9754 6495 20 9755 6494 5949 9756 6549 5950 9757 6505 5951 9758 6494 5949 9759 6505 5951 9760 6481 5952 9761 6550 5953 9762 6545 5954 9763 6511 5955 9764 6550 5953 9765 6511 5955 9766 6506 5956 9767 6544 5957 9768 6540 5958 9769 6514 5959 9770 6544 5957 9771 6514 5959 9772 6510 5960 9773 6498 5961 9774 6536 5962 9775 6548 5963 9776 6498 5961 9777 6548 5963 9778 6492 5964 9779 6537 5965 9780 6532 5966 9781 6546 5967 9782 6537 5965 9783 6546 5967 9784 6551 5968 9785 6533 5969 9786 6528 5970 9787 6542 5971 9788 6533 5969 9789 6542 5971 9790 6547 5972 9791 6488 5973 9792 6526 5974 9793 6538 5975 9794 6488 5973 9795 6538 5975 9796 6500 5976 9797 6527 5977 9798 6523 5978 9799 6535 5979 9800 6527 5977 9801 6535 5979 9802 6539 5980 9803 6522 5981 9804 6518 5982 9805 6530 5983 9806 6522 5981 9807 6530 5983 9808 6534 5984 9809 6482 5985 9810 6507 5986 9811 6525 5987 9812 6482 5985 9813 6525 5987 9814 6487 5988 9815 6504 5989 9816 6508 5990 9817 6520 5991 9818 6504 5989 9819 6520 5991 9820 6524 5992 9821 6509 5993 9822 6512 5994 9823 6516 5995 9824 6509 5993 9825 6516 5995 9826 6521 5996 9827 6587 5997 9828 6557 5998 9829 6562 5999 9830 6587 5997 9831 6562 5999 9832 6589 6000 9833 6591 6001 9834 6563 6002 9835 6575 6003 9836 6591 6001 9837 6575 6003 9838 6603 6004 9839 6600 6005 9840 6574 6006 9841 6568 6007 9842 6600 6005 9843 6568 6007 9844 6612 6008 9845 6615 6009 9846 6569 6010 9847 6556 6011 9848 6615 6009 9849 6556 6011 9850 6585 6012 9851 6558 411 9852 6570 411 9853 6564 411 9854 6558 411 9855 6564 411 9856 6552 411 9857 6573 6013 9858 6561 6013 9859 6555 6013 9860 6573 20 9861 6555 20 9862 6567 20 9863 6566 6014 9864 6622 6014 9865 6576 6014 9866 6566 6015 9867 6576 6016 9868 6553 6017 9869 6623 6018 9870 6619 6019 9871 6581 6020 9872 6623 6018 9873 6581 6020 9874 6577 6021 9875 6618 6022 9876 6614 6023 9877 6584 6024 9878 6618 6022 9879 6584 6024 9880 6580 6025 9881 6571 6026 9882 6609 6026 9883 6621 6026 9884 6571 6027 9885 6621 6028 9886 6565 6029 9887 6608 6030 9888 6604 6031 9889 6616 6032 9890 6608 6030 9891 6616 6032 9892 6620 6033 9893 6605 6034 9894 6601 6035 9895 6613 6036 9896 6605 6034 9897 6613 6036 9898 6617 6037 9899 6560 6038 9900 6598 6038 9901 6610 6038 9902 6560 6039 9903 6610 6040 9904 6572 6041 9905 6599 6042 9906 6595 6043 9907 6607 6044 9908 6599 6042 9909 6607 6044 9910 6611 6045 9911 6594 6046 9912 6590 6047 9913 6602 6048 9914 6594 6046 9915 6602 6048 9916 6606 6049 9917 6554 6050 9918 6579 6050 9919 6597 6050 9920 6554 6051 9921 6597 6052 9922 6559 6053 9923 6578 6054 9924 6582 6055 9925 6592 6056 9926 6578 6054 9927 6592 6056 9928 6596 6057 9929 6583 6058 9930 6586 6059 9931 6588 6060 9932 6583 6058 9933 6588 6060 9934 6593 6061 9935 6658 6062 9936 6629 6063 9937 6634 6064 9938 6658 6062 9939 6634 6064 9940 6660 6065 9941 6663 6066 9942 6635 6067 9943 6647 6068 9944 6663 6066 9945 6647 6068 9946 6675 6069 9947 6673 6070 9948 6646 6071 9949 6640 6072 9950 6673 6070 9951 6640 6072 9952 6685 6073 9953 6687 6074 9954 6641 6075 9955 6628 6076 9956 6687 6074 9957 6628 6076 9958 6657 6077 9959 6630 6078 9960 6642 6078 9961 6636 6078 9962 6630 6079 9963 6636 6079 9964 6624 6079 9965 6645 20 9966 6633 20 9967 6627 20 9968 6645 20 9969 6627 20 9970 6639 20 9971 6637 6080 9972 6693 6081 9973 6648 6082 9974 6637 6080 9975 6648 6082 9976 6625 6083 9977 6694 6084 9978 6691 6085 9979 6653 6086 9980 6694 6084 9981 6653 6086 9982 6649 6087 9983 6689 6088 9984 6686 6089 9985 6656 6090 9986 6689 6088 9987 6656 6090 9988 6652 6091 9989 6643 6092 9990 6681 6093 9991 6695 6094 9992 6643 6092 9993 6695 6094 9994 6638 6095 9995 6680 6096 9996 6677 6097 9997 6690 6098 9998 6680 6096 9999 6690 6098 10000 6692 6099 10001 6676 6100 10002 6672 6101 10003 6684 6102 10004 6676 6100 10005 6684 6102 10006 6688 6103 10007 6631 6104 10008 6669 6105 10009 6682 6106 10010 6631 6104 10011 6682 6106 10012 6644 6107 10013 6670 6108 10014 6667 6109 10015 6679 6110 10016 6670 6108 10017 6679 6110 10018 6683 6111 10019 6665 6112 10020 6662 6113 10021 6674 6114 10022 6665 6112 10023 6674 6114 10024 6678 6115 10025 6626 6116 10026 6651 6117 10027 6671 6118 10028 6626 6116 10029 6671 6118 10030 6632 6119 10031 6650 6120 10032 6655 6121 10033 6666 6122 10034 6650 6120 10035 6666 6122 10036 6668 6123 10037 6654 6124 10038 6659 6125 10039 6661 6126 10040 6654 6124 10041 6661 6126 10042 6664 6127 10043 6730 6128 10044 6701 6128 10045 6707 6128 10046 6730 6129 10047 6707 6129 10048 6734 6129 10049 6733 6130 10050 6706 6130 10051 6718 6130 10052 6733 6131 10053 6718 6131 10054 6745 6131 10055 6746 6132 10056 6719 6132 10057 6712 6132 10058 6746 6133 10059 6712 6133 10060 6756 6133 10061 6759 6134 10062 6713 6134 10063 6700 6134 10064 6759 6135 10065 6700 6135 10066 6729 6135 10067 6702 6136 10068 6714 6136 10069 6708 6136 10070 6702 6137 10071 6708 6137 10072 6696 6137 10073 6717 20 10074 6705 20 10075 6699 20 10076 6717 20 10077 6699 20 10078 6711 20 10079 6710 6138 10080 6766 6138 10081 6720 6138 10082 6710 6139 10083 6720 6140 10084 6697 6141 10085 6767 6142 10086 6762 6143 10087 6724 6144 10088 6767 6142 10089 6724 6144 10090 6721 6145 10091 6763 6146 10092 6758 6147 10093 6728 6148 10094 6763 6146 10095 6728 6148 10096 6725 6149 10097 6716 6150 10098 6755 6150 10099 6765 6150 10100 6716 6151 10101 6765 6152 10102 6709 6153 10103 6754 6154 10104 6750 6155 10105 6760 6156 10106 6754 6154 10107 6760 6156 10108 6764 6157 10109 6751 6158 10110 6747 6159 10111 6757 6160 10112 6751 6158 10113 6757 6160 10114 6761 6161 10115 6703 6162 10116 6741 6162 10117 6753 6162 10118 6703 6163 10119 6753 6164 10120 6715 6165 10121 6740 6166 10122 6736 6167 10123 6748 6168 10124 6740 6166 10125 6748 6168 10126 6752 6169 10127 6737 6170 10128 6732 6171 10129 6744 6172 10130 6737 6170 10131 6744 6172 10132 6749 6173 10133 6698 6174 10134 6723 6175 10135 6743 6176 10136 6698 6174 10137 6743 6176 10138 6704 6177 10139 6722 6178 10140 6726 6179 10141 6738 6180 10142 6722 6178 10143 6738 6180 10144 6742 6181 10145 6727 6182 10146 6731 6183 10147 6735 6184 10148 6727 6182 10149 6735 6184 10150 6739 6185 10151 6802 6186 10152 6773 6186 10153 6779 6186 10154 6802 6187 10155 6779 6187 10156 6806 6187 10157 6805 6188 10158 6778 6188 10159 6791 6188 10160 6805 6189 10161 6791 6189 10162 6819 6189 10163 6816 6190 10164 6790 6190 10165 6785 6190 10166 6816 6191 10167 6785 6191 10168 6830 6191 10169 6828 6192 10170 6784 6192 10171 6772 6192 10172 6828 6193 10173 6772 6193 10174 6800 6193 10175 6774 411 10176 6786 411 10177 6780 411 10178 6774 6194 10179 6780 6194 10180 6768 6194 10181 6789 6195 10182 6777 6195 10183 6771 6195 10184 6789 2507 10185 6771 2507 10186 6783 2507 10187 6781 6196 10188 6836 6196 10189 6792 6196 10190 6781 6197 10191 6792 6198 10192 6769 6199 10193 6837 6200 10194 6832 6201 10195 6796 6202 10196 6837 6200 10197 6796 6202 10198 6793 6203 10199 6833 6204 10200 6829 6205 10201 6801 6206 10202 6833 6204 10203 6801 6206 10204 6797 6207 10205 6787 6208 10206 6825 6209 10207 6839 6210 10208 6787 6211 10209 6839 6212 10210 6782 6212 10211 6824 6213 10212 6820 6214 10213 6834 6215 10214 6824 6213 10215 6834 6215 10216 6838 6216 10217 6821 6217 10218 6817 6218 10219 6831 6219 10220 6821 6217 10221 6831 6219 10222 6835 6220 10223 6775 6221 10224 6813 6221 10225 6827 6221 10226 6775 6222 10227 6827 6223 10228 6788 6224 10229 6812 6225 10230 6808 6226 10231 6822 6227 10232 6812 6225 10233 6822 6227 10234 6826 6228 10235 6809 6229 10236 6804 6230 10237 6818 6231 10238 6809 6229 10239 6818 6231 10240 6823 6232 10241 6770 6233 10242 6795 6233 10243 6815 6233 10244 6770 6234 10245 6815 6235 10246 6776 6236 10247 6794 6237 10248 6798 6238 10249 6810 6239 10250 6794 6237 10251 6810 6239 10252 6814 6240 10253 6799 6241 10254 6803 6242 10255 6807 6243 10256 6799 6241 10257 6807 6243 10258 6811 6244 10259 6873 6245 10260 6844 6246 10261 6851 6247 10262 6873 6245 10263 6851 6247 10264 6879 6248 10265 6876 6249 10266 6850 6250 10267 6862 6251 10268 6876 6249 10269 6862 6251 10270 6888 6252 10271 6891 6253 10272 6863 6254 10273 6857 6255 10274 6891 6253 10275 6857 6255 10276 6903 6256 10277 6900 6257 10278 6856 6258 10279 6845 6259 10280 6900 6257 10281 6845 6259 10282 6874 6260 10283 6848 6261 10284 6859 6262 10285 6853 6263 10286 6848 6261 10287 6853 6263 10288 6842 6264 10289 6861 20 10290 6849 20 10291 6843 20 10292 6861 6265 10293 6843 6265 10294 6855 6265 10295 6852 6266 10296 6910 6267 10297 6867 6268 10298 6852 6266 10299 6867 6268 10300 6841 6269 10301 6908 6270 10302 6905 6271 10303 6871 6272 10304 6908 6270 10305 6871 6272 10306 6866 6273 10307 6904 6274 10308 6901 6275 10309 6875 6276 10310 6904 6274 10311 6875 6276 10312 6870 6277 10313 6860 6278 10314 6899 6279 10315 6911 6280 10316 6860 6278 10317 6911 6280 10318 6854 6281 10319 6898 6282 10320 6894 6283 10321 6906 6284 10322 6898 6282 10323 6906 6284 10324 6909 6285 10325 6895 6286 10326 6890 6287 10327 6902 6288 10328 6895 6286 10329 6902 6288 10330 6907 6289 10331 6846 6290 10332 6886 6291 10333 6897 6292 10334 6846 6290 10335 6897 6292 10336 6858 6293 10337 6884 6294 10338 6881 6295 10339 6893 6296 10340 6884 6294 10341 6893 6296 10342 6896 6297 10343 6880 6298 10344 6877 6299 10345 6889 6300 10346 6880 6298 10347 6889 6300 10348 6892 6301 10349 6840 6302 10350 6865 6303 10351 6887 6304 10352 6840 6302 10353 6887 6304 10354 6847 6305 10355 6864 6306 10356 6868 6307 10357 6882 6308 10358 6864 6306 10359 6882 6308 10360 6885 6309 10361 6869 6310 10362 6872 6311 10363 6878 6312 10364 6869 6310 10365 6878 6312 10366 6883 6313 10367 6945 6314 10368 6916 6315 10369 6923 6316 10370 6945 6314 10371 6923 6316 10372 6951 6317 10373 6949 6318 10374 6922 6319 10375 6934 6320 10376 6949 6318 10377 6934 6320 10378 6961 6321 10379 6963 6322 10380 6935 6323 10381 6929 6324 10382 6963 6322 10383 6929 6324 10384 6975 6325 10385 6973 6326 10386 6928 6327 10387 6917 6328 10388 6973 6326 10389 6917 6328 10390 6947 6329 10391 6918 6330 10392 6931 6331 10393 6925 6332 10394 6918 6330 10395 6925 6332 10396 6912 6333 10397 6933 20 10398 6921 20 10399 6915 20 10400 6933 20 10401 6915 20 10402 6927 20 10403 6926 6334 10404 6983 6335 10405 6937 6336 10406 6926 6334 10407 6937 6336 10408 6913 6337 10409 6980 6338 10410 6976 6339 10411 6940 6340 10412 6980 6338 10413 6940 6340 10414 6936 6341 10415 6978 6342 10416 6972 6342 10417 6946 6342 10418 6978 6343 10419 6946 6343 10420 6942 6343 10421 6930 6344 10422 6969 6345 10423 6982 6346 10424 6930 6344 10425 6982 6346 10426 6924 6347 10427 6968 6348 10428 6964 6349 10429 6977 6350 10430 6968 6348 10431 6977 6350 10432 6981 6351 10433 6967 6352 10434 6962 6353 10435 6974 6354 10436 6967 6352 10437 6974 6354 10438 6979 6355 10439 6920 6356 10440 6959 6357 10441 6971 6358 10442 6920 6356 10443 6971 6358 10444 6932 6359 10445 6956 6360 10446 6954 6361 10447 6966 6362 10448 6956 6360 10449 6966 6362 10450 6970 6363 10451 6952 6364 10452 6948 6365 10453 6960 6366 10454 6952 6364 10455 6960 6366 10456 6965 6367 10457 6914 6368 10458 6939 6369 10459 6958 6370 10460 6914 6368 10461 6958 6370 10462 6919 6371 10463 6938 6372 10464 6943 6373 10465 6955 6374 10466 6938 6372 10467 6955 6374 10468 6957 6375 10469 6941 6376 10470 6944 6377 10471 6950 6378 10472 6941 6376 10473 6950 6378 10474 6953 6379 10475 7019 6380 10476 6989 4806 10477 6994 6381 10478 7019 6380 10479 6994 6381 10480 7021 6382 10481 7023 6383 10482 6995 6384 10483 7007 6385 10484 7023 6383 10485 7007 6385 10486 7035 6386 10487 7032 6387 10488 7006 6388 10489 7000 6389 10490 7032 6387 10491 7000 6389 10492 7044 6390 10493 7047 6391 10494 7001 6392 10495 6988 6393 10496 7047 6391 10497 6988 6393 10498 7017 6394 10499 6990 6395 10500 7002 6395 10501 6996 6395 10502 6990 411 10503 6996 411 10504 6984 411 10505 7005 6396 10506 6993 6396 10507 6987 6396 10508 7005 20 10509 6987 20 10510 6999 20 10511 6998 6397 10512 7054 6397 10513 7008 6397 10514 6998 6398 10515 7008 6399 10516 6985 6400 10517 7055 6401 10518 7051 6402 10519 7013 6403 10520 7055 6401 10521 7013 6403 10522 7009 6404 10523 7050 6405 10524 7046 6406 10525 7016 6407 10526 7050 6405 10527 7016 6407 10528 7012 6408 10529 7003 6409 10530 7041 6410 10531 7053 6411 10532 7003 6412 10533 7053 6413 10534 6997 6414 10535 7040 6415 10536 7036 6416 10537 7048 6417 10538 7040 6415 10539 7048 6417 10540 7052 6418 10541 7037 6419 10542 7033 6420 10543 7045 6421 10544 7037 6419 10545 7045 6421 10546 7049 6422 10547 6992 6423 10548 7030 6423 10549 7042 6423 10550 6992 6424 10551 7042 6425 10552 7004 6426 10553 7031 6427 10554 7027 6428 10555 7039 6429 10556 7031 6427 10557 7039 6429 10558 7043 6430 10559 7026 6431 10560 7022 6432 10561 7034 6433 10562 7026 6431 10563 7034 6433 10564 7038 4858 10565 6986 6434 10566 7011 6434 10567 7029 6434 10568 6986 6435 10569 7029 6436 10570 6991 6437 10571 7010 6438 10572 7014 6439 10573 7024 6440 10574 7010 6438 10575 7024 6440 10576 7028 6441 10577 7015 6442 10578 7018 6443 10579 7020 6444 10580 7015 6442 10581 7020 6444 10582 7025 6445 10583 7090 6446 10584 7061 6447 10585 7066 6448 10586 7090 6446 10587 7066 6448 10588 7092 6449 10589 7095 6450 10590 7067 6451 10591 7079 6452 10592 7095 6450 10593 7079 6452 10594 7107 6453 10595 7105 6454 10596 7078 6455 10597 7072 6456 10598 7105 6454 10599 7072 6456 10600 7117 6457 10601 7119 6458 10602 7073 6459 10603 7060 6460 10604 7119 6458 10605 7060 6460 10606 7089 6461 10607 7062 6462 10608 7074 6463 10609 7068 6464 10610 7062 6465 10611 7068 6465 10612 7056 6465 10613 7077 4889 10614 7065 4889 10615 7059 4889 10616 7077 6466 10617 7059 6466 10618 7071 6466 10619 7070 6467 10620 7126 6468 10621 7080 6469 10622 7070 6467 10623 7080 6469 10624 7057 6470 10625 7127 6471 10626 7123 6472 10627 7085 6473 10628 7127 6471 10629 7085 6473 10630 7081 6474 10631 7122 6475 10632 7118 6476 10633 7088 6477 10634 7122 6475 10635 7088 6477 10636 7084 6478 10637 7075 6479 10638 7113 6480 10639 7125 6481 10640 7075 6479 10641 7125 6481 10642 7069 6482 10643 7112 6483 10644 7109 6484 10645 7121 6485 10646 7112 6483 10647 7121 6485 10648 7124 6486 10649 7108 6487 10650 7104 6488 10651 7116 6489 10652 7108 6487 10653 7116 6489 10654 7120 6490 10655 7064 6491 10656 7102 6492 10657 7114 6493 10658 7064 6491 10659 7114 6493 10660 7076 6494 10661 7103 6495 10662 7099 6496 10663 7111 6497 10664 7103 6495 10665 7111 6497 10666 7115 6498 10667 7098 6499 10668 7094 6500 10669 7106 6501 10670 7098 6499 10671 7106 6501 10672 7110 6502 10673 7058 6503 10674 7083 6504 10675 7101 6505 10676 7058 6503 10677 7101 6505 10678 7063 6506 10679 7082 6507 10680 7087 6508 10681 7097 6509 10682 7082 6507 10683 7097 6509 10684 7100 6510 10685 7086 6511 10686 7091 6512 10687 7093 6513 10688 7086 6511 10689 7093 6513 10690 7096 6514 10691 7162 6515 10692 7133 6516 10693 7139 6517 10694 7162 6515 10695 7139 6517 10696 7166 6518 10697 7165 6519 10698 7138 6520 10699 7151 6521 10700 7165 6522 10701 7151 6523 10702 7179 6524 10703 7176 6525 10704 7150 6526 10705 7145 6527 10706 7176 6525 10707 7145 6527 10708 7190 6528 10709 7189 6529 10710 7144 6530 10711 7132 6531 10712 7189 6529 10713 7132 6531 10714 7161 6532 10715 7134 6533 10716 7146 6533 10717 7140 6533 10718 7134 6534 10719 7140 6534 10720 7128 6534 10721 7149 20 10722 7137 20 10723 7131 20 10724 7149 4957 10725 7131 4957 10726 7143 4957 10727 7141 6535 10728 7196 6535 10729 7152 6535 10730 7141 6536 10731 7152 6537 10732 7129 6538 10733 7197 6539 10734 7193 6540 10735 7157 6541 10736 7197 6539 10737 7157 6541 10738 7153 6542 10739 7192 6543 10740 7188 6544 10741 7160 6545 10742 7192 6543 10743 7160 6545 10744 7156 6546 10745 7147 6547 10746 7185 6548 10747 7199 6549 10748 7147 6550 10749 7199 6551 10750 7142 6552 10751 7184 6553 10752 7180 6554 10753 7194 6555 10754 7184 6553 10755 7194 6555 10756 7198 6556 10757 7181 6557 10758 7177 6558 10759 7191 6559 10760 7181 6557 10761 7191 6559 10762 7195 6560 10763 7135 6561 10764 7172 6561 10765 7186 6561 10766 7135 6562 10767 7186 6563 10768 7148 6564 10769 7173 6565 10770 7169 6566 10771 7183 6567 10772 7173 6565 10773 7183 6567 10774 7187 6568 10775 7168 6569 10776 7164 6570 10777 7178 6571 10778 7168 6569 10779 7178 6571 10780 7182 6572 10781 7130 6573 10782 7154 6573 10783 7174 6573 10784 7130 6574 10785 7174 6575 10786 7136 6576 10787 7155 6577 10788 7158 6578 10789 7170 6579 10790 7155 6577 10791 7170 6579 10792 7175 6580 10793 7159 6581 10794 7163 6582 10795 7167 6583 10796 7159 6581 10797 7167 6583 10798 7171 6584 10799 7235 6585 10800 7205 6586 10801 7211 6587 10802 7235 6585 10803 7211 6587 10804 7239 6588 10805 7237 6589 10806 7210 6590 10807 7223 6591 10808 7237 6589 10809 7223 6591 10810 7251 6592 10811 7249 6593 10812 7222 6594 10813 7217 6595 10814 7249 6593 10815 7217 6595 10816 7263 6596 10817 7261 6597 10818 7216 6598 10819 7204 6599 10820 7261 6597 10821 7204 6599 10822 7233 6600 10823 7206 6601 10824 7219 6601 10825 7214 6601 10826 7206 6602 10827 7214 6602 10828 7201 6602 10829 7221 6603 10830 7209 6603 10831 7203 6603 10832 7221 6604 10833 7203 6604 10834 7215 6604 10835 7212 6605 10836 7269 6606 10837 7225 6607 10838 7212 6605 10839 7225 6607 10840 7200 6608 10841 7268 6609 10842 7265 6610 10843 7229 6611 10844 7268 6609 10845 7229 6611 10846 7224 6612 10847 7264 6613 10848 7260 6614 10849 7232 6615 10850 7264 6613 10851 7232 6615 10852 7228 6616 10853 7218 6617 10854 7256 6618 10855 7270 6619 10856 7218 6617 10857 7270 6619 10858 7213 6620 10859 7257 6621 10860 7252 6622 10861 7266 6623 10862 7257 6621 10863 7266 6623 10864 7271 6624 10865 7253 6625 10866 7248 6626 10867 7262 6627 10868 7253 6625 10869 7262 6627 10870 7267 6628 10871 7207 6629 10872 7245 6630 10873 7259 6631 10874 7207 6629 10875 7259 6631 10876 7220 6632 10877 7244 6633 10878 7241 6634 10879 7255 6635 10880 7244 6633 10881 7255 6635 10882 7258 6636 10883 7240 6637 10884 7236 6638 10885 7250 6639 10886 7240 6637 10887 7250 6639 10888 7254 6640 10889 7202 6641 10890 7226 6642 10891 7246 6643 10892 7202 6641 10893 7246 6643 10894 7208 6644 10895 7227 6645 10896 7230 6646 10897 7242 6647 10898 7227 6645 10899 7242 6647 10900 7247 6648 10901 7231 6649 10902 7234 6650 10903 7238 6651 10904 7231 6649 10905 7238 6651 10906 7243 6652 10907 7304 6653 10908 7276 6653 10909 7283 6653 10910 7304 6654 10911 7283 6654 10912 7310 6654 10913 7309 6655 10914 7282 6655 10915 7295 6655 10916 7309 6656 10917 7295 6656 10918 7323 6656 10919 7320 6657 10920 7294 6657 10921 7288 6657 10922 7320 6658 10923 7288 6658 10924 7332 6658 10925 7334 6659 10926 7289 6659 10927 7277 6659 10928 7334 6660 10929 7277 6660 10930 7306 6660 10931 7278 6661 10932 7290 6661 10933 7284 6661 10934 7278 411 10935 7284 411 10936 7272 411 10937 7293 6662 10938 7281 6662 10939 7275 6662 10940 7293 20 10941 7275 20 10942 7287 20 10943 7286 6663 10944 7342 6663 10945 7298 6663 10946 7286 6664 10947 7298 6665 10948 7274 6666 10949 7343 6667 10950 7338 6668 10951 7302 6669 10952 7343 6667 10953 7302 6669 10954 7299 6670 10955 7339 6671 10956 7335 6672 10957 7307 6673 10958 7339 6671 10959 7307 6673 10960 7303 6674 10961 7291 6675 10962 7329 6676 10963 7341 6677 10964 7291 6678 10965 7341 6679 10966 7285 6680 10967 7328 6681 10968 7324 6682 10969 7336 6683 10970 7328 6681 10971 7336 6683 10972 7340 6684 10973 7325 6685 10974 7321 6686 10975 7333 6687 10976 7325 6685 10977 7333 6687 10978 7337 6688 10979 7279 6689 10980 7317 6689 10981 7331 6689 10982 7279 6690 10983 7331 6691 10984 7292 6692 10985 7316 6693 10986 7312 6694 10987 7326 6695 10988 7316 6693 10989 7326 6695 10990 7330 6696 10991 7313 6697 10992 7308 6698 10993 7322 6699 10994 7313 6697 10995 7322 6699 10996 7327 6700 10997 7273 6701 10998 7297 6701 10999 7319 6701 11000 7273 6702 11001 7319 6703 11002 7280 6704 11003 7296 6705 11004 7300 6706 11005 7314 6707 11006 7296 6705 11007 7314 6707 11008 7318 6708 11009 7301 6709 11010 7305 6710 11011 7311 6711 11012 7301 6709 11013 7311 6711 11014 7315 6712 11015 7378 6713 11016 7349 6713 11017 7355 6713 11018 7378 6714 11019 7355 6714 11020 7382 6714 11021 7381 6715 11022 7354 6715 11023 7366 6715 11024 7381 6716 11025 7366 6716 11026 7393 6716 11027 7394 6717 11028 7367 6717 11029 7360 6717 11030 7394 6718 11031 7360 6718 11032 7404 6718 11033 7406 6719 11034 7361 6719 11035 7348 6719 11036 7406 6720 11037 7348 6720 11038 7376 6720 11039 7350 6721 11040 7362 6721 11041 7356 6721 11042 7350 6722 11043 7356 6722 11044 7344 6722 11045 7365 20 11046 7353 20 11047 7347 20 11048 7365 6723 11049 7347 6723 11050 7359 6723 11051 7358 6724 11052 7415 6724 11053 7369 6724 11054 7358 6725 11055 7369 6726 11056 7345 6727 11057 7414 6728 11058 7410 6729 11059 7372 6730 11060 7414 6728 11061 7372 6730 11062 7368 6731 11063 7411 6732 11064 7407 6733 11065 7377 6734 11066 7411 6735 11067 7377 6736 11068 7373 6737 11069 7364 6738 11070 7403 6738 11071 7413 6738 11072 7364 6739 11073 7413 6740 11074 7357 6741 11075 7402 6742 11076 7398 6743 11077 7408 6744 11078 7402 6742 11079 7408 6744 11080 7412 6745 11081 7399 6746 11082 7395 6747 11083 7405 6748 11084 7399 6746 11085 7405 6748 11086 7409 6749 11087 7351 6750 11088 7389 6751 11089 7401 6752 11090 7351 6753 11091 7401 6754 11092 7363 6755 11093 7388 6756 11094 7384 6757 11095 7396 6758 11096 7388 6756 11097 7396 6758 11098 7400 6759 11099 7385 6760 11100 7380 6761 11101 7392 6762 11102 7385 6760 11103 7392 6762 11104 7397 6763 11105 7346 6764 11106 7371 6765 11107 7391 6766 11108 7346 6767 11109 7391 6768 11110 7352 6769 11111 7370 6770 11112 7374 6771 11113 7386 6772 11114 7370 6770 11115 7386 6772 11116 7390 6773 11117 7375 6774 11118 7379 6775 11119 7383 6776 11120 7375 6774 11121 7383 6776 11122 7387 6777 11123 7451 6778 11124 7421 6779 11125 7426 6780 11126 7451 6778 11127 7426 6780 11128 7453 6781 11129 7455 6782 11130 7427 6783 11131 7438 6784 11132 7455 6782 11133 7438 6784 11134 7465 6785 11135 7467 6786 11136 7439 6787 11137 7433 6788 11138 7467 6786 11139 7433 6788 11140 7479 6789 11141 7476 6790 11142 7432 6791 11143 7420 6792 11144 7476 6790 11145 7420 6792 11146 7448 6793 11147 7424 6794 11148 7435 6795 11149 7429 6796 11150 7424 6794 11151 7429 6796 11152 7418 6797 11153 7437 20 11154 7425 20 11155 7419 20 11156 7437 20 11157 7419 20 11158 7431 20 11159 7428 6798 11160 7485 6799 11161 7443 6800 11162 7428 6798 11163 7443 6800 11164 7417 6801 11165 7484 6802 11166 7480 6803 11167 7444 6804 11168 7484 6802 11169 7444 6804 11170 7440 6805 11171 7481 6806 11172 7477 6807 11173 7449 6808 11174 7481 6806 11175 7449 6808 11176 7446 6809 11177 7436 6810 11178 7475 6811 11179 7487 6812 11180 7436 6810 11181 7487 6812 11182 7430 6813 11183 7474 6814 11184 7469 6815 11185 7482 6816 11186 7474 6814 11187 7482 6816 11188 7486 6817 11189 7471 6818 11190 7466 6819 11191 7478 6820 11192 7471 6818 11193 7478 6820 11194 7483 6821 11195 7423 6822 11196 7462 6823 11197 7472 6824 11198 7423 6822 11199 7472 6824 11200 7434 6825 11201 7463 6826 11202 7458 6827 11203 7468 6828 11204 7463 6826 11205 7468 6828 11206 7473 6829 11207 7459 6830 11208 7454 6831 11209 7464 6832 11210 7459 6830 11211 7464 6832 11212 7470 6833 11213 7416 6834 11214 7442 6835 11215 7461 6836 11216 7416 6834 11217 7461 6836 11218 7422 6837 11219 7441 6838 11220 7445 6839 11221 7456 6840 11222 7441 6838 11223 7456 6840 11224 7460 6841 11225 7447 6842 11226 7450 6843 11227 7452 6844 11228 7447 6842 11229 7452 6844 11230 7457 6845 11231 7523 6846 11232 7493 6847 11233 7499 6848 11234 7523 6846 11235 7499 6848 11236 7527 6849 11237 7524 6850 11238 7498 6851 11239 7510 6852 11240 7524 6850 11241 7510 6852 11242 7536 6853 11243 7539 6854 11244 7511 6855 11245 7504 6856 11246 7539 6854 11247 7504 6856 11248 7549 6857 11249 7550 6858 11250 7505 6859 11251 7492 6860 11252 7550 6858 11253 7492 6860 11254 7520 6861 11255 7496 6862 11256 7508 6863 11257 7501 6864 11258 7496 6862 11259 7501 6864 11260 7489 6865 11261 7509 6866 11262 7497 6866 11263 7491 6866 11264 7509 6867 11265 7491 6867 11266 7503 6867 11267 7502 6868 11268 7559 6869 11269 7515 6870 11270 7502 6868 11271 7515 6870 11272 7490 6871 11273 7556 6872 11274 7553 6873 11275 7517 6874 11276 7556 6872 11277 7517 6874 11278 7514 6875 11279 7555 6876 11280 7551 6876 11281 7521 6876 11282 7555 6877 11283 7521 6877 11284 7518 6877 11285 7507 6878 11286 7546 6879 11287 7557 6880 11288 7507 6878 11289 7557 6880 11290 7500 6881 11291 7547 6882 11292 7543 6883 11293 7554 6884 11294 7547 6882 11295 7554 6884 11296 7558 6885 11297 7541 6886 11298 7538 6887 11299 7548 6888 11300 7541 6886 11301 7548 6888 11302 7552 6889 11303 7495 6890 11304 7534 6891 11305 7544 6892 11306 7495 6890 11307 7544 6892 11308 7506 6893 11309 7535 6894 11310 7530 6895 11311 7542 6896 11312 7535 6894 11313 7542 6896 11314 7545 6897 11315 7529 6898 11316 7525 6899 11317 7537 6900 11318 7529 6898 11319 7537 6900 11320 7540 6901 11321 7488 6902 11322 7512 6903 11323 7532 6904 11324 7488 6902 11325 7532 6904 11326 7494 6905 11327 7513 6906 11328 7516 6907 11329 7528 6908 11330 7513 6906 11331 7528 6908 11332 7533 6909 11333 7519 6910 11334 7522 6911 11335 7526 6912 11336 7519 6910 11337 7526 6912 11338 7531 6913 11339 7592 6914 11340 7564 6915 11341 7571 6916 11342 7592 6914 11343 7571 6916 11344 7598 6917 11345 7597 6918 11346 7570 6919 11347 7582 6920 11348 7597 6918 11349 7582 6920 11350 7609 6921 11351 7610 6922 11352 7583 6923 11353 7577 6924 11354 7610 6922 11355 7577 6924 11356 7622 6925 11357 7621 6926 11358 7576 6927 11359 7565 6928 11360 7621 6926 11361 7565 6928 11362 7595 6929 11363 7566 411 11364 7578 411 11365 7572 411 11366 7566 6930 11367 7572 6930 11368 7560 6930 11369 7581 6931 11370 7569 6931 11371 7563 6931 11372 7581 6932 11373 7563 6932 11374 7575 6932 11375 7573 6933 11376 7628 6934 11377 7586 6935 11378 7573 6933 11379 7586 6935 11380 7562 6936 11381 7629 6937 11382 7625 6938 11383 7591 6939 11384 7629 6937 11385 7591 6939 11386 7587 6940 11387 7624 6941 11388 7620 6942 11389 7594 6943 11390 7624 6941 11391 7594 6943 11392 7590 6944 11393 7580 6945 11394 7619 6945 11395 7631 6945 11396 7580 6946 11397 7631 6947 11398 7574 6948 11399 7618 6949 11400 7614 6950 11401 7626 6951 11402 7618 6949 11403 7626 6951 11404 7630 6952 11405 7615 6953 11406 7611 6954 11407 7623 6955 11408 7615 6953 11409 7623 6955 11410 7627 6956 11411 7567 6957 11412 7604 6958 11413 7616 6959 11414 7567 6957 11415 7616 6959 11416 7579 6960 11417 7605 6961 11418 7601 6962 11419 7613 6963 11420 7605 6961 11421 7613 6963 11422 7617 6964 11423 7600 6965 11424 7596 6966 11425 7608 6967 11426 7600 6965 11427 7608 6967 11428 7612 6968 11429 7561 6969 11430 7585 6969 11431 7607 6969 11432 7561 6970 11433 7607 6971 11434 7568 6972 11435 7584 6973 11436 7588 6974 11437 7602 6975 11438 7584 6973 11439 7602 6975 11440 7606 6976 11441 7589 6977 11442 7593 6978 11443 7599 6979 11444 7589 6977 11445 7599 6979 11446 7603 6980 11447 7664 6981 11448 7636 6982 11449 7643 6983 11450 7664 6981 11451 7643 6983 11452 7670 6984 11453 7669 6985 11454 7642 6986 11455 7654 6987 11456 7669 6985 11457 7654 6987 11458 7681 6988 11459 7683 6989 11460 7655 6990 11461 7649 6991 11462 7683 6989 11463 7649 6991 11464 7695 6992 11465 7693 6993 11466 7648 6994 11467 7637 6995 11468 7693 6993 11469 7637 6995 11470 7667 6996 11471 7638 6997 11472 7650 6997 11473 7644 6997 11474 7638 6998 11475 7644 6998 11476 7632 6998 11477 7653 4889 11478 7641 4889 11479 7635 4889 11480 7653 1212 11481 7635 1212 11482 7647 1212 11483 7645 6999 11484 7701 7000 11485 7659 7001 11486 7645 6999 11487 7659 7001 11488 7634 7002 11489 7700 7003 11490 7697 7004 11491 7663 7005 11492 7700 7003 11493 7663 7005 11494 7658 7006 11495 7696 7007 11496 7692 7008 11497 7666 7009 11498 7696 7007 11499 7666 7009 11500 7662 7010 11501 7652 7011 11502 7691 7012 11503 7703 7013 11504 7652 7011 11505 7703 7013 11506 7646 7014 11507 7690 7015 11508 7687 7016 11509 7699 7017 11510 7690 7015 11511 7699 7017 11512 7702 7018 11513 7686 7019 11514 7682 7020 11515 7694 7021 11516 7686 7019 11517 7694 7021 11518 7698 7022 11519 7639 7023 11520 7677 7024 11521 7689 7025 11522 7639 7023 11523 7689 7025 11524 7651 7026 11525 7676 7027 11526 7673 7028 11527 7685 7029 11528 7676 7027 11529 7685 7029 11530 7688 7030 11531 7672 7031 11532 7668 7032 11533 7680 7033 11534 7672 7031 11535 7680 7033 11536 7684 7034 11537 7633 7035 11538 7657 7036 11539 7679 7037 11540 7633 7035 11541 7679 7037 11542 7640 7038 11543 7656 7039 11544 7660 7040 11545 7674 7041 11546 7656 7039 11547 7674 7041 11548 7678 7042 11549 7661 7043 11550 7665 7044 11551 7671 7045 11552 7661 7043 11553 7671 7045 11554 7675 7046 11555 7738 7047 11556 7709 7048 11557 7714 7049 11558 7738 7047 11559 7714 7049 11560 7740 7050 11561 7743 7051 11562 7715 7052 11563 7726 7053 11564 7743 7051 11565 7726 7053 11566 7753 7054 11567 7754 7055 11568 7727 7056 11569 7721 7057 11570 7754 7055 11571 7721 7057 11572 7766 7058 11573 7765 7059 11574 7720 7060 11575 7708 7061 11576 7765 7059 11577 7708 7061 11578 7737 7062 11579 7710 411 11580 7722 411 11581 7716 411 11582 7710 411 11583 7716 411 11584 7704 411 11585 7725 7063 11586 7713 7063 11587 7707 7063 11588 7725 20 11589 7707 20 11590 7719 20 11591 7717 7064 11592 7772 7064 11593 7728 7065 11594 7717 7066 11595 7728 7067 11596 7705 7068 11597 7773 7069 11598 7769 7070 11599 7733 7071 11600 7773 7069 11601 7733 7071 11602 7729 7072 11603 7768 7073 11604 7764 7074 11605 7736 7075 11606 7768 7073 11607 7736 7075 11608 7732 7076 11609 7724 7077 11610 7762 7078 11611 7774 7078 11612 7724 7079 11613 7774 7080 11614 7718 7081 11615 7763 7082 11616 7759 7083 11617 7771 7084 11618 7763 7082 11619 7771 7084 11620 7775 7085 11621 7758 7086 11622 7755 7087 11623 7767 7088 11624 7758 7086 11625 7767 7088 11626 7770 7089 11627 7712 7090 11628 7751 7090 11629 7761 7090 11630 7712 7091 11631 7761 7092 11632 7723 7093 11633 7750 7094 11634 7747 7095 11635 7757 7096 11636 7750 7094 11637 7757 7096 11638 7760 7097 11639 7746 7098 11640 7742 7099 11641 7752 7100 11642 7746 7098 11643 7752 7100 11644 7756 7101 11645 7706 7102 11646 7730 7103 11647 7748 7104 11648 7706 7102 11649 7748 7104 11650 7711 7105 11651 7731 7106 11652 7735 7107 11653 7745 7108 11654 7731 7106 11655 7745 7108 11656 7749 7109 11657 7734 7110 11658 7739 7111 11659 7741 7112 11660 7734 7110 11661 7741 7112 11662 7744 7113 11663 7811 7114 11664 7781 7115 11665 7786 7116 11666 7811 7114 11667 7786 7116 11668 7813 7117 11669 7815 7118 11670 7787 7119 11671 7798 7120 11672 7815 7118 11673 7798 7120 11674 7825 7121 11675 7827 7122 11676 7799 7123 11677 7793 7124 11678 7827 7122 11679 7793 7124 11680 7839 7125 11681 7837 7126 11682 7792 7127 11683 7780 7128 11684 7837 7126 11685 7780 7128 11686 7809 7129 11687 7782 7130 11688 7794 7130 11689 7788 7130 11690 7782 7131 11691 7788 7131 11692 7776 7131 11693 7797 7132 11694 7785 7132 11695 7779 7132 11696 7797 7133 11697 7779 7133 11698 7791 7133 11699 7789 7134 11700 7844 7135 11701 7800 7136 11702 7789 7134 11703 7800 7136 11704 7777 7137 11705 7845 7138 11706 7840 7139 11707 7804 7140 11708 7845 7138 11709 7804 7140 11710 7802 7141 11711 7841 7142 11712 7836 7143 11713 7808 7144 11714 7841 7142 11715 7808 7144 11716 7805 7145 11717 7796 7146 11718 7833 7147 11719 7846 7148 11720 7796 7146 11721 7846 7148 11722 7790 7149 11723 7835 7150 11724 7830 7151 11725 7842 7152 11726 7835 7150 11727 7842 7152 11728 7847 7153 11729 7831 7154 11730 7826 7155 11731 7838 7156 11732 7831 7154 11733 7838 7156 11734 7843 7157 11735 7784 7158 11736 7822 7159 11737 7832 7160 11738 7784 7158 11739 7832 7160 11740 7795 7161 11741 7823 7162 11742 7819 7163 11743 7829 7164 11744 7823 7162 11745 7829 7164 11746 7834 7165 11747 7818 7166 11748 7814 7167 11749 7824 7168 11750 7818 7166 11751 7824 7168 11752 7828 7169 11753 7778 7170 11754 7801 7171 11755 7820 7172 11756 7778 7170 11757 7820 7172 11758 7783 7173 11759 7803 7174 11760 7806 7175 11761 7816 7176 11762 7803 7174 11763 7816 7176 11764 7821 7177 11765 7807 7178 11766 7810 7179 11767 7812 7180 11768 7807 7178 11769 7812 7180 11770 7817 7181 11771 7882 7182 11772 7853 7182 11773 7858 7182 11774 7882 7183 11775 7858 7183 11776 7884 7183 11777 7887 7184 11778 7859 7184 11779 7871 7184 11780 7887 7185 11781 7871 7185 11782 7899 7185 11783 7896 7186 11784 7870 7186 11785 7864 7186 11786 7896 7187 11787 7864 7187 11788 7908 7187 11789 7910 7188 11790 7865 7188 11791 7852 7188 11792 7910 7189 11793 7852 7189 11794 7880 7189 11795 7854 411 11796 7866 411 11797 7860 411 11798 7854 411 11799 7860 411 11800 7848 411 11801 7869 20 11802 7857 20 11803 7851 20 11804 7869 20 11805 7851 20 11806 7863 20 11807 7862 7190 11808 7918 7190 11809 7872 7190 11810 7862 7191 11811 7872 7192 11812 7849 7193 11813 7919 7194 11814 7914 7195 11815 7876 7196 11816 7919 7194 11817 7876 7196 11818 7873 7197 11819 7915 7198 11820 7911 7199 11821 7881 7200 11822 7915 7198 11823 7881 7200 11824 7877 7201 11825 7867 7202 11826 7904 7203 11827 7916 7204 11828 7867 7205 11829 7916 7206 11830 7861 7207 11831 7905 7208 11832 7900 7209 11833 7912 7210 11834 7905 7208 11835 7912 7210 11836 7917 7211 11837 7901 7212 11838 7897 7213 11839 7909 7214 11840 7901 7215 11841 7909 7216 11842 7913 7217 11843 7856 7218 11844 7895 7218 11845 7907 7218 11846 7856 7219 11847 7907 7220 11848 7868 7221 11849 7894 7222 11850 7890 7223 11851 7902 7224 11852 7894 7222 11853 7902 7224 11854 7906 7225 11855 7891 7226 11856 7886 7227 11857 7898 7228 11858 7891 7226 11859 7898 7228 11860 7903 7229 11861 7850 7230 11862 7875 7230 11863 7893 7230 11864 7850 7231 11865 7893 7232 11866 7855 7233 11867 7874 7234 11868 7878 7235 11869 7888 7236 11870 7874 7234 11871 7888 7236 11872 7892 7237 11873 7879 7238 11874 7883 7239 11875 7885 7240 11876 7879 7241 11877 7885 7242 11878 7889 7243 11879 7952 7244 11880 7924 7244 11881 7930 7244 11882 7952 7245 11883 7930 7245 11884 7956 7245 11885 7959 7246 11886 7931 7246 11887 7943 7246 11888 7959 7247 11889 7943 7247 11890 7971 7247 11891 7968 7248 11892 7942 7248 11893 7937 7248 11894 7968 7249 11895 7937 7249 11896 7982 7249 11897 7980 7250 11898 7936 7250 11899 7925 7250 11900 7980 7251 11901 7925 7251 11902 7954 7251 11903 7926 7252 11904 7938 7252 11905 7932 7252 11906 7926 7253 11907 7932 7253 11908 7920 7253 11909 7941 20 11910 7929 20 11911 7923 20 11912 7941 20 11913 7923 20 11914 7935 20 11915 7933 7254 11916 7988 7254 11917 7946 7254 11918 7933 7255 11919 7946 7256 11920 7922 7257 11921 7989 7258 11922 7984 7259 11923 7950 7260 11924 7989 7258 11925 7950 7260 11926 7947 7261 11927 7985 7262 11928 7981 7263 11929 7955 7264 11930 7985 7262 11931 7955 7264 11932 7951 7265 11933 7939 7266 11934 7977 7266 11935 7991 7266 11936 7939 7267 11937 7991 7268 11938 7934 7269 11939 7976 7270 11940 7972 7271 11941 7986 7272 11942 7976 7270 11943 7986 7272 11944 7990 7273 11945 7973 7274 11946 7969 7275 11947 7983 7276 11948 7973 7274 11949 7983 7276 11950 7987 7277 11951 7928 7278 11952 7967 7278 11953 7979 7278 11954 7928 7279 11955 7979 7280 11956 7940 7281 11957 7966 7282 11958 7962 7283 11959 7974 7284 11960 7966 7282 11961 7974 7284 11962 7978 7285 11963 7963 7286 11964 7958 7287 11965 7970 7288 11966 7963 7286 11967 7970 7288 11968 7975 7289 11969 7921 7290 11970 7945 7290 11971 7965 7290 11972 7921 7291 11973 7965 7292 11974 7927 7293 11975 7944 7294 11976 7948 7295 11977 7960 7296 11978 7944 7294 11979 7960 7296 11980 7964 7297 11981 7949 7298 11982 7953 7299 11983 7957 7300 11984 7949 7298 11985 7957 7300 11986 7961 7301 11987 8025 7302 11988 7996 7303 11989 8003 7304 11990 8025 7302 11991 8003 7304 11992 8031 7305 11993 8028 7306 11994 8002 7307 11995 8015 7308 11996 8028 7306 11997 8015 7308 11998 8042 7309 11999 8041 7310 12000 8014 7311 12001 8008 7312 12002 8041 7310 12003 8008 7312 12004 8053 7313 12005 8054 7314 12006 8009 7315 12007 7997 7316 12008 8054 7314 12009 7997 7316 12010 8026 7317 12011 8000 7318 12012 8012 7319 12013 8005 7320 12014 8000 7318 12015 8005 7320 12016 7993 7321 12017 8013 7322 12018 8001 7322 12019 7995 7322 12020 8013 20 12021 7995 20 12022 8007 20 12023 8006 7323 12024 8063 7324 12025 8019 7325 12026 8006 7323 12027 8019 7325 12028 7994 7326 12029 8062 7327 12030 8058 7328 12031 8022 7329 12032 8062 7327 12033 8022 7329 12034 8018 7330 12035 8059 7331 12036 8055 7332 12037 8027 7333 12038 8059 7331 12039 8027 7333 12040 8023 7334 12041 8011 7335 12042 8051 7336 12043 8061 7337 12044 8011 7335 12045 8061 7337 12046 8004 7338 12047 8050 7339 12048 8047 7340 12049 8057 7341 12050 8050 7339 12051 8057 7341 12052 8060 7342 12053 8044 7343 12054 8040 7344 12055 8052 7345 12056 8044 7343 12057 8052 7345 12058 8056 7346 12059 7999 7347 12060 8038 7348 12061 8049 7349 12062 7999 7347 12063 8049 7349 12064 8010 7350 12065 8037 7351 12066 8032 7352 12067 8045 7353 12068 8037 7351 12069 8045 7353 12070 8048 7354 12071 8033 7355 12072 8029 7356 12073 8043 7357 12074 8033 7355 12075 8043 7357 12076 8046 7358 12077 7992 7359 12078 8016 7360 12079 8036 7361 12080 7992 7359 12081 8036 7361 12082 7998 7362 12083 8017 7363 12084 8020 7364 12085 8034 7365 12086 8017 7363 12087 8034 7365 12088 8039 7366 12089 8021 7367 12090 8024 7368 12091 8030 7369 12092 8021 7367 12093 8030 7369 12094 8035 7370 12095</p>
        </triangles>
      </mesh>
    </geometry>
    <geometry id="Plane_001-mesh" name="Plane.001">
      <mesh>
        <source id="Plane_001-mesh-positions">
          <float_array id="Plane_001-mesh-positions-array" count="12">-1 -1 -0.07970315 1 -1 -0.07970315 -1 1 -0.07970315 1 1 -0.07970315</float_array>
          <technique_common>
            <accessor source="#Plane_001-mesh-positions-array" count="4" stride="3">
              <param name="X" type="float"/>
              <param name="Y" type="float"/>
              <param name="Z" type="float"/>
            </accessor>
          </technique_common>
        </source>
        <source id="Plane_001-mesh-normals">
          <float_array id="Plane_001-mesh-normals-array" count="3">0 0 1</float_array>
          <technique_common>
            <accessor source="#Plane_001-mesh-normals-array" count="1" stride="3">
              <param name="X" type="float"/>
              <param name="Y" type="float"/>
              <param name="Z" type="float"/>
            </accessor>
          </technique_common>
        </source>
        <source id="Plane_001-mesh-map-0">
          <float_array id="Plane_001-mesh-map-0-array" count="12">0 0 1 0 1 1 0 0 1 1 0 1</float_array>
          <technique_common>
            <accessor source="#Plane_001-mesh-map-0-array" count="6" stride="2">
              <param name="S" type="float"/>
              <param name="T" type="float"/>
            </accessor>
          </technique_common>
        </source>
        <vertices id="Plane_001-mesh-vertices">
          <input semantic="POSITION" source="#Plane_001-mesh-positions"/>
        </vertices>
        <triangles material="Material_001-material" count="2">
          <input semantic="VERTEX" source="#Plane_001-mesh-vertices" offset="0"/>
          <input semantic="NORMAL" source="#Plane_001-mesh-normals" offset="1"/>
          <input semantic="TEXCOORD" source="#Plane_001-mesh-map-0" offset="2" set="0"/>
          <p>0 0 0 1 0 1 3 0 2 0 0 3 3 0 4 2 0 5</p>
        </triangles>
      </mesh>
    </geometry>
  </library_geometries>
  <library_visual_scenes>
    <visual_scene id="Scene" name="Scene">
      <node id="Cube_007" name="Cube.007" type="NODE">
        <matrix sid="transform">1.875804 0.3809882 0 0.01710347 -0.3809882 1.875804 0 1.320486 0 0 1.914104 0.6688351 0 0 0 1</matrix>
        <instance_geometry url="#Cube_007-mesh" name="Cube.007">
          <bind_material>
            <technique_common>
              <instance_material symbol="Material_018-material" target="#Material_018-material">
                <bind_vertex_input semantic="UVMap" input_semantic="TEXCOORD" input_set="0"/>
              </instance_material>
            </technique_common>
          </bind_material>
        </instance_geometry>
      </node>
      <node id="Plane" name="Plane" type="NODE">
        <matrix sid="transform">0.9079713 0 0 -0.2180178 0 1.808709 0 -0.07988655 0 0 1.808709 0.1172592 0 0 0 1</matrix>
        <instance_geometry url="#Plane_001-mesh" name="Plane">
          <bind_material>
            <technique_common>
              <instance_material symbol="Material_001-material" target="#Material_001-material">
                <bind_vertex_input semantic="UVMap" input_semantic="TEXCOORD" input_set="0"/>
              </instance_material>
            </technique_common>
          </bind_material>
        </instance_geometry>
      </node>
      <node id="Camera" name="Camera" type="NODE">
        <matrix sid="transform">0.6859207 -0.3240135 0.6515582 7.358891 0.7276763 0.3054208 -0.6141704 -6.925791 0 0.8953956 0.4452714 4.958309 0 0 0 1</matrix>
        <instance_camera url="#Camera-camera"/>
      </node>
      <node id="Light" name="Light" type="NODE">
        <matrix sid="transform">-0.2908646 -0.7711008 0.5663932 4.076245 0.9551712 -0.1998834 0.2183912 1.005454 -0.05518906 0.6045247 0.7946723 5.903862 0 0 0 1</matrix>
        <instance_light url="#Light-light"/>
      </node>
    </visual_scene>
  </library_visual_scenes>
  <scene>
    <instance_visual_scene url="#Scene"/>
  </scene>
</COLLADA>